experiment_id,dataset_family,investigation_id,original_test_id,fuel_material,material_category,sample_description,oxygen_pct,pressure_mmhg,pressure_kpa,burn_time_s,extinction_outcome,extinction_diameter_mm,initial_diameter_mm,burning_rate_mms,airflow_velocity_cms,flame_temp_k,gravity_condition,ignition_power_w,ignition_time_s,co2_pct,co_ppm,test_date,source_name,source_url,notes
FLEX-001,FLEX,PSI-69,1,Methanol,Liquid Droplet,Droplet initial diameter: 1.69 mm,21.0,757.7,101.02,4.3,Disruption,0.89,1.69,0.52,0.0,1250.0,Microgravity (~0g),,,,,3/5/2009,NASA Physical Sciences Informatics (PSI),https://psi.nasa.gov/physci/repo/data/investigations/PSI-69,FLEX ID: 20CAL08. Extinction diameter: 0.89 mm. Burning rate: 0.52 mm/s.
FLEX-002,FLEX,PSI-69,2,Methanol,Liquid Droplet,Droplet initial diameter: 1.86 mm,21.0,762.0,101.59,5.0,Extinction,0.94,1.86,0.6,0.0,1400.0,Microgravity (~0g),,,,,3/5/2009,NASA Physical Sciences Informatics (PSI),https://psi.nasa.gov/physci/repo/data/investigations/PSI-69,FLEX ID: 20CAL10. Extinction diameter: 0.94 mm. Burning rate: 0.6 mm/s.
FLEX-003,FLEX,PSI-69,3,Methanol,Liquid Droplet,Droplet initial diameter: 1.61 mm,21.0,764.2,101.88,3.2,Extinction,0.92,1.61,0.58,0.0,1400.0,Microgravity (~0g),,,,,3/5/2009,NASA Physical Sciences Informatics (PSI),https://psi.nasa.gov/physci/repo/data/investigations/PSI-69,FLEX ID: 20CAL12. Extinction diameter: 0.92 mm. Burning rate: 0.58 mm/s.
FLEX-004,FLEX,PSI-69,4,Methanol,Liquid Droplet,Droplet initial diameter: 2.06 mm,21.0,760.0,101.32,7.64,Extinction,,2.06,0.6,0.0,1400.0,Microgravity (~0g),,,,,3/31/2009,NASA Physical Sciences Informatics (PSI),https://psi.nasa.gov/physci/repo/data/investigations/PSI-69,FLEX ID: 30CAL02. Extinction diameter: None mm. Burning rate: 0.6 mm/s.
FLEX-005,FLEX,PSI-69,5,Methanol,Liquid Droplet,Droplet initial diameter: 1.92 mm,21.0,760.0,101.32,6.34,Extinction,0.81,1.92,0.48,0.0,1400.0,Microgravity (~0g),,,,,3/31/2009,NASA Physical Sciences Informatics (PSI),https://psi.nasa.gov/physci/repo/data/investigations/PSI-69,FLEX ID: 30CAL03. Extinction diameter: 0.81 mm. Burning rate: 0.48 mm/s.
FLEX-006,FLEX,PSI-69,6,Methanol,Liquid Droplet,Droplet initial diameter: 2.54 mm,21.0,760.0,101.32,9.6,Extinction,1.53,2.54,0.51,0.0,1400.0,Microgravity (~0g),,,,,3/31/2009,NASA Physical Sciences Informatics (PSI),https://psi.nasa.gov/physci/repo/data/investigations/PSI-69,FLEX ID: 40CAL01. Extinction diameter: 1.53 mm. Burning rate: 0.51 mm/s.
FLEX-007,FLEX,PSI-69,7,Heptane,Liquid Droplet,Droplet initial diameter: 1.87 mm,21.0,761.3,101.5,5.3,Disruption,,1.87,0.67,0.0,1250.0,Microgravity (~0g),,,,,4/10/2009,NASA Physical Sciences Informatics (PSI),https://psi.nasa.gov/physci/repo/data/investigations/PSI-69,FLEX ID: 20CAL13. Extinction diameter: None mm. Burning rate: 0.67 mm/s.
FLEX-008,FLEX,PSI-69,8,Heptane,Liquid Droplet,Droplet initial diameter: 2.95 mm,21.0,762.4,101.64,14.8,Disruption,,2.95,0.79,0.0,1250.0,Microgravity (~0g),,,,,4/10/2009,NASA Physical Sciences Informatics (PSI),https://psi.nasa.gov/physci/repo/data/investigations/PSI-69,FLEX ID: 30CAL06. Extinction diameter: None mm. Burning rate: 0.79 mm/s.
FLEX-009,FLEX,PSI-69,9,Heptane,Liquid Droplet,Spherical droplet,21.0,760.0,101.32,,Disruption,,,,0.0,1250.0,Microgravity (~0g),,,,,4/10/2009,NASA Physical Sciences Informatics (PSI),https://psi.nasa.gov/physci/repo/data/investigations/PSI-69,FLEX ID: 30CAL07. Extinction diameter: None mm. Burning rate: None mm/s.
FLEX-010,FLEX,PSI-69,10,Methanol,Liquid Droplet,Droplet initial diameter: 3.86 mm,21.0,2319.7,309.27,13.6,Extinction,,3.86,0.37,0.0,1400.0,Microgravity (~0g),,,,,5/22/2009,NASA Physical Sciences Informatics (PSI),https://psi.nasa.gov/physci/repo/data/investigations/PSI-69,FLEX ID: 256F002. Extinction diameter: None mm. Burning rate: 0.37 mm/s.
FLEX-011,FLEX,PSI-69,11,Methanol,Liquid Droplet,Droplet initial diameter: 3.03 mm,21.0,2318.8,309.15,16.5,Extinction,,3.03,0.4,0.0,1400.0,Microgravity (~0g),,,,,5/22/2009,NASA Physical Sciences Informatics (PSI),https://psi.nasa.gov/physci/repo/data/investigations/PSI-69,FLEX ID: 256R001. Extinction diameter: None mm. Burning rate: 0.4 mm/s.
FLEX-012,FLEX,PSI-69,12,Heptane,Liquid Droplet,Droplet initial diameter: 2.74 mm,21.0,2319.9,309.29,,Disruption,,2.74,,0.0,1250.0,Microgravity (~0g),,,,,5/22/2009,NASA Physical Sciences Informatics (PSI),https://psi.nasa.gov/physci/repo/data/investigations/PSI-69,FLEX ID: 264F003. Extinction diameter: None mm. Burning rate: None mm/s.
FLEX-013,FLEX,PSI-69,13,Methanol,Liquid Droplet,Droplet initial diameter: 2.59 mm,21.0,2074.2,276.54,10.8,Extinction,,2.59,0.49,0.0,1400.0,Microgravity (~0g),,,,,6/25/2009,NASA Physical Sciences Informatics (PSI),https://psi.nasa.gov/physci/repo/data/investigations/PSI-69,FLEX ID: 256R002. Extinction diameter: None mm. Burning rate: 0.49 mm/s.
FLEX-014,FLEX,PSI-69,14,Methanol,Liquid Droplet,Droplet initial diameter: 3.7 mm,21.0,2055.6,274.06,11.3,Extinction,,3.7,,0.0,1400.0,Microgravity (~0g),,,,,6/29/2009,NASA Physical Sciences Informatics (PSI),https://psi.nasa.gov/physci/repo/data/investigations/PSI-69,FLEX ID: 256F007. Extinction diameter: None mm. Burning rate: None mm/s.
FLEX-015,FLEX,PSI-69,15,Methanol,Liquid Droplet,Droplet initial diameter: 4.42 mm,21.0,2066.6,275.52,23.1,Extinction,,4.42,,0.0,1400.0,Microgravity (~0g),,,,,6/29/2009,NASA Physical Sciences Informatics (PSI),https://psi.nasa.gov/physci/repo/data/investigations/PSI-69,FLEX ID: 256F008. Extinction diameter: None mm. Burning rate: None mm/s.
FLEX-016,FLEX,PSI-69,16,Methanol,Liquid Droplet,Droplet initial diameter: 1.66 mm,21.0,2072.1,276.26,3.4,Extinction,1.0,1.66,0.53,0.0,1400.0,Microgravity (~0g),,,,,6/29/2009,NASA Physical Sciences Informatics (PSI),https://psi.nasa.gov/physci/repo/data/investigations/PSI-69,FLEX ID: 256F009. Extinction diameter: 1.0 mm. Burning rate: 0.53 mm/s.
FLEX-017,FLEX,PSI-69,17,Methanol,Liquid Droplet,Droplet initial diameter: 2.67 mm,21.0,1545.7,206.08,2.4,Disruption,,2.67,,0.0,1250.0,Microgravity (~0g),,,,,7/1/2009,NASA Physical Sciences Informatics (PSI),https://psi.nasa.gov/physci/repo/data/investigations/PSI-69,FLEX ID: 240R003. Extinction diameter: None mm. Burning rate: None mm/s.
FLEX-018,FLEX,PSI-69,18,Heptane,Liquid Droplet,Droplet initial diameter: 2.74 mm,21.0,1553.8,207.16,8.1,Extinction,1.77,2.74,0.61,0.0,1400.0,Microgravity (~0g),,,,,7/1/2009,NASA Physical Sciences Informatics (PSI),https://psi.nasa.gov/physci/repo/data/investigations/PSI-69,FLEX ID: 248F001. Extinction diameter: 1.77 mm. Burning rate: 0.61 mm/s.
FLEX-019,FLEX,PSI-69,19,Heptane,Liquid Droplet,Droplet initial diameter: 3.39 mm,34.0,539.1,71.87,4.2,Disruption,,3.39,0.9,0.0,1250.0,Microgravity (~0g),,,,,8/26/2009,NASA Physical Sciences Informatics (PSI),https://psi.nasa.gov/physci/repo/data/investigations/PSI-69,FLEX ID: 196F001. Extinction diameter: None mm. Burning rate: 0.9 mm/s.
FLEX-020,FLEX,PSI-69,20,Methanol,Liquid Droplet,Droplet initial diameter: 3.4 mm,34.0,539.5,71.93,17.4,Completion,1.56,3.4,0.53,0.0,1400.0,Microgravity (~0g),,,,,10/24/09,NASA Physical Sciences Informatics (PSI),https://psi.nasa.gov/physci/repo/data/investigations/PSI-69,FLEX ID: 192F001. Extinction diameter: 1.56 mm. Burning rate: 0.53 mm/s.
FLEX-021,FLEX,PSI-69,21,Methanol,Liquid Droplet,Droplet initial diameter: 3.49 mm,34.0,540.6,72.07,17.8,Disruption,0.95,3.49,0.66,0.0,1250.0,Microgravity (~0g),,,,,10/24/09,NASA Physical Sciences Informatics (PSI),https://psi.nasa.gov/physci/repo/data/investigations/PSI-69,FLEX ID: 192F002. Extinction diameter: 0.95 mm. Burning rate: 0.66 mm/s.
FLEX-022,FLEX,PSI-69,22,Methanol,Liquid Droplet,Droplet initial diameter: 3.5 mm,34.0,540.5,72.06,18.2,Disruption,,3.5,0.65,0.0,1250.0,Microgravity (~0g),,,,,10/24/09,NASA Physical Sciences Informatics (PSI),https://psi.nasa.gov/physci/repo/data/investigations/PSI-69,FLEX ID: 192F003. Extinction diameter: None mm. Burning rate: 0.65 mm/s.
FLEX-023,FLEX,PSI-69,23,Heptane,Liquid Droplet,Droplet initial diameter: 3.01 mm,34.0,541.8,72.23,13.1,Disruption,,3.01,0.73,0.0,1250.0,Microgravity (~0g),,,,,10/24/09,NASA Physical Sciences Informatics (PSI),https://psi.nasa.gov/physci/repo/data/investigations/PSI-69,FLEX ID: 196F002. Extinction diameter: None mm. Burning rate: 0.73 mm/s.
FLEX-024,FLEX,PSI-69,24,Heptane,Liquid Droplet,Spherical droplet,34.0,542.8,72.37,,Disruption,,,,0.0,1250.0,Microgravity (~0g),,,,,10/24/09,NASA Physical Sciences Informatics (PSI),https://psi.nasa.gov/physci/repo/data/investigations/PSI-69,FLEX ID: 196F003. Extinction diameter: None mm. Burning rate: None mm/s.
FLEX-025,FLEX,PSI-69,25,Methanol,Liquid Droplet,Droplet initial diameter: 2.6 mm,30.0,537.3,71.63,10.3,Completion,0.59,2.6,0.65,0.0,1400.0,Microgravity (~0g),,,,,11/9/2009,NASA Physical Sciences Informatics (PSI),https://psi.nasa.gov/physci/repo/data/investigations/PSI-69,FLEX ID: 191R001. Extinction diameter: 0.59 mm. Burning rate: 0.65 mm/s.
FLEX-026,FLEX,PSI-69,26,Methanol,Liquid Droplet,Droplet initial diameter: 3.63 mm,30.0,538.4,71.78,22.2,Disruption,0.4,3.63,0.62,0.0,1250.0,Microgravity (~0g),,,,,11/9/2009,NASA Physical Sciences Informatics (PSI),https://psi.nasa.gov/physci/repo/data/investigations/PSI-69,FLEX ID: 191F001. Extinction diameter: 0.4 mm. Burning rate: 0.62 mm/s.
FLEX-027,FLEX,PSI-69,27,Heptane,Liquid Droplet,Droplet initial diameter: 3.87 mm,30.0,540.7,72.09,23.8,Disruption,,3.87,0.64,0.0,1250.0,Microgravity (~0g),,,,,11/9/2009,NASA Physical Sciences Informatics (PSI),https://psi.nasa.gov/physci/repo/data/investigations/PSI-69,FLEX ID: 195F001. Extinction diameter: None mm. Burning rate: 0.64 mm/s.
FLEX-028,FLEX,PSI-69,28,Heptane,Liquid Droplet,Droplet initial diameter: 3.36 mm,30.0,539.7,71.95,17.3,Disruption,,3.36,0.64,0.0,1250.0,Microgravity (~0g),,,,,11/9/2009,NASA Physical Sciences Informatics (PSI),https://psi.nasa.gov/physci/repo/data/investigations/PSI-69,FLEX ID: 195F002. Extinction diameter: None mm. Burning rate: 0.64 mm/s.
FLEX-029,FLEX,PSI-69,29,Methanol,Liquid Droplet,Droplet initial diameter: 2.57 mm,30.0,766.9,102.24,10.4,Completion,,2.57,0.74,0.0,1400.0,Microgravity (~0g),,,,,11/13/09,NASA Physical Sciences Informatics (PSI),https://psi.nasa.gov/physci/repo/data/investigations/PSI-69,FLEX ID: 178R001. Extinction diameter: None mm. Burning rate: 0.74 mm/s.
FLEX-030,FLEX,PSI-69,30,Methanol,Liquid Droplet,Droplet initial diameter: 3.26 mm,30.0,769.2,102.55,15.6,Extinction,1.32,3.26,0.59,0.0,1400.0,Microgravity (~0g),,,,,11/13/09,NASA Physical Sciences Informatics (PSI),https://psi.nasa.gov/physci/repo/data/investigations/PSI-69,FLEX ID: 178F001. Extinction diameter: 1.32 mm. Burning rate: 0.59 mm/s.
FLEX-031,FLEX,PSI-69,31,Heptane,Liquid Droplet,Droplet initial diameter: 3.39 mm,30.0,770.5,102.72,18.4,Disruption,,3.39,0.85,0.0,1250.0,Microgravity (~0g),,,,,11/13/09,NASA Physical Sciences Informatics (PSI),https://psi.nasa.gov/physci/repo/data/investigations/PSI-69,FLEX ID: 182F001. Extinction diameter: None mm. Burning rate: 0.85 mm/s.
FLEX-032,FLEX,PSI-69,32,Heptane,Liquid Droplet,Droplet initial diameter: 3.07 mm,30.0,771.0,102.79,14.0,Completion,,3.07,0.68,0.0,1400.0,Microgravity (~0g),,,,,11/13/09,NASA Physical Sciences Informatics (PSI),https://psi.nasa.gov/physci/repo/data/investigations/PSI-69,FLEX ID: 182F002. Extinction diameter: None mm. Burning rate: 0.68 mm/s.
FLEX-033,FLEX,PSI-69,33,Methanol,Liquid Droplet,Droplet initial diameter: 2.62 mm,21.0,764.5,101.92,11.4,Extinction,1.25,2.62,0.48,0.0,1400.0,Microgravity (~0g),,,,,11/27/09,NASA Physical Sciences Informatics (PSI),https://psi.nasa.gov/physci/repo/data/investigations/PSI-69,FLEX ID: 177R002. Extinction diameter: 1.25 mm. Burning rate: 0.48 mm/s.
FLEX-034,FLEX,PSI-69,34,Methanol,Liquid Droplet,Droplet initial diameter: 3.89 mm,21.0,767.7,102.35,27.3,Extinction,2.0,3.89,0.44,0.0,1400.0,Microgravity (~0g),,,,,11/27/09,NASA Physical Sciences Informatics (PSI),https://psi.nasa.gov/physci/repo/data/investigations/PSI-69,FLEX ID: 177F001. Extinction diameter: 2.0 mm. Burning rate: 0.44 mm/s.
FLEX-035,FLEX,PSI-69,35,Heptane,Liquid Droplet,Droplet initial diameter: 3.85 mm,21.0,768.1,102.4,8.9,Extinction,3.34,3.85,0.43,0.0,1400.0,Microgravity (~0g),,,,,11/27/09,NASA Physical Sciences Informatics (PSI),https://psi.nasa.gov/physci/repo/data/investigations/PSI-69,FLEX ID: 181F001. Extinction diameter: 3.34 mm. Burning rate: 0.43 mm/s.
FLEX-036,FLEX,PSI-69,36,Methanol,Liquid Droplet,Droplet initial diameter: 2.4 mm,20.0,539.0,71.86,7.1,Extinction,1.67,2.4,0.45,0.0,1400.0,Microgravity (~0g),,,,,12/15/09,NASA Physical Sciences Informatics (PSI),https://psi.nasa.gov/physci/repo/data/investigations/PSI-69,FLEX ID: 190R002. Extinction diameter: 1.67 mm. Burning rate: 0.45 mm/s.
FLEX-037,FLEX,PSI-69,37,Methanol,Liquid Droplet,Droplet initial diameter: 3.31 mm,34.0,534.3,71.23,10.7,Disruption,,3.31,0.72,0.0,1250.0,Microgravity (~0g),,,,,1/7/2010,NASA Physical Sciences Informatics (PSI),https://psi.nasa.gov/physci/repo/data/investigations/PSI-69,FLEX ID: 220R001. Extinction diameter: None mm. Burning rate: 0.72 mm/s.
FLEX-038,FLEX,PSI-69,38,Methanol,Liquid Droplet,Droplet initial diameter: 3.59 mm,34.0,534.4,71.25,15.3,Disruption,,3.59,0.71,0.0,1250.0,Microgravity (~0g),,,,,1/7/2010,NASA Physical Sciences Informatics (PSI),https://psi.nasa.gov/physci/repo/data/investigations/PSI-69,FLEX ID: 220R002. Extinction diameter: None mm. Burning rate: 0.71 mm/s.
FLEX-039,FLEX,PSI-69,39,Heptane,Liquid Droplet,Droplet initial diameter: 2.91 mm,34.0,534.9,71.31,9.9,Disruption,0.0,2.91,0.8,0.0,1250.0,Microgravity (~0g),,,,,1/7/2010,NASA Physical Sciences Informatics (PSI),https://psi.nasa.gov/physci/repo/data/investigations/PSI-69,FLEX ID: 224F001. Extinction diameter: 0.0 mm. Burning rate: 0.8 mm/s.
FLEX-040,FLEX,PSI-69,40,Methanol,Liquid Droplet,Droplet initial diameter: 3.77 mm,30.0,535.1,71.34,19.2,Disruption,,3.77,0.62,0.0,1250.0,Microgravity (~0g),,,,,1/8/2010,NASA Physical Sciences Informatics (PSI),https://psi.nasa.gov/physci/repo/data/investigations/PSI-69,FLEX ID: 219R001. Extinction diameter: None mm. Burning rate: 0.62 mm/s.
FLEX-041,FLEX,PSI-69,41,Methanol,Liquid Droplet,Droplet initial diameter: 3.35 mm,30.0,534.3,71.23,14.1,Disruption,,3.35,0.65,0.0,1250.0,Microgravity (~0g),,,,,1/8/2010,NASA Physical Sciences Informatics (PSI),https://psi.nasa.gov/physci/repo/data/investigations/PSI-69,FLEX ID: 219F001. Extinction diameter: None mm. Burning rate: 0.65 mm/s.
FLEX-042,FLEX,PSI-69,42,Heptane,Liquid Droplet,Droplet initial diameter: 2.92 mm,30.0,535.0,71.33,11.3,Disruption,,2.92,0.58,0.0,1250.0,Microgravity (~0g),,,,,1/8/2010,NASA Physical Sciences Informatics (PSI),https://psi.nasa.gov/physci/repo/data/investigations/PSI-69,FLEX ID: 223F001. Extinction diameter: None mm. Burning rate: 0.58 mm/s.
FLEX-043,FLEX,PSI-69,43,Heptane,Liquid Droplet,Droplet initial diameter: 2.97 mm,30.0,534.9,71.31,11.4,Disruption,0.0,2.97,0.78,0.0,1250.0,Microgravity (~0g),,,,,1/8/2010,NASA Physical Sciences Informatics (PSI),https://psi.nasa.gov/physci/repo/data/investigations/PSI-69,FLEX ID: 223F002. Extinction diameter: 0.0 mm. Burning rate: 0.78 mm/s.
FLEX-044,FLEX,PSI-69,44,Methanol,Liquid Droplet,Droplet initial diameter: 3.49 mm,30.0,766.8,102.23,16.6,Disruption,,3.49,0.63,0.0,1250.0,Microgravity (~0g),,,,,1/11/2010,NASA Physical Sciences Informatics (PSI),https://psi.nasa.gov/physci/repo/data/investigations/PSI-69,FLEX ID: 206F001. Extinction diameter: None mm. Burning rate: 0.63 mm/s.
FLEX-045,FLEX,PSI-69,45,Methanol,Liquid Droplet,Droplet initial diameter: 2.42 mm,30.0,768.3,102.43,6.6,Extinction,1.01,2.42,0.73,0.0,1400.0,Microgravity (~0g),,,,,1/11/2010,NASA Physical Sciences Informatics (PSI),https://psi.nasa.gov/physci/repo/data/investigations/PSI-69,FLEX ID: 206R001. Extinction diameter: 1.01 mm. Burning rate: 0.73 mm/s.
FLEX-046,FLEX,PSI-69,46,Methanol,Liquid Droplet,Droplet initial diameter: 2.78 mm,21.0,769.5,102.59,13.1,Disruption,1.08,2.78,0.54,0.0,1250.0,Microgravity (~0g),,,,,1/12/2010,NASA Physical Sciences Informatics (PSI),https://psi.nasa.gov/physci/repo/data/investigations/PSI-69,FLEX ID: 205R001. Extinction diameter: 1.08 mm. Burning rate: 0.54 mm/s.
FLEX-047,FLEX,PSI-69,47,Heptane,Liquid Droplet,Droplet initial diameter: 3.36 mm,21.0,770.1,102.67,17.1,Completion,,3.36,0.5,0.0,1400.0,Microgravity (~0g),,,,,1/12/2010,NASA Physical Sciences Informatics (PSI),https://psi.nasa.gov/physci/repo/data/investigations/PSI-69,FLEX ID: 209F001. Extinction diameter: None mm. Burning rate: 0.5 mm/s.
FLEX-048,FLEX,PSI-69,48,Methanol,Liquid Droplet,Droplet initial diameter: 3.66 mm,21.0,768.7,102.48,23.5,Disruption,,3.66,0.27,0.0,1250.0,Microgravity (~0g),,,,,1/12/2010,NASA Physical Sciences Informatics (PSI),https://psi.nasa.gov/physci/repo/data/investigations/PSI-69,FLEX ID: 205F001. Extinction diameter: None mm. Burning rate: 0.27 mm/s.
FLEX-049,FLEX,PSI-69,49,Heptane,Liquid Droplet,Droplet initial diameter: 3.46 mm,21.0,764.9,101.98,8.6,Extinction,2.78,3.46,0.59,0.0,1400.0,Microgravity (~0g),,,,,1/19/2010,NASA Physical Sciences Informatics (PSI),https://psi.nasa.gov/physci/repo/data/investigations/PSI-69,FLEX ID: 209F003. Extinction diameter: 2.78 mm. Burning rate: 0.59 mm/s.
FLEX-050,FLEX,PSI-69,50,Heptane,Liquid Droplet,Droplet initial diameter: 3.57 mm,21.0,770.1,102.67,8.4,Extinction,2.98,3.57,0.52,0.0,1400.0,Microgravity (~0g),,,,,1/19/2010,NASA Physical Sciences Informatics (PSI),https://psi.nasa.gov/physci/repo/data/investigations/PSI-69,FLEX ID: 209F004. Extinction diameter: 2.98 mm. Burning rate: 0.52 mm/s.
FLEX-051,FLEX,PSI-69,51,Heptane,Liquid Droplet,Droplet initial diameter: 2.41 mm,21.0,771.4,102.84,8.2,Completion,0.0,2.41,0.65,0.0,1400.0,Microgravity (~0g),,,,,1/19/2010,NASA Physical Sciences Informatics (PSI),https://psi.nasa.gov/physci/repo/data/investigations/PSI-69,FLEX ID: 209F005. Extinction diameter: 0.0 mm. Burning rate: 0.65 mm/s.
FLEX-052,FLEX,PSI-69,52,Heptane,Liquid Droplet,Droplet initial diameter: 3.53 mm,30.0,771.1,102.8,18.3,Disruption,0.0,3.53,0.7,0.0,1250.0,Microgravity (~0g),,,,,1/11/2010,NASA Physical Sciences Informatics (PSI),https://psi.nasa.gov/physci/repo/data/investigations/PSI-69,FLEX ID: 210F002. Extinction diameter: 0.0 mm. Burning rate: 0.7 mm/s.
FLEX-053,FLEX,PSI-69,53,Heptane,Liquid Droplet,Spherical droplet,21.0,770.2,102.68,18.5,Disruption,,,,0.0,1250.0,Microgravity (~0g),,,,,1/12/2010,NASA Physical Sciences Informatics (PSI),https://psi.nasa.gov/physci/repo/data/investigations/PSI-69,FLEX ID: 209F002. Extinction diameter: None mm. Burning rate: None mm/s.
FLEX-054,FLEX,PSI-69,54,Methanol,Liquid Droplet,Droplet initial diameter: 3.56 mm,20.0,541.4,72.18,29.0,Extinction,,3.56,0.41,0.0,1400.0,Microgravity (~0g),,,,,1/29/2010,NASA Physical Sciences Informatics (PSI),https://psi.nasa.gov/physci/repo/data/investigations/PSI-69,FLEX ID: 190F003. Extinction diameter: None mm. Burning rate: 0.41 mm/s.
FLEX-055,FLEX,PSI-69,55,Methanol,Liquid Droplet,Droplet initial diameter: 3.37 mm,20.0,542.6,72.34,20.5,Disruption,2.39,3.37,0.46,0.0,1250.0,Microgravity (~0g),,,,,1/29/2010,NASA Physical Sciences Informatics (PSI),https://psi.nasa.gov/physci/repo/data/investigations/PSI-69,FLEX ID: 218F001. Extinction diameter: 2.39 mm. Burning rate: 0.46 mm/s.
FLEX-056,FLEX,PSI-69,56,Heptane,Liquid Droplet,Droplet initial diameter: 3.56 mm,20.0,544.1,72.54,7.9,Completion,3.04,3.56,0.44,0.0,1400.0,Microgravity (~0g),,,,,1/29/2010,NASA Physical Sciences Informatics (PSI),https://psi.nasa.gov/physci/repo/data/investigations/PSI-69,FLEX ID: 194F001. Extinction diameter: 3.04 mm. Burning rate: 0.44 mm/s.
FLEX-057,FLEX,PSI-69,57,Heptane,Liquid Droplet,Droplet initial diameter: 3.1 mm,20.0,544.4,72.58,6.8,Extinction,2.49,3.1,0.54,0.0,1400.0,Microgravity (~0g),,,,,1/29/2010,NASA Physical Sciences Informatics (PSI),https://psi.nasa.gov/physci/repo/data/investigations/PSI-69,FLEX ID: 303F001. Extinction diameter: 2.49 mm. Burning rate: 0.54 mm/s.
FLEX-058,FLEX,PSI-69,58,Methanol,Liquid Droplet,Droplet initial diameter: 3.69 mm,18.0,773.3,103.1,29.1,Extinction,,3.69,0.42,0.0,1400.0,Microgravity (~0g),,,,,2/4/2010,NASA Physical Sciences Informatics (PSI),https://psi.nasa.gov/physci/repo/data/investigations/PSI-69,FLEX ID: 176F001. Extinction diameter: None mm. Burning rate: 0.42 mm/s.
FLEX-059,FLEX,PSI-69,59,Methanol,Liquid Droplet,Droplet initial diameter: 2.93 mm,18.0,769.2,102.55,17.7,Extinction,1.39,2.93,0.43,0.0,1400.0,Microgravity (~0g),,,,,2/4/2010,NASA Physical Sciences Informatics (PSI),https://psi.nasa.gov/physci/repo/data/investigations/PSI-69,FLEX ID: 176R001. Extinction diameter: 1.39 mm. Burning rate: 0.43 mm/s.
FLEX-060,FLEX,PSI-69,60,Methanol,Liquid Droplet,Droplet initial diameter: 3.43 mm,18.0,773.7,103.15,23.2,Extinction,,3.43,0.45,0.0,1400.0,Microgravity (~0g),,,,,2/4/2010,NASA Physical Sciences Informatics (PSI),https://psi.nasa.gov/physci/repo/data/investigations/PSI-69,FLEX ID: 204F001. Extinction diameter: None mm. Burning rate: 0.45 mm/s.
FLEX-061,FLEX,PSI-69,61,Methanol,Liquid Droplet,Droplet initial diameter: 3.68 mm,18.0,774.1,103.2,25.7,Extinction,2.0,3.68,0.41,0.0,1400.0,Microgravity (~0g),,,,,2/4/2010,NASA Physical Sciences Informatics (PSI),https://psi.nasa.gov/physci/repo/data/investigations/PSI-69,FLEX ID: 204R001. Extinction diameter: 2.0 mm. Burning rate: 0.41 mm/s.
FLEX-062,FLEX,PSI-69,62,Heptane,Liquid Droplet,Droplet initial diameter: 3.43 mm,18.0,761.8,101.56,4.8,Extinction,3.17,3.43,0.39,0.0,1400.0,Microgravity (~0g),,,,,3/11/2010,NASA Physical Sciences Informatics (PSI),https://psi.nasa.gov/physci/repo/data/investigations/PSI-69,FLEX ID: 301F001. Extinction diameter: 3.17 mm. Burning rate: 0.39 mm/s.
FLEX-063,FLEX,PSI-69,63,Heptane,Liquid Droplet,Droplet initial diameter: 2.15 mm,18.0,767.6,102.34,9.6,Completion,0.0,2.15,0.51,0.0,1400.0,Microgravity (~0g),,,,,3/11/2010,NASA Physical Sciences Informatics (PSI),https://psi.nasa.gov/physci/repo/data/investigations/PSI-69,FLEX ID: 301F002. Extinction diameter: 0.0 mm. Burning rate: 0.51 mm/s.
FLEX-064,FLEX,PSI-69,64,Heptane,Liquid Droplet,Droplet initial diameter: 2.69 mm,18.0,764.6,101.94,5.5,Extinction,2.07,2.69,0.6,0.0,1400.0,Microgravity (~0g),,,,,3/11/2010,NASA Physical Sciences Informatics (PSI),https://psi.nasa.gov/physci/repo/data/investigations/PSI-69,FLEX ID: 302F001. Extinction diameter: 2.07 mm. Burning rate: 0.6 mm/s.
FLEX-065,FLEX,PSI-69,65,Methanol,Liquid Droplet,Droplet initial diameter: 3.37 mm,15.0,765.9,102.11,24.3,Extinction,,3.37,0.4,0.0,1400.0,Microgravity (~0g),,,,,3/19/2010,NASA Physical Sciences Informatics (PSI),https://psi.nasa.gov/physci/repo/data/investigations/PSI-69,FLEX ID: 189R001. Extinction diameter: None mm. Burning rate: 0.4 mm/s.
FLEX-066,FLEX,PSI-69,66,Methanol,Liquid Droplet,Droplet initial diameter: 2.52 mm,15.0,766.8,102.23,12.9,Extinction,1.32,2.52,0.38,0.0,1400.0,Microgravity (~0g),,,,,3/19/2010,NASA Physical Sciences Informatics (PSI),https://psi.nasa.gov/physci/repo/data/investigations/PSI-69,FLEX ID: 189F001. Extinction diameter: 1.32 mm. Burning rate: 0.38 mm/s.
FLEX-067,FLEX,PSI-69,67,Methanol,Liquid Droplet,Droplet initial diameter: 3.97 mm,15.0,767.7,102.35,14.4,Extinction,3.3,3.97,0.36,0.0,1400.0,Microgravity (~0g),,,,,3/19/2010,NASA Physical Sciences Informatics (PSI),https://psi.nasa.gov/physci/repo/data/investigations/PSI-69,FLEX ID: 189F002. Extinction diameter: 3.3 mm. Burning rate: 0.36 mm/s.
FLEX-068,FLEX,PSI-69,68,Methanol,Liquid Droplet,Droplet initial diameter: 2.38 mm,15.0,768.8,102.5,10.7,Extinction,1.29,2.38,0.39,0.0,1400.0,Microgravity (~0g),,,,,3/19/2010,NASA Physical Sciences Informatics (PSI),https://psi.nasa.gov/physci/repo/data/investigations/PSI-69,FLEX ID: 189R003. Extinction diameter: 1.29 mm. Burning rate: 0.39 mm/s.
FLEX-069,FLEX,PSI-69,69,Heptane,Liquid Droplet,Droplet initial diameter: 1.1 mm,14.0,767.1,102.27,1.3,Completion,0.0,1.1,0.94,0.0,1400.0,Microgravity (~0g),,,,,3/23/2010,NASA Physical Sciences Informatics (PSI),https://psi.nasa.gov/physci/repo/data/investigations/PSI-69,FLEX ID: 193R002. Extinction diameter: 0.0 mm. Burning rate: 0.94 mm/s.
FLEX-070,FLEX,PSI-69,70,Heptane,Liquid Droplet,Droplet initial diameter: 4.67 mm,15.0,761.0,101.46,1.6,Extinction,4.6,4.67,0.41,0.0,1400.0,Microgravity (~0g),,,,,3/23/2010,NASA Physical Sciences Informatics (PSI),https://psi.nasa.gov/physci/repo/data/investigations/PSI-69,FLEX ID: 193F001. Extinction diameter: 4.6 mm. Burning rate: 0.41 mm/s.
FLEX-071,FLEX,PSI-69,71,Methanol,Liquid Droplet,Droplet initial diameter: 2.25 mm,15.0,768.3,102.43,8.4,Extinction,,2.25,0.4,0.0,1400.0,Microgravity (~0g),,,,,3/19/2010,NASA Physical Sciences Informatics (PSI),https://psi.nasa.gov/physci/repo/data/investigations/PSI-69,FLEX ID: 189R002. Extinction diameter: None mm. Burning rate: 0.4 mm/s.
FLEX-072,FLEX,PSI-69,72,Heptane,Liquid Droplet,Droplet initial diameter: 1.13 mm,15.0,765.2,102.02,2.5,Completion,,1.13,0.52,0.0,1400.0,Microgravity (~0g),,,,,3/23/2010,NASA Physical Sciences Informatics (PSI),https://psi.nasa.gov/physci/repo/data/investigations/PSI-69,FLEX ID: 193R001. Extinction diameter: None mm. Burning rate: 0.52 mm/s.
FLEX-073,FLEX,PSI-69,73,Heptane,Liquid Droplet,Droplet initial diameter: 4.64 mm,15.0,761.0,101.46,1.5,Extinction,4.58,4.64,0.56,0.0,1400.0,Microgravity (~0g),,,,,3/23/2010,NASA Physical Sciences Informatics (PSI),https://psi.nasa.gov/physci/repo/data/investigations/PSI-69,FLEX ID: 193F001. Extinction diameter: 4.58 mm. Burning rate: 0.56 mm/s.
FLEX-074,FLEX,PSI-69,74,Heptane,Liquid Droplet,Droplet initial diameter: 1.33 mm,15.0,765.9,102.11,2.3,Completion,,1.33,0.77,0.0,1400.0,Microgravity (~0g),,,,,3/23/2010,NASA Physical Sciences Informatics (PSI),https://psi.nasa.gov/physci/repo/data/investigations/PSI-69,FLEX ID: 221F001. Extinction diameter: None mm. Burning rate: 0.77 mm/s.
FLEX-075,FLEX,PSI-69,75,Methanol,Liquid Droplet,Droplet initial diameter: 2.54 mm,13.0,770.8,102.76,9.1,Extinction,1.78,2.54,0.37,0.0,1400.0,Microgravity (~0g),,,,,3/29/2010,NASA Physical Sciences Informatics (PSI),https://psi.nasa.gov/physci/repo/data/investigations/PSI-69,FLEX ID: 203R002. Extinction diameter: 1.78 mm. Burning rate: 0.37 mm/s.
FLEX-076,FLEX,PSI-69,76,Methanol,Liquid Droplet,Droplet initial diameter: 3.21 mm,13.0,769.5,102.59,8.9,Extinction,2.78,3.21,0.37,0.0,1400.0,Microgravity (~0g),,,,,3/29/2010,NASA Physical Sciences Informatics (PSI),https://psi.nasa.gov/physci/repo/data/investigations/PSI-69,FLEX ID: 203F001. Extinction diameter: 2.78 mm. Burning rate: 0.37 mm/s.
FLEX-077,FLEX,PSI-69,77,Methanol,Liquid Droplet,Droplet initial diameter: 3.33 mm,14.0,768.4,102.44,8.5,Extinction,2.91,3.33,0.34,0.0,1400.0,Microgravity (~0g),,,,,3/29/2010,NASA Physical Sciences Informatics (PSI),https://psi.nasa.gov/physci/repo/data/investigations/PSI-69,FLEX ID: 175R001. Extinction diameter: 2.91 mm. Burning rate: 0.34 mm/s.
FLEX-078,FLEX,PSI-69,78,Methanol,Liquid Droplet,Droplet initial diameter: 2.66 mm,14.0,766.0,102.12,12.9,Extinction,1.66,2.66,0.35,0.0,1400.0,Microgravity (~0g),,,,,3/29/2010,NASA Physical Sciences Informatics (PSI),https://psi.nasa.gov/physci/repo/data/investigations/PSI-69,FLEX ID: 175F001. Extinction diameter: 1.66 mm. Burning rate: 0.35 mm/s.
FLEX-079,FLEX,PSI-69,79,Heptane,Liquid Droplet,Droplet initial diameter: 2.92 mm,13.0,768.1,102.4,1.5,Extinction,2.86,2.92,0.25,0.0,1400.0,Microgravity (~0g),,,,,3/30/2010,NASA Physical Sciences Informatics (PSI),https://psi.nasa.gov/physci/repo/data/investigations/PSI-69,FLEX ID: 179F001. Extinction diameter: 2.86 mm. Burning rate: 0.25 mm/s.
FLEX-080,FLEX,PSI-69,80,Heptane,Liquid Droplet,Spherical droplet,13.0,770.0,102.66,1.0,Extinction,,,,0.0,1400.0,Microgravity (~0g),,,,,3/30/2010,NASA Physical Sciences Informatics (PSI),https://psi.nasa.gov/physci/repo/data/investigations/PSI-69,FLEX ID: 207F001. Extinction diameter: None mm. Burning rate: None mm/s.
FLEX-081,FLEX,PSI-69,81,Heptane,Liquid Droplet,Spherical droplet,13.0,770.2,102.68,1.5,Extinction,,,,0.0,1400.0,Microgravity (~0g),,,,,3/30/2010,NASA Physical Sciences Informatics (PSI),https://psi.nasa.gov/physci/repo/data/investigations/PSI-69,FLEX ID: 207F002. Extinction diameter: None mm. Burning rate: None mm/s.
FLEX-082,FLEX,PSI-69,82,Methanol,Liquid Droplet,Droplet initial diameter: 2.84 mm,13.0,764.6,101.94,7.5,Extinction,2.39,2.84,0.35,0.0,1400.0,Microgravity (~0g),,,,,4/19/2010,NASA Physical Sciences Informatics (PSI),https://psi.nasa.gov/physci/repo/data/investigations/PSI-69,FLEX ID: 304F001. Extinction diameter: 2.39 mm. Burning rate: 0.35 mm/s.
FLEX-083,FLEX,PSI-69,83,Methanol,Liquid Droplet,Spherical droplet,12.0,772.0,102.92,5.45,Extinction,,,,0.0,1400.0,Microgravity (~0g),,,,,4/19/2010,NASA Physical Sciences Informatics (PSI),https://psi.nasa.gov/physci/repo/data/investigations/PSI-69,FLEX ID: 304F002. Extinction diameter: None mm. Burning rate: None mm/s.
FLEX-084,FLEX,PSI-69,84,Methanol,Liquid Droplet,Droplet initial diameter: 2.35 mm,12.0,767.2,102.28,10.8,Extinction,1.42,2.35,0.35,0.0,1400.0,Microgravity (~0g),,,,,4/19/2010,NASA Physical Sciences Informatics (PSI),https://psi.nasa.gov/physci/repo/data/investigations/PSI-69,FLEX ID: 304R001. Extinction diameter: 1.42 mm. Burning rate: 0.35 mm/s.
FLEX-085,FLEX,PSI-69,85,Methanol,Liquid Droplet,Droplet initial diameter: 2.4 mm,12.0,771.2,102.82,9.3,Extinction,1.77,2.4,0.35,0.0,1400.0,Microgravity (~0g),,,,,4/19/2010,NASA Physical Sciences Informatics (PSI),https://psi.nasa.gov/physci/repo/data/investigations/PSI-69,FLEX ID: 304R002. Extinction diameter: 1.77 mm. Burning rate: 0.35 mm/s.
FLEX-086,FLEX,PSI-69,86,Methanol,Liquid Droplet,Droplet initial diameter: 3.07 mm,12.0,770.0,102.66,9.0,Extinction,2.56,3.07,0.35,0.0,1400.0,Microgravity (~0g),,,,,4/19/2010,NASA Physical Sciences Informatics (PSI),https://psi.nasa.gov/physci/repo/data/investigations/PSI-69,FLEX ID: 305F002. Extinction diameter: 2.56 mm. Burning rate: 0.35 mm/s.
FLEX-087,FLEX,PSI-69,87,Methanol,Liquid Droplet,Droplet initial diameter: 2.64 mm,12.0,771.2,102.82,9.3,Extinction,1.92,2.64,0.38,0.0,1400.0,Microgravity (~0g),,,,,4/19/2010,NASA Physical Sciences Informatics (PSI),https://psi.nasa.gov/physci/repo/data/investigations/PSI-69,FLEX ID: 305F003. Extinction diameter: 1.92 mm. Burning rate: 0.38 mm/s.
FLEX-088,FLEX,PSI-69,88,Methanol,Liquid Droplet,Droplet initial diameter: 3.01 mm,25.0,537.5,71.66,14.8,Disruption,,3.01,0.53,0.0,1250.0,Microgravity (~0g),,,,,5/5/2010,NASA Physical Sciences Informatics (PSI),https://psi.nasa.gov/physci/repo/data/investigations/PSI-69,FLEX ID: 053R001. Extinction diameter: None mm. Burning rate: 0.53 mm/s.
FLEX-089,FLEX,PSI-69,89,Methanol,Liquid Droplet,Droplet initial diameter: 3.7 mm,25.0,537.4,71.65,24.0,Disruption,,3.7,0.51,0.0,1250.0,Microgravity (~0g),,,,,5/5/2010,NASA Physical Sciences Informatics (PSI),https://psi.nasa.gov/physci/repo/data/investigations/PSI-69,FLEX ID: 053F001. Extinction diameter: None mm. Burning rate: 0.51 mm/s.
FLEX-090,FLEX,PSI-69,90,Methanol,Liquid Droplet,Droplet initial diameter: 3.62 mm,25.0,539.2,71.89,20.1,Disruption,,3.62,0.53,0.0,1250.0,Microgravity (~0g),,,,,5/6/2010,NASA Physical Sciences Informatics (PSI),https://psi.nasa.gov/physci/repo/data/investigations/PSI-69,FLEX ID: 141R001. Extinction diameter: None mm. Burning rate: 0.53 mm/s.
FLEX-091,FLEX,PSI-69,91,Methanol,Liquid Droplet,Droplet initial diameter: 3.51 mm,25.0,538.3,71.77,18.0,Disruption,,3.51,0.51,0.0,1250.0,Microgravity (~0g),,,,,5/5/2010,NASA Physical Sciences Informatics (PSI),https://psi.nasa.gov/physci/repo/data/investigations/PSI-69,FLEX ID: 141F001. Extinction diameter: None mm. Burning rate: 0.51 mm/s.
FLEX-092,FLEX,PSI-69,92,Heptane,Liquid Droplet,Droplet initial diameter: 3.41 mm,25.0,536.3,71.5,21.7,Disruption,,3.41,0.55,0.0,1250.0,Microgravity (~0g),,,,,6/14/2010,NASA Physical Sciences Informatics (PSI),https://psi.nasa.gov/physci/repo/data/investigations/PSI-69,FLEX ID: 061F002. Extinction diameter: None mm. Burning rate: 0.55 mm/s.
FLEX-093,FLEX,PSI-69,93,Heptane,Liquid Droplet,Droplet initial diameter: 2.48 mm,25.0,537.3,71.63,8.3,Disruption,0.0,2.48,0.71,0.0,1250.0,Microgravity (~0g),,,,,6/15/2010,NASA Physical Sciences Informatics (PSI),https://psi.nasa.gov/physci/repo/data/investigations/PSI-69,FLEX ID: 149F001. Extinction diameter: 0.0 mm. Burning rate: 0.71 mm/s.
FLEX-094,FLEX,PSI-69,94,Heptane,Liquid Droplet,Droplet initial diameter: 3.53 mm,24.0,533.6,71.14,10.1,Extinction,2.76,3.53,0.51,0.0,1400.0,Microgravity (~0g),,,,,6/15/2010,NASA Physical Sciences Informatics (PSI),https://psi.nasa.gov/physci/repo/data/investigations/PSI-69,FLEX ID: C08H101. Extinction diameter: 2.76 mm. Burning rate: 0.51 mm/s.
FLEX-095,FLEX,PSI-69,95,Heptane,Liquid Droplet,Droplet initial diameter: 3.6 mm,24.0,534.4,71.25,8.0,Extinction,3.04,3.6,0.58,0.0,1400.0,Microgravity (~0g),,,,,6/15/2010,NASA Physical Sciences Informatics (PSI),https://psi.nasa.gov/physci/repo/data/investigations/PSI-69,FLEX ID: C08H201. Extinction diameter: 3.04 mm. Burning rate: 0.58 mm/s.
FLEX-096,FLEX,PSI-69,96,Heptane,Liquid Droplet,Spherical droplet,24.0,534.4,71.25,5.2,Disruption,,,,0.0,1250.0,Microgravity (~0g),,,,,6/15/2010,NASA Physical Sciences Informatics (PSI),https://psi.nasa.gov/physci/repo/data/investigations/PSI-69,FLEX ID: C08H301. Extinction diameter: None mm. Burning rate: None mm/s.
FLEX-097,FLEX,PSI-69,97,Methanol,Liquid Droplet,Droplet initial diameter: 4.25 mm,23.0,534.2,71.22,26.5,Completion,2.6,4.25,0.45,0.0,1400.0,Microgravity (~0g),,,,,6/16/2010,NASA Physical Sciences Informatics (PSI),https://psi.nasa.gov/physci/repo/data/investigations/PSI-69,FLEX ID: C08M101. Extinction diameter: 2.6 mm. Burning rate: 0.45 mm/s.
FLEX-098,FLEX,PSI-69,98,Methanol,Liquid Droplet,Droplet initial diameter: 3.64 mm,23.0,537.1,71.61,22.9,Extinction,1.74,3.64,0.47,0.0,1400.0,Microgravity (~0g),,,,,6/21/2010,NASA Physical Sciences Informatics (PSI),https://psi.nasa.gov/physci/repo/data/investigations/PSI-69,FLEX ID: C09M201. Extinction diameter: 1.74 mm. Burning rate: 0.47 mm/s.
FLEX-099,FLEX,PSI-69,99,Methanol,Liquid Droplet,Droplet initial diameter: 4.28 mm,23.0,535.0,71.33,33.0,Extinction,2.32,4.28,0.42,0.0,1400.0,Microgravity (~0g),,,,,6/21/2010,NASA Physical Sciences Informatics (PSI),https://psi.nasa.gov/physci/repo/data/investigations/PSI-69,FLEX ID: C09M101. Extinction diameter: 2.32 mm. Burning rate: 0.42 mm/s.
FLEX-100,FLEX,PSI-69,100,Heptane,Liquid Droplet,Droplet initial diameter: 4.14 mm,23.0,536.7,71.55,6.1,Extinction,3.98,4.14,0.34,0.0,1400.0,Microgravity (~0g),,,,,6/29/2010,NASA Physical Sciences Informatics (PSI),https://psi.nasa.gov/physci/repo/data/investigations/PSI-69,FLEX ID: C09H101. Extinction diameter: 3.98 mm. Burning rate: 0.34 mm/s.
FLEX-101,FLEX,PSI-69,101,Heptane,Liquid Droplet,Droplet initial diameter: 3.88 mm,23.0,538.7,71.82,6.5,Extinction,3.45,3.88,0.5,0.0,1400.0,Microgravity (~0g),,,,,6/29/2010,NASA Physical Sciences Informatics (PSI),https://psi.nasa.gov/physci/repo/data/investigations/PSI-69,FLEX ID: C09H201. Extinction diameter: 3.45 mm. Burning rate: 0.5 mm/s.
FLEX-102,FLEX,PSI-69,102,Heptane,Liquid Droplet,Droplet initial diameter: 3.57 mm,21.0,534.2,71.22,4.2,Extinction,3.43,3.57,0.33,0.0,1400.0,Microgravity (~0g),,,,,6/29/2010,NASA Physical Sciences Informatics (PSI),https://psi.nasa.gov/physci/repo/data/investigations/PSI-69,FLEX ID: C10H101. Extinction diameter: 3.43 mm. Burning rate: 0.33 mm/s.
FLEX-103,FLEX,PSI-69,103,Heptane,Liquid Droplet,Droplet initial diameter: 4.0 mm,21.0,534.3,71.23,3.2,Extinction,3.88,4.0,0.35,0.0,1400.0,Microgravity (~0g),,,,,6/29/2010,NASA Physical Sciences Informatics (PSI),https://psi.nasa.gov/physci/repo/data/investigations/PSI-69,FLEX ID: C10H201. Extinction diameter: 3.88 mm. Burning rate: 0.35 mm/s.
FLEX-104,FLEX,PSI-69,104,Methanol,Liquid Droplet,Droplet initial diameter: 3.6 mm,23.0,534.1,71.21,23.2,Extinction,1.58,3.6,0.49,0.0,1400.0,Microgravity (~0g),,,,,6/16/2010,NASA Physical Sciences Informatics (PSI),https://psi.nasa.gov/physci/repo/data/investigations/PSI-69,FLEX ID: C08M201. Extinction diameter: 1.58 mm. Burning rate: 0.49 mm/s.
FLEX-105,FLEX,PSI-69,105,Methanol,Liquid Droplet,Droplet initial diameter: 4.17 mm,23.0,534.6,71.27,30.7,Disruption,2.0,4.17,0.47,0.0,1250.0,Microgravity (~0g),,,,,6/16/2010,NASA Physical Sciences Informatics (PSI),https://psi.nasa.gov/physci/repo/data/investigations/PSI-69,FLEX ID: C08M301. Extinction diameter: 2.0 mm. Burning rate: 0.47 mm/s.
FLEX-106,FLEX,PSI-69,106,Methanol,Liquid Droplet,Droplet initial diameter: 3.08 mm,23.0,538.3,71.77,14.1,Disruption,1.75,3.08,0.51,0.0,1250.0,Microgravity (~0g),,,,,6/21/2010,NASA Physical Sciences Informatics (PSI),https://psi.nasa.gov/physci/repo/data/investigations/PSI-69,FLEX ID: C09M401. Extinction diameter: 1.75 mm. Burning rate: 0.51 mm/s.
FLEX-107,FLEX,PSI-69,107,Methanol,Liquid Droplet,Droplet initial diameter: 3.18 mm,23.0,535.0,71.33,15.1,Disruption,,3.18,0.52,0.0,1250.0,Microgravity (~0g),,,,,6/16/2010,NASA Physical Sciences Informatics (PSI),https://psi.nasa.gov/physci/repo/data/investigations/PSI-69,FLEX ID: C08M401. Extinction diameter: None mm. Burning rate: 0.52 mm/s.
FLEX-108,FLEX,PSI-69,108,Methanol,Liquid Droplet,Droplet initial diameter: 3.75 mm,23.0,538.3,71.77,24.3,Completion,,3.75,0.47,0.0,1400.0,Microgravity (~0g),,,,,6/21/2010,NASA Physical Sciences Informatics (PSI),https://psi.nasa.gov/physci/repo/data/investigations/PSI-69,FLEX ID: C09M301. Extinction diameter: None mm. Burning rate: 0.47 mm/s.
FLEX-109,FLEX,PSI-69,109,Methanol,Liquid Droplet,Droplet initial diameter: 3.56 mm,21.0,536.5,71.53,,Extinction,1.92,3.56,0.42,0.0,1400.0,Microgravity (~0g),,,,,8/31/2010,NASA Physical Sciences Informatics (PSI),https://psi.nasa.gov/physci/repo/data/investigations/PSI-69,FLEX ID: C10M102. Extinction diameter: 1.92 mm. Burning rate: 0.42 mm/s.
FLEX-110,FLEX,PSI-69,110,Methanol,Liquid Droplet,Droplet initial diameter: 2.83 mm,21.0,537.0,71.59,13.0,Extinction,1.57,2.83,0.45,0.0,1400.0,Microgravity (~0g),,,,,8/31/2010,NASA Physical Sciences Informatics (PSI),https://psi.nasa.gov/physci/repo/data/investigations/PSI-69,FLEX ID: C10M201. Extinction diameter: 1.57 mm. Burning rate: 0.45 mm/s.
FLEX-111,FLEX,PSI-69,111,Methanol,Liquid Droplet,Droplet initial diameter: 3.37 mm,21.0,536.9,71.58,16.4,Completion,2.1,3.37,0.45,0.0,1400.0,Microgravity (~0g),,,,,8/31/2010,NASA Physical Sciences Informatics (PSI),https://psi.nasa.gov/physci/repo/data/investigations/PSI-69,FLEX ID: C10M303. Extinction diameter: 2.1 mm. Burning rate: 0.45 mm/s.
FLEX-112,FLEX,PSI-69,112,Methanol,Liquid Droplet,Droplet initial diameter: 3.99 mm,21.0,530.7,70.75,25.2,Completion,2.35,3.99,0.43,0.0,1400.0,Microgravity (~0g),,,,,9/1/2010,NASA Physical Sciences Informatics (PSI),https://psi.nasa.gov/physci/repo/data/investigations/PSI-69,FLEX ID: C10M401. Extinction diameter: 2.35 mm. Burning rate: 0.43 mm/s.
FLEX-113,FLEX,PSI-69,113,Methanol,Liquid Droplet,Droplet initial diameter: 4.2 mm,20.0,534.6,71.27,18.2,Extinction,2.85,4.2,0.49,0.0,1400.0,Microgravity (~0g),,,,,9/1/2010,NASA Physical Sciences Informatics (PSI),https://psi.nasa.gov/physci/repo/data/investigations/PSI-69,FLEX ID: C11M101. Extinction diameter: 2.85 mm. Burning rate: 0.49 mm/s.
FLEX-114,FLEX,PSI-69,114,Methanol,Liquid Droplet,Droplet initial diameter: 3.23 mm,20.0,0.0,,18.9,Extinction,1.68,3.23,0.42,0.0,1400.0,Microgravity (~0g),,,,,9/6/2010,NASA Physical Sciences Informatics (PSI),https://psi.nasa.gov/physci/repo/data/investigations/PSI-69,FLEX ID: C11M201. Extinction diameter: 1.68 mm. Burning rate: 0.42 mm/s.
FLEX-115,FLEX,PSI-69,115,Methanol,Liquid Droplet,Droplet initial diameter: 3.97 mm,20.0,535.8,71.43,22.9,Extinction,2.61,3.97,0.41,0.0,1400.0,Microgravity (~0g),,,,,9/1/2010,NASA Physical Sciences Informatics (PSI),https://psi.nasa.gov/physci/repo/data/investigations/PSI-69,FLEX ID: C11M301. Extinction diameter: 2.61 mm. Burning rate: 0.41 mm/s.
FLEX-116,FLEX,PSI-69,116,Methanol,Liquid Droplet,Droplet initial diameter: 3.16 mm,20.0,536.3,71.5,16.9,Extinction,1.57,3.16,0.46,0.0,1400.0,Microgravity (~0g),,,,,9/1/2010,NASA Physical Sciences Informatics (PSI),https://psi.nasa.gov/physci/repo/data/investigations/PSI-69,FLEX ID: C11M401. Extinction diameter: 1.57 mm. Burning rate: 0.46 mm/s.
FLEX-117,FLEX,PSI-69,117,Heptane,Liquid Droplet,Droplet initial diameter: 3.84 mm,20.0,531.1,70.81,2.4,Extinction,3.77,3.84,0.25,0.0,1400.0,Microgravity (~0g),,,,,9/6/2010,NASA Physical Sciences Informatics (PSI),https://psi.nasa.gov/physci/repo/data/investigations/PSI-69,FLEX ID: C11H101. Extinction diameter: 3.77 mm. Burning rate: 0.25 mm/s.
FLEX-118,FLEX,PSI-69,118,Heptane,Liquid Droplet,Droplet initial diameter: 3.03 mm,20.0,532.8,71.03,2.5,Extinction,2.93,3.03,0.38,0.0,1400.0,Microgravity (~0g),,,,,9/6/2010,NASA Physical Sciences Informatics (PSI),https://psi.nasa.gov/physci/repo/data/investigations/PSI-69,FLEX ID: C11H201. Extinction diameter: 2.93 mm. Burning rate: 0.38 mm/s.
FLEX-119,FLEX,PSI-69,119,Heptane,Liquid Droplet,Droplet initial diameter: 2.6 mm,18.0,532.6,71.01,1.3,Extinction,2.48,2.6,0.37,0.0,1400.0,Microgravity (~0g),,,,,9/7/2010,NASA Physical Sciences Informatics (PSI),https://psi.nasa.gov/physci/repo/data/investigations/PSI-69,FLEX ID: C12H103. Extinction diameter: 2.48 mm. Burning rate: 0.37 mm/s.
FLEX-120,FLEX,PSI-69,120,Heptane,Liquid Droplet,Droplet initial diameter: 2.45 mm,18.0,532.5,70.99,1.43,Extinction,2.39,2.45,0.38,0.0,1400.0,Microgravity (~0g),,,,,9/7/2010,NASA Physical Sciences Informatics (PSI),https://psi.nasa.gov/physci/repo/data/investigations/PSI-69,FLEX ID: C12H201. Extinction diameter: 2.39 mm. Burning rate: 0.38 mm/s.
FLEX-121,FLEX,PSI-69,121,Methanol,Liquid Droplet,Droplet initial diameter: 4.25 mm,18.0,526.3,70.17,8.0,Extinction,3.92,4.25,0.34,0.0,1400.0,Microgravity (~0g),,,,,9/8/2010,NASA Physical Sciences Informatics (PSI),https://psi.nasa.gov/physci/repo/data/investigations/PSI-69,FLEX ID: C12M101. Extinction diameter: 3.92 mm. Burning rate: 0.34 mm/s.
FLEX-122,FLEX,PSI-69,122,Methanol,Liquid Droplet,Droplet initial diameter: 3.46 mm,18.0,531.2,70.82,13.9,Extinction,2.58,3.46,0.41,0.0,1400.0,Microgravity (~0g),,,,,9/8/2010,NASA Physical Sciences Informatics (PSI),https://psi.nasa.gov/physci/repo/data/investigations/PSI-69,FLEX ID: C12M201. Extinction diameter: 2.58 mm. Burning rate: 0.41 mm/s.
FLEX-123,FLEX,PSI-69,123,Methanol,Liquid Droplet,Droplet initial diameter: 4.13 mm,18.0,532.0,70.93,8.7,Extinction,3.79,4.13,0.35,0.0,1400.0,Microgravity (~0g),,,,,9/8/2010,NASA Physical Sciences Informatics (PSI),https://psi.nasa.gov/physci/repo/data/investigations/PSI-69,FLEX ID: C12M301. Extinction diameter: 3.79 mm. Burning rate: 0.35 mm/s.
FLEX-124,FLEX,PSI-69,124,Methanol,Liquid Droplet,Droplet initial diameter: 2.87 mm,18.0,532.4,70.98,2.4,Extinction,2.74,2.87,0.3,0.0,1400.0,Microgravity (~0g),,,,,9/8/2010,NASA Physical Sciences Informatics (PSI),https://psi.nasa.gov/physci/repo/data/investigations/PSI-69,FLEX ID: C12M401. Extinction diameter: 2.74 mm. Burning rate: 0.3 mm/s.
FLEX-125,FLEX,PSI-69,125,Methanol,Liquid Droplet,Droplet initial diameter: 3.63 mm,17.0,537.2,71.62,5.7,Extinction,3.37,3.63,0.35,0.0,1400.0,Microgravity (~0g),,,,,9/13/2010,NASA Physical Sciences Informatics (PSI),https://psi.nasa.gov/physci/repo/data/investigations/PSI-69,FLEX ID: C13M103. Extinction diameter: 3.37 mm. Burning rate: 0.35 mm/s.
FLEX-126,FLEX,PSI-69,126,Methanol,Liquid Droplet,Droplet initial diameter: 2.8 mm,17.0,536.1,71.47,11.7,Extinction,1.84,2.8,0.4,0.0,1400.0,Microgravity (~0g),,,,,9/13/2010,NASA Physical Sciences Informatics (PSI),https://psi.nasa.gov/physci/repo/data/investigations/PSI-69,FLEX ID: C13M201. Extinction diameter: 1.84 mm. Burning rate: 0.4 mm/s.
FLEX-127,FLEX,PSI-69,127,Methanol,Liquid Droplet,Droplet initial diameter: 3.22 mm,17.0,536.7,71.55,11.0,Extinction,2.53,3.22,0.38,0.0,1400.0,Microgravity (~0g),,,,,9/13/2010,NASA Physical Sciences Informatics (PSI),https://psi.nasa.gov/physci/repo/data/investigations/PSI-69,FLEX ID: C13M301. Extinction diameter: 2.53 mm. Burning rate: 0.38 mm/s.
FLEX-128,FLEX,PSI-69,128,Methanol,Liquid Droplet,Droplet initial diameter: 2.91 mm,17.0,537.3,71.63,11.5,Extinction,,2.91,0.39,0.0,1400.0,Microgravity (~0g),,,,,9/13/2010,NASA Physical Sciences Informatics (PSI),https://psi.nasa.gov/physci/repo/data/investigations/PSI-69,FLEX ID: C13M401. Extinction diameter: None mm. Burning rate: 0.39 mm/s.
FLEX-129,FLEX,PSI-69,129,Heptane,Liquid Droplet,Droplet initial diameter: 3.33 mm,17.0,536.2,71.49,0.55,Extinction,3.34,3.33,0.33,0.0,1400.0,Microgravity (~0g),,,,,9/17/2010,NASA Physical Sciences Informatics (PSI),https://psi.nasa.gov/physci/repo/data/investigations/PSI-69,FLEX ID: C13H102. Extinction diameter: 3.34 mm. Burning rate: 0.33 mm/s.
FLEX-130,FLEX,PSI-69,130,Heptane,Liquid Droplet,Droplet initial diameter: 2.91 mm,17.0,537.2,71.62,0.6,Extinction,2.89,2.91,0.05,0.0,1400.0,Microgravity (~0g),,,,,9/17/2010,NASA Physical Sciences Informatics (PSI),https://psi.nasa.gov/physci/repo/data/investigations/PSI-69,FLEX ID: C13H201. Extinction diameter: 2.89 mm. Burning rate: 0.05 mm/s.
FLEX-131,FLEX,PSI-69,131,Heptane,Liquid Droplet,Droplet initial diameter: 1.72 mm,24.0,763.9,101.84,4.9,Disruption,0.52,1.72,0.61,0.0,1250.0,Microgravity (~0g),,,,,10/6/2010,NASA Physical Sciences Informatics (PSI),https://psi.nasa.gov/physci/repo/data/investigations/PSI-69,FLEX ID: C21H101. Extinction diameter: 0.52 mm. Burning rate: 0.61 mm/s.
FLEX-132,FLEX,PSI-69,132,Heptane,Liquid Droplet,Droplet initial diameter: 2.63 mm,24.0,765.2,102.02,12.4,Disruption,0.53,2.63,0.6,0.0,1250.0,Microgravity (~0g),,,,,10/6/2010,NASA Physical Sciences Informatics (PSI),https://psi.nasa.gov/physci/repo/data/investigations/PSI-69,FLEX ID: C21H201. Extinction diameter: 0.53 mm. Burning rate: 0.6 mm/s.
FLEX-133,FLEX,PSI-69,133,Heptane,Liquid Droplet,Droplet initial diameter: 3.25 mm,24.0,766.7,102.22,19.0,Disruption,0.55,3.25,0.56,0.0,1250.0,Microgravity (~0g),,,,,10/6/2010,NASA Physical Sciences Informatics (PSI),https://psi.nasa.gov/physci/repo/data/investigations/PSI-69,FLEX ID: C21H301. Extinction diameter: 0.55 mm. Burning rate: 0.56 mm/s.
FLEX-134,FLEX,PSI-69,134,Heptane,Liquid Droplet,Droplet initial diameter: 3.66 mm,24.0,767.2,102.28,9.2,Extinction,2.88,3.66,0.56,0.0,1400.0,Microgravity (~0g),,,,,10/6/2010,NASA Physical Sciences Informatics (PSI),https://psi.nasa.gov/physci/repo/data/investigations/PSI-69,FLEX ID: C21H401. Extinction diameter: 2.88 mm. Burning rate: 0.56 mm/s.
FLEX-135,FLEX,PSI-69,135,Heptane,Liquid Droplet,Droplet initial diameter: 2.78 mm,24.0,768.2,102.42,10.8,Completion,0.0,2.78,0.59,0.0,1400.0,Microgravity (~0g),,,,,10/6/2010,NASA Physical Sciences Informatics (PSI),https://psi.nasa.gov/physci/repo/data/investigations/PSI-69,FLEX ID: C21H501. Extinction diameter: 0.0 mm. Burning rate: 0.59 mm/s.
FLEX-136,FLEX,PSI-69,136,Heptane,Liquid Droplet,Droplet initial diameter: 3.08 mm,24.0,768.1,102.4,17.0,Completion,,3.08,0.51,0.0,1400.0,Microgravity (~0g),,,,,10/6/2010,NASA Physical Sciences Informatics (PSI),https://psi.nasa.gov/physci/repo/data/investigations/PSI-69,FLEX ID: C21H302. Extinction diameter: None mm. Burning rate: 0.51 mm/s.
FLEX-137,FLEX,PSI-69,137,Heptane,Liquid Droplet,Droplet initial diameter: 3.13 mm,24.0,768.2,102.42,17.5,Disruption,,3.13,0.55,0.0,1250.0,Microgravity (~0g),,,,,10/6/2010,NASA Physical Sciences Informatics (PSI),https://psi.nasa.gov/physci/repo/data/investigations/PSI-69,FLEX ID: C21H303. Extinction diameter: None mm. Burning rate: 0.55 mm/s.
FLEX-138,FLEX,PSI-69,138,Heptane,Liquid Droplet,Spherical droplet,24.0,768.6,102.47,,Disruption,,,,0.0,1250.0,Microgravity (~0g),,,,,10/6/2010,NASA Physical Sciences Informatics (PSI),https://psi.nasa.gov/physci/repo/data/investigations/PSI-69,FLEX ID: C21H304. Extinction diameter: None mm. Burning rate: None mm/s.
FLEX-139,FLEX,PSI-69,139,Heptane,Liquid Droplet,Droplet initial diameter: 1.75 mm,24.0,768.0,102.39,5.4,Disruption,,1.75,0.63,0.0,1250.0,Microgravity (~0g),,,,,10/6/2010,NASA Physical Sciences Informatics (PSI),https://psi.nasa.gov/physci/repo/data/investigations/PSI-69,FLEX ID: C21H305. Extinction diameter: None mm. Burning rate: 0.63 mm/s.
FLEX-140,FLEX,PSI-69,140,Methanol,Liquid Droplet,Droplet initial diameter: 3.98 mm,15.0,533.5,71.13,1.3,Extinction,3.95,3.98,0.2,0.0,1400.0,Microgravity (~0g),,,,,11/4/2010,NASA Physical Sciences Informatics (PSI),https://psi.nasa.gov/physci/repo/data/investigations/PSI-69,FLEX ID: C14M101. Extinction diameter: 3.95 mm. Burning rate: 0.2 mm/s.
FLEX-141,FLEX,PSI-69,141,Methanol,Liquid Droplet,Droplet initial diameter: 2.86 mm,15.0,534.1,71.21,2.3,Extinction,2.73,2.86,0.3,0.0,1400.0,Microgravity (~0g),,,,,11/4/2010,NASA Physical Sciences Informatics (PSI),https://psi.nasa.gov/physci/repo/data/investigations/PSI-69,FLEX ID: C14M201. Extinction diameter: 2.73 mm. Burning rate: 0.3 mm/s.
FLEX-142,FLEX,PSI-69,142,Methanol,Liquid Droplet,Droplet initial diameter: 1.86 mm,15.0,534.5,71.26,3.4,Extinction,1.48,1.86,0.39,0.0,1400.0,Microgravity (~0g),,,,,11/4/2010,NASA Physical Sciences Informatics (PSI),https://psi.nasa.gov/physci/repo/data/investigations/PSI-69,FLEX ID: C14M301. Extinction diameter: 1.48 mm. Burning rate: 0.39 mm/s.
FLEX-143,FLEX,PSI-69,143,Methanol,Liquid Droplet,Droplet initial diameter: 2.25 mm,15.0,534.7,71.29,2.7,Extinction,2.06,2.25,0.36,0.0,1400.0,Microgravity (~0g),,,,,11/4/2010,NASA Physical Sciences Informatics (PSI),https://psi.nasa.gov/physci/repo/data/investigations/PSI-69,FLEX ID: C14M302. Extinction diameter: 2.06 mm. Burning rate: 0.36 mm/s.
FLEX-144,FLEX,PSI-69,144,Methanol,Liquid Droplet,Droplet initial diameter: 3.53 mm,20.0,761.9,101.58,23.8,Extinction,1.53,3.53,0.45,0.0,1400.0,Microgravity (~0g),,,,,11/16/10,NASA Physical Sciences Informatics (PSI),https://psi.nasa.gov/physci/repo/data/investigations/PSI-69,FLEX ID: C01M101. Extinction diameter: 1.53 mm. Burning rate: 0.45 mm/s.
FLEX-145,FLEX,PSI-69,145,Methanol,Liquid Droplet,Droplet initial diameter: 3.33 mm,20.0,763.5,101.79,20.0,Extinction,1.61,3.33,0.45,0.0,1400.0,Microgravity (~0g),,,,,11/16/10,NASA Physical Sciences Informatics (PSI),https://psi.nasa.gov/physci/repo/data/investigations/PSI-69,FLEX ID: C01M201. Extinction diameter: 1.61 mm. Burning rate: 0.45 mm/s.
FLEX-146,FLEX,PSI-69,146,Methanol,Liquid Droplet,Droplet initial diameter: 4.35 mm,20.0,765.5,102.06,39.2,Extinction,1.95,4.35,0.41,0.0,1400.0,Microgravity (~0g),,,,,11/16/10,NASA Physical Sciences Informatics (PSI),https://psi.nasa.gov/physci/repo/data/investigations/PSI-69,FLEX ID: C01M301. Extinction diameter: 1.95 mm. Burning rate: 0.41 mm/s.
FLEX-147,FLEX,PSI-69,147,Methanol,Liquid Droplet,Droplet initial diameter: 3.02 mm,17.0,535.7,71.42,7.8,Extinction,2.49,3.02,0.4,0.0,1400.0,Microgravity (~0g),,,,,9/13/2010,NASA Physical Sciences Informatics (PSI),https://psi.nasa.gov/physci/repo/data/investigations/PSI-69,FLEX ID: C13M102. Extinction diameter: 2.49 mm. Burning rate: 0.4 mm/s.
FLEX-148,FLEX,PSI-69,148,Heptane,Liquid Droplet,Droplet initial diameter: 2.58 mm,20.0,764.4,101.91,11.8,Disruption,1.15,2.58,0.54,0.0,1250.0,Microgravity (~0g),,,,,11/18/10,NASA Physical Sciences Informatics (PSI),https://psi.nasa.gov/physci/repo/data/investigations/PSI-69,FLEX ID: C01H101. Extinction diameter: 1.15 mm. Burning rate: 0.54 mm/s.
FLEX-149,FLEX,PSI-69,149,Heptane,Liquid Droplet,Droplet initial diameter: 2.21 mm,20.0,766.2,102.15,8.9,Disruption,0.82,2.21,0.53,0.0,1250.0,Microgravity (~0g),,,,,11/18/10,NASA Physical Sciences Informatics (PSI),https://psi.nasa.gov/physci/repo/data/investigations/PSI-69,FLEX ID: C01H201. Extinction diameter: 0.82 mm. Burning rate: 0.53 mm/s.
FLEX-150,FLEX,PSI-69,150,Heptane,Liquid Droplet,Droplet initial diameter: 3.18 mm,20.0,767.6,102.34,8.0,Extinction,2.54,3.18,0.46,0.0,1400.0,Microgravity (~0g),,,,,11/18/10,NASA Physical Sciences Informatics (PSI),https://psi.nasa.gov/physci/repo/data/investigations/PSI-69,FLEX ID: C01H302. Extinction diameter: 2.54 mm. Burning rate: 0.46 mm/s.
FLEX-151,FLEX,PSI-69,151,Methanol,Liquid Droplet,Droplet initial diameter: 3.86 mm,18.0,762.5,101.66,31.3,Completion,,3.86,0.36,0.0,1400.0,Microgravity (~0g),,,,,12/8/2010,NASA Physical Sciences Informatics (PSI),https://psi.nasa.gov/physci/repo/data/investigations/PSI-69,FLEX ID: C03M101. Extinction diameter: None mm. Burning rate: 0.36 mm/s.
FLEX-152,FLEX,PSI-69,152,Methanol,Liquid Droplet,Droplet initial diameter: 3.33 mm,18.0,765.0,101.99,23.2,Extinction,1.23,3.33,0.43,0.0,1400.0,Microgravity (~0g),,,,,12/8/2010,NASA Physical Sciences Informatics (PSI),https://psi.nasa.gov/physci/repo/data/investigations/PSI-69,FLEX ID: C03M201. Extinction diameter: 1.23 mm. Burning rate: 0.43 mm/s.
FLEX-153,FLEX,PSI-69,153,Methanol,Liquid Droplet,Droplet initial diameter: 2.78 mm,18.0,765.6,102.07,15.7,Extinction,1.19,2.78,0.42,0.0,1400.0,Microgravity (~0g),,,,,12/8/2010,NASA Physical Sciences Informatics (PSI),https://psi.nasa.gov/physci/repo/data/investigations/PSI-69,FLEX ID: C03M301. Extinction diameter: 1.19 mm. Burning rate: 0.42 mm/s.
FLEX-154,FLEX,PSI-69,154,Heptane,Liquid Droplet,Droplet initial diameter: 3.7 mm,18.0,762.3,101.63,2.2,Extinction,3.6,3.7,0.34,0.0,1400.0,Microgravity (~0g),,,,,12/9/2010,NASA Physical Sciences Informatics (PSI),https://psi.nasa.gov/physci/repo/data/investigations/PSI-69,FLEX ID: C03H101. Extinction diameter: 3.6 mm. Burning rate: 0.34 mm/s.
FLEX-155,FLEX,PSI-69,155,Heptane,Liquid Droplet,Droplet initial diameter: 2.73 mm,18.0,764.9,101.98,2.7,Extinction,2.52,2.73,0.39,0.0,1400.0,Microgravity (~0g),,,,,12/9/2010,NASA Physical Sciences Informatics (PSI),https://psi.nasa.gov/physci/repo/data/investigations/PSI-69,FLEX ID: C03H201. Extinction diameter: 2.52 mm. Burning rate: 0.39 mm/s.
FLEX-156,FLEX,PSI-69,156,Heptane,Liquid Droplet,Droplet initial diameter: 1.34 mm,18.0,765.7,102.08,3.2,Completion,0.45,1.34,0.48,0.0,1400.0,Microgravity (~0g),,,,,12/9/2010,NASA Physical Sciences Informatics (PSI),https://psi.nasa.gov/physci/repo/data/investigations/PSI-69,FLEX ID: C03H401. Extinction diameter: 0.45 mm. Burning rate: 0.48 mm/s.
FLEX-157,FLEX,PSI-69,157,Methanol,Liquid Droplet,Droplet initial diameter: 4.24 mm,16.0,762.1,101.6,7.6,Extinction,3.96,4.24,0.3,0.0,1400.0,Microgravity (~0g),,,,,12/14/10,NASA Physical Sciences Informatics (PSI),https://psi.nasa.gov/physci/repo/data/investigations/PSI-69,FLEX ID: C05M101. Extinction diameter: 3.96 mm. Burning rate: 0.3 mm/s.
FLEX-158,FLEX,PSI-69,158,Methanol,Liquid Droplet,Droplet initial diameter: 3.7 mm,16.0,764.4,101.91,10.1,Extinction,3.22,3.7,0.37,0.0,1400.0,Microgravity (~0g),,,,,12/14/10,NASA Physical Sciences Informatics (PSI),https://psi.nasa.gov/physci/repo/data/investigations/PSI-69,FLEX ID: C05M201. Extinction diameter: 3.22 mm. Burning rate: 0.37 mm/s.
FLEX-159,FLEX,PSI-69,159,Methanol,Liquid Droplet,Droplet initial diameter: 2.71 mm,16.0,765.5,102.06,14.9,Extinction,1.34,2.71,0.38,0.0,1400.0,Microgravity (~0g),,,,,12/14/10,NASA Physical Sciences Informatics (PSI),https://psi.nasa.gov/physci/repo/data/investigations/PSI-69,FLEX ID: C05M301. Extinction diameter: 1.34 mm. Burning rate: 0.38 mm/s.
FLEX-160,FLEX,PSI-69,160,Methanol,Liquid Droplet,Droplet initial diameter: 2.77 mm,16.0,767.6,102.34,14.8,Extinction,1.52,2.77,0.38,0.0,1400.0,Microgravity (~0g),,,,,12/14/10,NASA Physical Sciences Informatics (PSI),https://psi.nasa.gov/physci/repo/data/investigations/PSI-69,FLEX ID: C05M401. Extinction diameter: 1.52 mm. Burning rate: 0.38 mm/s.
FLEX-161,FLEX,PSI-69,161,Methanol,Liquid Droplet,Droplet initial diameter: 3.72 mm,15.0,763.3,101.76,6.0,Extinction,3.5,3.72,0.28,0.0,1400.0,Microgravity (~0g),,,,,12/28/10,NASA Physical Sciences Informatics (PSI),https://psi.nasa.gov/physci/repo/data/investigations/PSI-69,FLEX ID: C06M101. Extinction diameter: 3.5 mm. Burning rate: 0.28 mm/s.
FLEX-162,FLEX,PSI-69,162,Methanol,Liquid Droplet,Droplet initial diameter: 3.05 mm,15.0,764.4,101.91,8.5,Extinction,2.54,3.05,0.37,0.0,1400.0,Microgravity (~0g),,,,,12/28/10,NASA Physical Sciences Informatics (PSI),https://psi.nasa.gov/physci/repo/data/investigations/PSI-69,FLEX ID: C06M201. Extinction diameter: 2.54 mm. Burning rate: 0.37 mm/s.
FLEX-163,FLEX,PSI-69,163,Methanol,Liquid Droplet,Droplet initial diameter: 2.59 mm,15.0,765.9,102.11,11.6,Extinction,1.63,2.59,0.37,0.0,1400.0,Microgravity (~0g),,,,,12/28/10,NASA Physical Sciences Informatics (PSI),https://psi.nasa.gov/physci/repo/data/investigations/PSI-69,FLEX ID: C06M301. Extinction diameter: 1.63 mm. Burning rate: 0.37 mm/s.
FLEX-164,FLEX,PSI-69,164,Methanol,Liquid Droplet,Droplet initial diameter: 2.59 mm,15.0,766.1,102.14,8.9,Extinction,1.79,2.59,0.42,0.0,1400.0,Microgravity (~0g),,,,,12/28/10,NASA Physical Sciences Informatics (PSI),https://psi.nasa.gov/physci/repo/data/investigations/PSI-69,FLEX ID: C06M401. Extinction diameter: 1.79 mm. Burning rate: 0.42 mm/s.
FLEX-165,FLEX,PSI-69,165,Heptane,Liquid Droplet,Droplet initial diameter: 1.96 mm,18.0,765.4,102.04,3.9,Extinction,1.39,1.96,0.54,0.0,1400.0,Microgravity (~0g),,,,,12/9/2010,NASA Physical Sciences Informatics (PSI),https://psi.nasa.gov/physci/repo/data/investigations/PSI-69,FLEX ID: C03H302. Extinction diameter: 1.39 mm. Burning rate: 0.54 mm/s.
FLEX-166,FLEX,PSI-69,166,Methanol,Liquid Droplet,Droplet initial diameter: 3.22 mm,14.0,760.8,101.43,3.4,Extinction,3.08,3.22,0.28,0.0,1400.0,Microgravity (~0g),,,,,1/12/2011,NASA Physical Sciences Informatics (PSI),https://psi.nasa.gov/physci/repo/data/investigations/PSI-69,FLEX ID: C07M101. Extinction diameter: 3.08 mm. Burning rate: 0.28 mm/s.
FLEX-167,FLEX,PSI-69,167,Methanol,Liquid Droplet,Droplet initial diameter: 2.32 mm,14.0,761.6,101.54,5.9,Extinction,1.84,2.32,0.37,0.0,1400.0,Microgravity (~0g),,,,,1/12/2011,NASA Physical Sciences Informatics (PSI),https://psi.nasa.gov/physci/repo/data/investigations/PSI-69,FLEX ID: C07M201. Extinction diameter: 1.84 mm. Burning rate: 0.37 mm/s.
FLEX-168,FLEX,PSI-69,168,Methanol,Liquid Droplet,Droplet initial diameter: 3.03 mm,21.0,763.4,101.78,15.6,Disruption,1.57,3.03,0.48,0.0,1250.0,Microgravity (~0g),,,,,1/18/2011,NASA Physical Sciences Informatics (PSI),https://psi.nasa.gov/physci/repo/data/investigations/PSI-69,FLEX ID: C15M101. Extinction diameter: 1.57 mm. Burning rate: 0.48 mm/s.
FLEX-169,FLEX,PSI-69,169,Methanol,Liquid Droplet,Droplet initial diameter: 3.05 mm,21.0,766.1,102.14,16.7,Extinction,1.28,3.05,0.51,0.0,1400.0,Microgravity (~0g),,,,,1/18/2011,NASA Physical Sciences Informatics (PSI),https://psi.nasa.gov/physci/repo/data/investigations/PSI-69,FLEX ID: C15M201. Extinction diameter: 1.28 mm. Burning rate: 0.51 mm/s.
FLEX-170,FLEX,PSI-69,170,Methanol,Liquid Droplet,Droplet initial diameter: 3.53 mm,21.0,766.7,102.22,23.6,Extinction,1.59,3.53,0.46,0.0,1400.0,Microgravity (~0g),,,,,1/18/2011,NASA Physical Sciences Informatics (PSI),https://psi.nasa.gov/physci/repo/data/investigations/PSI-69,FLEX ID: C15M301. Extinction diameter: 1.59 mm. Burning rate: 0.46 mm/s.
FLEX-171,FLEX,PSI-69,171,Heptane,Liquid Droplet,Droplet initial diameter: 3.74 mm,18.0,759.9,101.31,2.8,Extinction,3.68,3.74,0.35,0.0,1400.0,Microgravity (~0g),,,,,2/21/2011,NASA Physical Sciences Informatics (PSI),https://psi.nasa.gov/physci/repo/data/investigations/PSI-69,FLEX ID: C03H501. Extinction diameter: 3.68 mm. Burning rate: 0.35 mm/s.
FLEX-172,FLEX,PSI-69,172,Heptane,Liquid Droplet,Droplet initial diameter: 2.4 mm,18.0,762.0,101.59,4.4,Extinction,1.96,2.4,0.46,0.0,1400.0,Microgravity (~0g),,,,,2/21/2011,NASA Physical Sciences Informatics (PSI),https://psi.nasa.gov/physci/repo/data/investigations/PSI-69,FLEX ID: C03H601. Extinction diameter: 1.96 mm. Burning rate: 0.46 mm/s.
FLEX-173,FLEX,PSI-69,173,Heptane,Liquid Droplet,Droplet initial diameter: 1.35 mm,18.0,762.1,101.6,3.6,Disruption,0.47,1.35,0.5,0.0,1250.0,Microgravity (~0g),,,,,2/21/2011,NASA Physical Sciences Informatics (PSI),https://psi.nasa.gov/physci/repo/data/investigations/PSI-69,FLEX ID: C03H701. Extinction diameter: 0.47 mm. Burning rate: 0.5 mm/s.
FLEX-174,FLEX,PSI-69,174,Heptane,Liquid Droplet,Droplet initial diameter: 2.5 mm,24.0,531.7,70.89,11.2,Disruption,0.21,2.5,0.56,0.0,1250.0,Microgravity (~0g),,,,,2/21/2011,NASA Physical Sciences Informatics (PSI),https://psi.nasa.gov/physci/repo/data/investigations/PSI-69,FLEX ID: C08H502. Extinction diameter: 0.21 mm. Burning rate: 0.56 mm/s.
FLEX-175,FLEX,PSI-69,175,Heptane,Liquid Droplet,Droplet initial diameter: 2.88 mm,24.0,532.1,70.94,15.6,Disruption,,2.88,0.55,0.0,1250.0,Microgravity (~0g),,,,,2/21/2011,NASA Physical Sciences Informatics (PSI),https://psi.nasa.gov/physci/repo/data/investigations/PSI-69,FLEX ID: C08H601. Extinction diameter: None mm. Burning rate: 0.55 mm/s.
FLEX-176,FLEX,PSI-69,176,Methanol,Liquid Droplet,Droplet initial diameter: 4.53 mm,24.0,536.9,71.58,38.2,Extinction,,4.53,0.46,0.0,1400.0,Microgravity (~0g),,,,,4/18/2011,NASA Physical Sciences Informatics (PSI),https://psi.nasa.gov/physci/repo/data/investigations/PSI-69,FLEX ID: C08M501. Extinction diameter: None mm. Burning rate: 0.46 mm/s.
FLEX-177,FLEX,PSI-69,177,Methanol,Liquid Droplet,Droplet initial diameter: 3.02 mm,24.0,537.0,71.59,14.5,Extinction,1.35,3.02,0.52,0.0,1400.0,Microgravity (~0g),,,,,4/18/2011,NASA Physical Sciences Informatics (PSI),https://psi.nasa.gov/physci/repo/data/investigations/PSI-69,FLEX ID: C08M601. Extinction diameter: 1.35 mm. Burning rate: 0.52 mm/s.
FLEX-178,FLEX,PSI-69,178,Heptane,Liquid Droplet,Droplet initial diameter: 3.32 mm,23.0,533.6,71.14,8.9,Extinction,2.61,3.32,0.5,0.0,1400.0,Microgravity (~0g),,,,,4/20/2011,NASA Physical Sciences Informatics (PSI),https://psi.nasa.gov/physci/repo/data/investigations/PSI-69,FLEX ID: C09H501. Extinction diameter: 2.61 mm. Burning rate: 0.5 mm/s.
FLEX-179,FLEX,PSI-69,179,Heptane,Liquid Droplet,Droplet initial diameter: 2.07 mm,23.0,534.4,71.25,7.5,Disruption,0.48,2.07,0.57,0.0,1250.0,Microgravity (~0g),,,,,4/20/2011,NASA Physical Sciences Informatics (PSI),https://psi.nasa.gov/physci/repo/data/investigations/PSI-69,FLEX ID: C09H601. Extinction diameter: 0.48 mm. Burning rate: 0.57 mm/s.
FLEX-180,FLEX,PSI-69,180,Heptane,Liquid Droplet,Droplet initial diameter: 3.4 mm,19.0,758.4,101.11,4.5,Extinction,3.13,3.4,0.41,0.0,1400.0,Microgravity (~0g),,,,,4/20/2011,NASA Physical Sciences Informatics (PSI),https://psi.nasa.gov/physci/repo/data/investigations/PSI-69,FLEX ID: C02H101. Extinction diameter: 3.13 mm. Burning rate: 0.41 mm/s.
FLEX-181,FLEX,PSI-69,181,Heptane,Liquid Droplet,Droplet initial diameter: 2.48 mm,19.0,759.1,101.2,7.0,Extinction,1.68,2.48,0.49,0.0,1400.0,Microgravity (~0g),,,,,4/20/2011,NASA Physical Sciences Informatics (PSI),https://psi.nasa.gov/physci/repo/data/investigations/PSI-69,FLEX ID: C02H201. Extinction diameter: 1.68 mm. Burning rate: 0.49 mm/s.
FLEX-182,FLEX,PSI-69,182,Heptane,Liquid Droplet,Droplet initial diameter: 1.64 mm,19.0,759.0,101.19,5.1,Disruption,0.49,1.64,0.54,0.0,1250.0,Microgravity (~0g),,,,,4/20/2011,NASA Physical Sciences Informatics (PSI),https://psi.nasa.gov/physci/repo/data/investigations/PSI-69,FLEX ID: C02H202. Extinction diameter: 0.49 mm. Burning rate: 0.54 mm/s.
FLEX-183,FLEX,PSI-69,183,Methanol,Liquid Droplet,Droplet initial diameter: 3.72 mm,23.0,534.4,71.25,26.2,Extinction,,3.72,0.53,0.0,1400.0,Microgravity (~0g),,,,,8/8/2011,NASA Physical Sciences Informatics (PSI),https://psi.nasa.gov/physci/repo/data/investigations/PSI-69,FLEX ID: C09M501. Extinction diameter: None mm. Burning rate: 0.53 mm/s.
FLEX-184,FLEX,PSI-69,184,Methanol,Liquid Droplet,Droplet initial diameter: 3.42 mm,23.0,535.1,71.34,15.8,Extinction,,3.42,0.51,0.0,1400.0,Microgravity (~0g),,,,,8/8/2011,NASA Physical Sciences Informatics (PSI),https://psi.nasa.gov/physci/repo/data/investigations/PSI-69,FLEX ID: C09M502. Extinction diameter: None mm. Burning rate: 0.51 mm/s.
FLEX-185,FLEX,PSI-69,185,Methanol,Liquid Droplet,Droplet initial diameter: 2.8 mm,23.0,535.2,71.35,12.7,Extinction,1.33,2.8,0.51,0.0,1400.0,Microgravity (~0g),,,,,8/8/2011,NASA Physical Sciences Informatics (PSI),https://psi.nasa.gov/physci/repo/data/investigations/PSI-69,FLEX ID: C09M601. Extinction diameter: 1.33 mm. Burning rate: 0.51 mm/s.
FLEX-186,FLEX,PSI-69,186,Methanol,Liquid Droplet,Droplet initial diameter: 2.47 mm,23.0,536.2,71.49,9.2,Extinction,1.21,2.47,0.52,0.0,1400.0,Microgravity (~0g),,,,,8/8/2011,NASA Physical Sciences Informatics (PSI),https://psi.nasa.gov/physci/repo/data/investigations/PSI-69,FLEX ID: C09M701. Extinction diameter: 1.21 mm. Burning rate: 0.52 mm/s.
FLEX-187,FLEX,PSI-69,187,Methanol,Liquid Droplet,Droplet initial diameter: 3.38 mm,19.0,758.0,101.06,21.8,Extinction,1.29,3.38,0.47,0.0,1400.0,Microgravity (~0g),,,,,8/8/2011,NASA Physical Sciences Informatics (PSI),https://psi.nasa.gov/physci/repo/data/investigations/PSI-69,FLEX ID: C02M101. Extinction diameter: 1.29 mm. Burning rate: 0.47 mm/s.
FLEX-188,FLEX,PSI-69,188,Methanol,Liquid Droplet,Droplet initial diameter: 2.47 mm,19.0,758.1,101.07,11.0,Extinction,1.08,2.47,0.46,0.0,1400.0,Microgravity (~0g),,,,,8/8/2011,NASA Physical Sciences Informatics (PSI),https://psi.nasa.gov/physci/repo/data/investigations/PSI-69,FLEX ID: C02M201. Extinction diameter: 1.08 mm. Burning rate: 0.46 mm/s.
FLEX-189,FLEX,PSI-69,189,Methanol,Liquid Droplet,Droplet initial diameter: 3.77 mm,18.0,761.2,101.48,30.5,Extinction,1.78,3.77,0.42,0.0,1400.0,Microgravity (~0g),,,,,8/9/2011,NASA Physical Sciences Informatics (PSI),https://psi.nasa.gov/physci/repo/data/investigations/PSI-69,FLEX ID: C03M501. Extinction diameter: 1.78 mm. Burning rate: 0.42 mm/s.
FLEX-190,FLEX,PSI-69,190,Methanol,Liquid Droplet,Droplet initial diameter: 2.74 mm,18.0,764.6,101.94,14.0,Extinction,0.95,2.74,0.5,0.0,1400.0,Microgravity (~0g),,,,,8/9/2011,NASA Physical Sciences Informatics (PSI),https://psi.nasa.gov/physci/repo/data/investigations/PSI-69,FLEX ID: C03M601. Extinction diameter: 0.95 mm. Burning rate: 0.5 mm/s.
FLEX-191,FLEX,PSI-69,191,Methanol,Liquid Droplet,Droplet initial diameter: 1.76 mm,18.0,765.3,102.03,5.5,Extinction,0.81,1.76,0.46,0.0,1400.0,Microgravity (~0g),,,,,8/9/2011,NASA Physical Sciences Informatics (PSI),https://psi.nasa.gov/physci/repo/data/investigations/PSI-69,FLEX ID: C03M701. Extinction diameter: 0.81 mm. Burning rate: 0.46 mm/s.
FLEX-192,FLEX,PSI-69,192,Methanol,Liquid Droplet,Droplet initial diameter: 3.46 mm,17.0,759.5,101.26,21.8,Extinction,,3.46,0.39,0.0,1400.0,Microgravity (~0g),,,,,8/9/2011,NASA Physical Sciences Informatics (PSI),https://psi.nasa.gov/physci/repo/data/investigations/PSI-69,FLEX ID: C04M101. Extinction diameter: None mm. Burning rate: 0.39 mm/s.
FLEX-193,FLEX,PSI-69,193,Methanol,Liquid Droplet,Droplet initial diameter: 2.77 mm,17.0,759.1,101.2,15.6,Extinction,1.27,2.77,0.4,0.0,1400.0,Microgravity (~0g),,,,,8/9/2011,NASA Physical Sciences Informatics (PSI),https://psi.nasa.gov/physci/repo/data/investigations/PSI-69,FLEX ID: C04M201. Extinction diameter: 1.27 mm. Burning rate: 0.4 mm/s.
FLEX-194,FLEX,PSI-69,194,Heptane,Liquid Droplet,Droplet initial diameter: 3.76 mm,17.0,752.0,100.26,1.6,Extinction,3.71,3.76,0.29,0.0,1400.0,Microgravity (~0g),,,,,8/17/2011,NASA Physical Sciences Informatics (PSI),https://psi.nasa.gov/physci/repo/data/investigations/PSI-69,FLEX ID: C04H101. Extinction diameter: 3.71 mm. Burning rate: 0.29 mm/s.
FLEX-195,FLEX,PSI-69,195,Heptane,Liquid Droplet,Droplet initial diameter: 2.9 mm,17.0,752.5,100.32,1.9,Extinction,2.79,2.9,0.36,0.0,1400.0,Microgravity (~0g),,,,,8/17/2011,NASA Physical Sciences Informatics (PSI),https://psi.nasa.gov/physci/repo/data/investigations/PSI-69,FLEX ID: C04H201. Extinction diameter: 2.79 mm. Burning rate: 0.36 mm/s.
FLEX-196,FLEX,PSI-69,196,Heptane,Liquid Droplet,Droplet initial diameter: 3.06 mm,20.0,758.4,101.11,8.9,Extinction,2.28,3.06,0.52,0.0,1400.0,Microgravity (~0g),,,,,8/18/2011,NASA Physical Sciences Informatics (PSI),https://psi.nasa.gov/physci/repo/data/investigations/PSI-69,FLEX ID: C01H501. Extinction diameter: 2.28 mm. Burning rate: 0.52 mm/s.
FLEX-197,FLEX,PSI-69,197,Heptane,Liquid Droplet,Droplet initial diameter: 3.04 mm,20.0,759.8,101.3,8.1,Extinction,2.33,3.04,0.49,0.0,1400.0,Microgravity (~0g),,,,,8/18/2011,NASA Physical Sciences Informatics (PSI),https://psi.nasa.gov/physci/repo/data/investigations/PSI-69,FLEX ID: C01H601. Extinction diameter: 2.33 mm. Burning rate: 0.49 mm/s.
FLEX-198,FLEX,PSI-69,198,Heptane,Liquid Droplet,Droplet initial diameter: 2.12 mm,20.0,760.1,101.34,8.7,Disruption,0.13,2.12,0.53,0.0,1250.0,Microgravity (~0g),,,,,8/18/2011,NASA Physical Sciences Informatics (PSI),https://psi.nasa.gov/physci/repo/data/investigations/PSI-69,FLEX ID: C01H701. Extinction diameter: 0.13 mm. Burning rate: 0.53 mm/s.
FLEX-199,FLEX,PSI-69,199,Methanol,Liquid Droplet,Droplet initial diameter: 3.37 mm,20.0,754.0,100.52,21.0,Extinction,0.98,3.37,0.49,0.0,1400.0,Microgravity (~0g),,,,,8/24/2011,NASA Physical Sciences Informatics (PSI),https://psi.nasa.gov/physci/repo/data/investigations/PSI-69,FLEX ID: C01M501. Extinction diameter: 0.98 mm. Burning rate: 0.49 mm/s.
FLEX-200,FLEX,PSI-69,200,Methanol,Liquid Droplet,Droplet initial diameter: 2.57 mm,20.0,756.1,100.8,11.7,Extinction,1.13,2.57,0.47,0.0,1400.0,Microgravity (~0g),,,,,8/24/2011,NASA Physical Sciences Informatics (PSI),https://psi.nasa.gov/physci/repo/data/investigations/PSI-69,FLEX ID: C01M602. Extinction diameter: 1.13 mm. Burning rate: 0.47 mm/s.
FLEX-201,FLEX,PSI-69,201,Methanol,Liquid Droplet,Droplet initial diameter: 2.4 mm,20.0,756.9,100.91,10.2,Extinction,1.05,2.4,0.48,0.0,1400.0,Microgravity (~0g),,,,,8/24/2011,NASA Physical Sciences Informatics (PSI),https://psi.nasa.gov/physci/repo/data/investigations/PSI-69,FLEX ID: C01M603. Extinction diameter: 1.05 mm. Burning rate: 0.48 mm/s.
FLEX-202,FLEX,PSI-69,202,Methanol,Liquid Droplet,Droplet initial diameter: 3.3 mm,21.0,760.2,101.35,19.5,Extinction,1.42,3.3,0.47,0.0,1400.0,Microgravity (~0g),,,,,8/24/2011,NASA Physical Sciences Informatics (PSI),https://psi.nasa.gov/physci/repo/data/investigations/PSI-69,FLEX ID: N01M101. Extinction diameter: 1.42 mm. Burning rate: 0.47 mm/s.
FLEX-203,FLEX,PSI-69,203,Methanol,Liquid Droplet,Droplet initial diameter: 2.75 mm,21.0,761.6,101.54,12.8,Extinction,1.11,2.75,0.52,0.0,1400.0,Microgravity (~0g),,,,,8/24/2011,NASA Physical Sciences Informatics (PSI),https://psi.nasa.gov/physci/repo/data/investigations/PSI-69,FLEX ID: N01M201. Extinction diameter: 1.11 mm. Burning rate: 0.52 mm/s.
FLEX-204,FLEX,PSI-69,204,Heptane,Liquid Droplet,Droplet initial diameter: 3.56 mm,21.0,756.5,100.86,23.9,Disruption,,3.56,0.43,0.0,1250.0,Microgravity (~0g),,,,,8/29/2011,NASA Physical Sciences Informatics (PSI),https://psi.nasa.gov/physci/repo/data/investigations/PSI-69,FLEX ID: N01H101. Extinction diameter: None mm. Burning rate: 0.43 mm/s.
FLEX-205,FLEX,PSI-69,205,Heptane,Liquid Droplet,Droplet initial diameter: 3.58 mm,21.0,757.3,100.96,24.0,Disruption,,3.58,0.42,0.0,1250.0,Microgravity (~0g),,,,,8/29/2011,NASA Physical Sciences Informatics (PSI),https://psi.nasa.gov/physci/repo/data/investigations/PSI-69,FLEX ID: N01H102. Extinction diameter: None mm. Burning rate: 0.42 mm/s.
FLEX-206,FLEX,PSI-69,206,Heptane,Liquid Droplet,Droplet initial diameter: 2.96 mm,21.0,760.2,101.35,17.1,Disruption,0.47,2.96,0.5,0.0,1250.0,Microgravity (~0g),,,,,8/29/2011,NASA Physical Sciences Informatics (PSI),https://psi.nasa.gov/physci/repo/data/investigations/PSI-69,FLEX ID: N01H201. Extinction diameter: 0.47 mm. Burning rate: 0.5 mm/s.
FLEX-207,FLEX,PSI-69,207,Heptane,Liquid Droplet,Droplet initial diameter: 2.72 mm,21.0,762.7,101.68,11.5,Completion,1.13,2.72,0.54,0.0,1400.0,Microgravity (~0g),,,,,8/29/2011,NASA Physical Sciences Informatics (PSI),https://psi.nasa.gov/physci/repo/data/investigations/PSI-69,FLEX ID: N01H202. Extinction diameter: 1.13 mm. Burning rate: 0.54 mm/s.
FLEX-208,FLEX,PSI-69,208,Heptane,Liquid Droplet,Droplet initial diameter: 2.92 mm,21.0,762.9,101.71,12.8,Completion,,2.92,0.69,0.0,1400.0,Microgravity (~0g),,,,,8/29/2011,NASA Physical Sciences Informatics (PSI),https://psi.nasa.gov/physci/repo/data/investigations/PSI-69,FLEX ID: N01H301. Extinction diameter: None mm. Burning rate: 0.69 mm/s.
FLEX-209,FLEX,PSI-69,209,Heptane,Liquid Droplet,Droplet initial diameter: 3.34 mm,16.0,759.8,101.3,3.4,Extinction,3.18,3.34,0.34,0.0,1400.0,Microgravity (~0g),,,,,8/29/2011,NASA Physical Sciences Informatics (PSI),https://psi.nasa.gov/physci/repo/data/investigations/PSI-69,FLEX ID: N02H101. Extinction diameter: 3.18 mm. Burning rate: 0.34 mm/s.
FLEX-210,FLEX,PSI-69,210,Heptane,Liquid Droplet,Spherical droplet,16.0,759.8,101.3,,Extinction,,,,0.0,1400.0,Microgravity (~0g),,,,,8/29/2011,NASA Physical Sciences Informatics (PSI),https://psi.nasa.gov/physci/repo/data/investigations/PSI-69,FLEX ID: N02H201. Extinction diameter: None mm. Burning rate: None mm/s.
FLEX-211,FLEX,PSI-69,211,Heptane,Liquid Droplet,Droplet initial diameter: 2.52 mm,16.0,759.9,101.31,4.5,Extinction,2.13,2.52,0.42,0.0,1400.0,Microgravity (~0g),,,,,8/30/2011,NASA Physical Sciences Informatics (PSI),https://psi.nasa.gov/physci/repo/data/investigations/PSI-69,FLEX ID: N02H203. Extinction diameter: 2.13 mm. Burning rate: 0.42 mm/s.
FLEX-212,FLEX,PSI-69,212,Heptane,Liquid Droplet,Droplet initial diameter: 2.55 mm,15.0,764.0,101.86,3.4,Extinction,2.31,2.55,0.37,0.0,1400.0,Microgravity (~0g),,,,,9/1/2011,NASA Physical Sciences Informatics (PSI),https://psi.nasa.gov/physci/repo/data/investigations/PSI-69,FLEX ID: N03H101. Extinction diameter: 2.31 mm. Burning rate: 0.37 mm/s.
FLEX-213,FLEX,PSI-69,213,Heptane,Liquid Droplet,Droplet initial diameter: 4.16 mm,14.0,759.8,101.3,1.6,Extinction,4.15,4.16,0.24,0.0,1400.0,Microgravity (~0g),,,,,9/1/2011,NASA Physical Sciences Informatics (PSI),https://psi.nasa.gov/physci/repo/data/investigations/PSI-69,FLEX ID: N04H101. Extinction diameter: 4.15 mm. Burning rate: 0.24 mm/s.
FLEX-214,FLEX,PSI-69,214,Heptane,Liquid Droplet,Droplet initial diameter: 1.83 mm,14.0,759.9,101.31,3.8,Extinction,,1.83,0.39,0.0,1400.0,Microgravity (~0g),,,,,9/1/2011,NASA Physical Sciences Informatics (PSI),https://psi.nasa.gov/physci/repo/data/investigations/PSI-69,FLEX ID: N04H201. Extinction diameter: None mm. Burning rate: 0.39 mm/s.
FLEX-215,FLEX,PSI-69,215,Methanol,Liquid Droplet,Droplet initial diameter: 3.5 mm,14.0,757.6,101.0,26.0,Extinction,,3.5,0.3,0.0,1400.0,Microgravity (~0g),,,,,9/8/2011,NASA Physical Sciences Informatics (PSI),https://psi.nasa.gov/physci/repo/data/investigations/PSI-69,FLEX ID: N04M101. Extinction diameter: None mm. Burning rate: 0.3 mm/s.
FLEX-216,FLEX,PSI-69,216,Methanol,Liquid Droplet,Droplet initial diameter: 2.67 mm,14.0,758.3,101.1,15.6,Extinction,1.27,2.67,0.38,0.0,1400.0,Microgravity (~0g),,,,,9/8/2011,NASA Physical Sciences Informatics (PSI),https://psi.nasa.gov/physci/repo/data/investigations/PSI-69,FLEX ID: N04M201. Extinction diameter: 1.27 mm. Burning rate: 0.38 mm/s.
FLEX-217,FLEX,PSI-69,217,Methanol,Liquid Droplet,Droplet initial diameter: 3.46 mm,13.0,759.4,101.24,9.5,Extinction,2.96,3.46,0.36,0.0,1400.0,Microgravity (~0g),,,,,9/8/2011,NASA Physical Sciences Informatics (PSI),https://psi.nasa.gov/physci/repo/data/investigations/PSI-69,FLEX ID: N05M101. Extinction diameter: 2.96 mm. Burning rate: 0.36 mm/s.
FLEX-218,FLEX,PSI-69,218,Methanol,Liquid Droplet,Droplet initial diameter: 2.75 mm,13.0,760.6,101.4,16.3,Extinction,1.46,2.75,0.35,0.0,1400.0,Microgravity (~0g),,,,,9/8/2011,NASA Physical Sciences Informatics (PSI),https://psi.nasa.gov/physci/repo/data/investigations/PSI-69,FLEX ID: N05M201. Extinction diameter: 1.46 mm. Burning rate: 0.35 mm/s.
FLEX-219,FLEX,PSI-69,219,Methanol,Liquid Droplet,Droplet initial diameter: 2.6 mm,12.0,761.6,101.54,6.9,Extinction,2.09,2.6,0.36,0.0,1400.0,Microgravity (~0g),,,,,9/9/2011,NASA Physical Sciences Informatics (PSI),https://psi.nasa.gov/physci/repo/data/investigations/PSI-69,FLEX ID: N06M101. Extinction diameter: 2.09 mm. Burning rate: 0.36 mm/s.
FLEX-220,FLEX,PSI-69,220,Methanol,Liquid Droplet,Droplet initial diameter: 1.94 mm,12.0,761.9,101.58,7.8,Extinction,1.05,1.94,0.35,0.0,1400.0,Microgravity (~0g),,,,,9/9/2011,NASA Physical Sciences Informatics (PSI),https://psi.nasa.gov/physci/repo/data/investigations/PSI-69,FLEX ID: N06M201. Extinction diameter: 1.05 mm. Burning rate: 0.35 mm/s.
FLEX-221,FLEX,PSI-69,221,Methanol,Liquid Droplet,Droplet initial diameter: 1.84 mm,12.0,763.7,101.82,6.0,Extinction,1.04,1.84,0.38,0.0,1400.0,Microgravity (~0g),,,,,9/9/2011,NASA Physical Sciences Informatics (PSI),https://psi.nasa.gov/physci/repo/data/investigations/PSI-69,FLEX ID: N06M202. Extinction diameter: 1.04 mm. Burning rate: 0.38 mm/s.
FLEX-222,FLEX,PSI-69,222,Methanol,Liquid Droplet,Droplet initial diameter: 2.91 mm,20.0,759.2,101.22,14.4,Extinction,1.12,2.91,0.51,0.0,1400.0,Microgravity (~0g),,,,,9/9/2011,NASA Physical Sciences Informatics (PSI),https://psi.nasa.gov/physci/repo/data/investigations/PSI-69,FLEX ID: H01M102. Extinction diameter: 1.12 mm. Burning rate: 0.51 mm/s.
FLEX-223,FLEX,PSI-69,223,Methanol,Liquid Droplet,Spherical droplet,20.0,759.6,101.27,6.0,Extinction,,,,0.0,1400.0,Microgravity (~0g),,,,,9/9/2011,NASA Physical Sciences Informatics (PSI),https://psi.nasa.gov/physci/repo/data/investigations/PSI-69,FLEX ID: H01M104. Extinction diameter: None mm. Burning rate: None mm/s.
FLEX-224,FLEX,PSI-69,224,Heptane,Liquid Droplet,Droplet initial diameter: 2.25 mm,20.0,755.3,100.7,9.0,Completion,,2.25,0.57,0.0,1400.0,Microgravity (~0g),,,,,9/13/2011,NASA Physical Sciences Informatics (PSI),https://psi.nasa.gov/physci/repo/data/investigations/PSI-69,FLEX ID: H01H102. Extinction diameter: None mm. Burning rate: 0.57 mm/s.
FLEX-225,FLEX,PSI-69,225,Methanol,Liquid Droplet,Droplet initial diameter: 2.78 mm,19.0,753.4,100.44,12.5,Extinction,,2.78,0.57,0.0,1400.0,Microgravity (~0g),,,,,9/21/2011,NASA Physical Sciences Informatics (PSI),https://psi.nasa.gov/physci/repo/data/investigations/PSI-69,FLEX ID: H02M101. Extinction diameter: None mm. Burning rate: 0.57 mm/s.
FLEX-226,FLEX,PSI-69,226,Methanol,Liquid Droplet,Droplet initial diameter: 2.79 mm,18.0,759.2,101.22,12.5,Extinction,1.3,2.79,0.51,0.0,1400.0,Microgravity (~0g),,,,,9/22/2011,NASA Physical Sciences Informatics (PSI),https://psi.nasa.gov/physci/repo/data/investigations/PSI-69,FLEX ID: H03M101. Extinction diameter: 1.3 mm. Burning rate: 0.51 mm/s.
FLEX-227,FLEX,PSI-69,227,Methanol,Liquid Droplet,Droplet initial diameter: 2.95 mm,18.0,760.3,101.36,11.7,Extinction,1.67,2.95,0.53,0.0,1400.0,Microgravity (~0g),,,,,9/22/2011,NASA Physical Sciences Informatics (PSI),https://psi.nasa.gov/physci/repo/data/investigations/PSI-69,FLEX ID: H03M201. Extinction diameter: 1.67 mm. Burning rate: 0.53 mm/s.
FLEX-228,FLEX,PSI-69,228,Heptane,Liquid Droplet,Droplet initial diameter: 3.32 mm,21.0,767.4,102.31,17.5,Extinction,1.37,3.32,0.52,0.0,1400.0,Microgravity (~0g),,,,,9/23/2011,NASA Physical Sciences Informatics (PSI),https://psi.nasa.gov/physci/repo/data/investigations/PSI-69,FLEX ID: N01H401. Extinction diameter: 1.37 mm. Burning rate: 0.52 mm/s.
FLEX-229,FLEX,PSI-69,229,Heptane,Liquid Droplet,Droplet initial diameter: 2.39 mm,21.0,768.1,102.4,10.6,Disruption,,2.39,0.57,0.0,1250.0,Microgravity (~0g),,,,,9/24/2011,NASA Physical Sciences Informatics (PSI),https://psi.nasa.gov/physci/repo/data/investigations/PSI-69,FLEX ID: N01H502. Extinction diameter: None mm. Burning rate: 0.57 mm/s.
FLEX-230,FLEX,PSI-69,230,Heptane,Liquid Droplet,Droplet initial diameter: 3.65 mm,21.0,769.2,102.55,9.6,Extinction,2.85,3.65,0.57,0.0,1400.0,Microgravity (~0g),,,,,9/24/2011,NASA Physical Sciences Informatics (PSI),https://psi.nasa.gov/physci/repo/data/investigations/PSI-69,FLEX ID: N01H601. Extinction diameter: 2.85 mm. Burning rate: 0.57 mm/s.
FLEX-231,FLEX,PSI-69,231,Heptane,Liquid Droplet,Droplet initial diameter: 2.59 mm,19.0,758.8,101.16,12.0,Disruption,,2.59,0.54,0.0,1250.0,Microgravity (~0g),,,,,9/24/2011,NASA Physical Sciences Informatics (PSI),https://psi.nasa.gov/physci/repo/data/investigations/PSI-69,FLEX ID: H02H101. Extinction diameter: None mm. Burning rate: 0.54 mm/s.
FLEX-232,FLEX,PSI-69,232,Heptane,Liquid Droplet,Droplet initial diameter: 3.52 mm,18.0,763.7,101.82,4.1,Extinction,3.28,3.52,0.41,0.0,1400.0,Microgravity (~0g),,,,,9/27/2011,NASA Physical Sciences Informatics (PSI),https://psi.nasa.gov/physci/repo/data/investigations/PSI-69,FLEX ID: H03H101. Extinction diameter: 3.28 mm. Burning rate: 0.41 mm/s.
FLEX-233,FLEX,PSI-69,233,Heptane,Liquid Droplet,Droplet initial diameter: 2.3 mm,18.0,765.9,102.11,9.1,Completion,,2.3,0.49,0.0,1400.0,Microgravity (~0g),,,,,9/27/2011,NASA Physical Sciences Informatics (PSI),https://psi.nasa.gov/physci/repo/data/investigations/PSI-69,FLEX ID: H03H201. Extinction diameter: None mm. Burning rate: 0.49 mm/s.
FLEX-234,FLEX,PSI-69,234,Heptane,Liquid Droplet,Droplet initial diameter: 2.27 mm,18.0,766.5,102.19,8.6,Completion,,2.27,0.51,0.0,1400.0,Microgravity (~0g),,,,,9/27/2011,NASA Physical Sciences Informatics (PSI),https://psi.nasa.gov/physci/repo/data/investigations/PSI-69,FLEX ID: H03H202. Extinction diameter: None mm. Burning rate: 0.51 mm/s.
FLEX-235,FLEX,PSI-69,235,Heptane,Liquid Droplet,Droplet initial diameter: 2.85 mm,17.0,759.3,101.23,3.2,Extinction,2.6,2.85,0.46,0.0,1400.0,Microgravity (~0g),,,,,9/27/2011,NASA Physical Sciences Informatics (PSI),https://psi.nasa.gov/physci/repo/data/investigations/PSI-69,FLEX ID: H04H101. Extinction diameter: 2.6 mm. Burning rate: 0.46 mm/s.
FLEX-236,FLEX,PSI-69,236,Heptane,Liquid Droplet,Droplet initial diameter: 2.12 mm,17.0,759.3,101.23,4.5,Extinction,1.39,2.12,0.59,0.0,1400.0,Microgravity (~0g),,,,,9/27/2011,NASA Physical Sciences Informatics (PSI),https://psi.nasa.gov/physci/repo/data/investigations/PSI-69,FLEX ID: H04H201. Extinction diameter: 1.39 mm. Burning rate: 0.59 mm/s.
FLEX-237,FLEX,PSI-69,237,Heptane,Liquid Droplet,Spherical droplet,17.0,759.6,101.27,1.7,Disruption,,,,0.0,1250.0,Microgravity (~0g),,,,,9/27/2011,NASA Physical Sciences Informatics (PSI),https://psi.nasa.gov/physci/repo/data/investigations/PSI-69,FLEX ID: H04H302. Extinction diameter: None mm. Burning rate: None mm/s.
FLEX-238,FLEX,PSI-69,238,Heptane,Liquid Droplet,Droplet initial diameter: 1.61 mm,17.0,759.8,101.3,2.7,Completion,,1.61,0.91,0.0,1400.0,Microgravity (~0g),,,,,9/27/2011,NASA Physical Sciences Informatics (PSI),https://psi.nasa.gov/physci/repo/data/investigations/PSI-69,FLEX ID: H04H303. Extinction diameter: None mm. Burning rate: 0.91 mm/s.
FLEX-239,FLEX,PSI-69,239,Methanol,Liquid Droplet,Droplet initial diameter: 2.99 mm,17.0,754.2,100.55,9.1,Extinction,,2.99,0.49,0.0,1400.0,Microgravity (~0g),,,,,10/1/2011,NASA Physical Sciences Informatics (PSI),https://psi.nasa.gov/physci/repo/data/investigations/PSI-69,FLEX ID: H04M101. Extinction diameter: None mm. Burning rate: 0.49 mm/s.
FLEX-240,FLEX,PSI-69,240,Methanol,Liquid Droplet,Droplet initial diameter: 2.9 mm,17.0,757.0,100.92,13.1,Extinction,1.42,2.9,0.51,0.0,1400.0,Microgravity (~0g),,,,,10/1/2011,NASA Physical Sciences Informatics (PSI),https://psi.nasa.gov/physci/repo/data/investigations/PSI-69,FLEX ID: H04M202. Extinction diameter: 1.42 mm. Burning rate: 0.51 mm/s.
FLEX-241,FLEX,PSI-69,241,Methanol,Liquid Droplet,Droplet initial diameter: 3.4 mm,16.0,759.9,101.31,7.9,Extinction,2.79,3.4,0.51,0.0,1400.0,Microgravity (~0g),,,,,10/1/2011,NASA Physical Sciences Informatics (PSI),https://psi.nasa.gov/physci/repo/data/investigations/PSI-69,FLEX ID: H05M102. Extinction diameter: 2.79 mm. Burning rate: 0.51 mm/s.
FLEX-242,FLEX,PSI-69,242,Methanol,Liquid Droplet,Spherical droplet,16.0,761.0,101.46,5.0,Extinction,,,,0.0,1400.0,Microgravity (~0g),,,,,10/1/2011,NASA Physical Sciences Informatics (PSI),https://psi.nasa.gov/physci/repo/data/investigations/PSI-69,FLEX ID: H05M202. Extinction diameter: None mm. Burning rate: None mm/s.
FLEX-243,FLEX,PSI-69,243,Heptane,Liquid Droplet,Droplet initial diameter: 1.49 mm,16.0,757.9,101.04,2.9,Extinction,0.69,1.49,0.6,0.0,1400.0,Microgravity (~0g),,,,,10/5/2011,NASA Physical Sciences Informatics (PSI),https://psi.nasa.gov/physci/repo/data/investigations/PSI-69,FLEX ID: H05H103. Extinction diameter: 0.69 mm. Burning rate: 0.6 mm/s.
FLEX-244,FLEX,PSI-69,244,Methanol,Liquid Droplet,Droplet initial diameter: 3.67 mm,15.0,755.6,100.74,3.6,Extinction,3.47,3.67,0.43,0.0,1400.0,Microgravity (~0g),,,,,10/7/2011,NASA Physical Sciences Informatics (PSI),https://psi.nasa.gov/physci/repo/data/investigations/PSI-69,FLEX ID: H06M102. Extinction diameter: 3.47 mm. Burning rate: 0.43 mm/s.
FLEX-245,FLEX,PSI-69,245,Methanol,Liquid Droplet,Droplet initial diameter: 2.52 mm,15.0,756.7,100.88,4.0,Extinction,2.06,2.52,0.56,0.0,1400.0,Microgravity (~0g),,,,,10/7/2011,NASA Physical Sciences Informatics (PSI),https://psi.nasa.gov/physci/repo/data/investigations/PSI-69,FLEX ID: H06M201. Extinction diameter: 2.06 mm. Burning rate: 0.56 mm/s.
FLEX-246,FLEX,PSI-69,246,Methanol,Liquid Droplet,Droplet initial diameter: 2.44 mm,14.0,759.2,101.22,1.5,Extinction,2.26,2.44,0.56,0.0,1400.0,Microgravity (~0g),,,,,10/7/2011,NASA Physical Sciences Informatics (PSI),https://psi.nasa.gov/physci/repo/data/investigations/PSI-69,FLEX ID: H07M101. Extinction diameter: 2.26 mm. Burning rate: 0.56 mm/s.
FLEX-247,FLEX,PSI-69,247,Methanol,Liquid Droplet,Droplet initial diameter: 1.88 mm,14.0,759.8,101.3,1.0,Extinction,1.73,1.88,0.58,0.0,1400.0,Microgravity (~0g),,,,,10/7/2011,NASA Physical Sciences Informatics (PSI),https://psi.nasa.gov/physci/repo/data/investigations/PSI-69,FLEX ID: H07M202. Extinction diameter: 1.73 mm. Burning rate: 0.58 mm/s.
FLEX-248,FLEX,PSI-69,248,Methanol,Liquid Droplet,Droplet initial diameter: 3.56 mm,13.0,763.5,101.79,0.3,Extinction,3.54,3.56,0.51,0.0,1400.0,Microgravity (~0g),,,,,10/11/11,NASA Physical Sciences Informatics (PSI),https://psi.nasa.gov/physci/repo/data/investigations/PSI-69,FLEX ID: H08M101. Extinction diameter: 3.54 mm. Burning rate: 0.51 mm/s.
FLEX-249,FLEX,PSI-69,249,Heptane,Liquid Droplet,Droplet initial diameter: 3.78 mm,24.0,534.0,71.19,12.2,Extinction,2.52,3.78,0.72,0.0,1400.0,Microgravity (~0g),,,,,10/12/11,NASA Physical Sciences Informatics (PSI),https://psi.nasa.gov/physci/repo/data/investigations/PSI-69,FLEX ID: H10H101. Extinction diameter: 2.52 mm. Burning rate: 0.72 mm/s.
FLEX-250,FLEX,PSI-69,250,Heptane,Liquid Droplet,Droplet initial diameter: 2.8 mm,23.0,532.2,70.95,11.4,Completion,0.12,2.8,0.71,0.0,1400.0,Microgravity (~0g),,,,,10/12/11,NASA Physical Sciences Informatics (PSI),https://psi.nasa.gov/physci/repo/data/investigations/PSI-69,FLEX ID: H11H101. Extinction diameter: 0.12 mm. Burning rate: 0.71 mm/s.
FLEX-251,FLEX,PSI-69,251,Methanol,Liquid Droplet,Droplet initial diameter: 2.82 mm,24.0,534.3,71.23,11.2,Extinction,1.03,2.82,0.62,0.0,1400.0,Microgravity (~0g),,,,,11/18/11,NASA Physical Sciences Informatics (PSI),https://psi.nasa.gov/physci/repo/data/investigations/PSI-69,FLEX ID: H10M101. Extinction diameter: 1.03 mm. Burning rate: 0.62 mm/s.
FLEX-252,FLEX,PSI-69,252,Methanol,Liquid Droplet,Droplet initial diameter: 2.79 mm,24.0,534.6,71.27,8.1,Disruption,1.53,2.79,0.7,0.0,1250.0,Microgravity (~0g),,,,,11/18/11,NASA Physical Sciences Informatics (PSI),https://psi.nasa.gov/physci/repo/data/investigations/PSI-69,FLEX ID: H10M102. Extinction diameter: 1.53 mm. Burning rate: 0.7 mm/s.
FLEX-253,FLEX,PSI-69,253,Methanol,Liquid Droplet,Droplet initial diameter: 2.45 mm,23.0,531.7,70.89,8.3,Extinction,0.86,2.45,0.6,0.0,1400.0,Microgravity (~0g),,,,,11/18/11,NASA Physical Sciences Informatics (PSI),https://psi.nasa.gov/physci/repo/data/investigations/PSI-69,FLEX ID: H11M101. Extinction diameter: 0.86 mm. Burning rate: 0.6 mm/s.
FLEX-254,FLEX,PSI-69,254,Methanol,Liquid Droplet,Droplet initial diameter: 2.61 mm,23.0,531.8,70.9,6.3,Disruption,,2.61,0.73,0.0,1250.0,Microgravity (~0g),,,,,11/18/11,NASA Physical Sciences Informatics (PSI),https://psi.nasa.gov/physci/repo/data/investigations/PSI-69,FLEX ID: H11M102. Extinction diameter: None mm. Burning rate: 0.73 mm/s.
FLEX-255,FLEX,PSI-69,255,Methanol,Liquid Droplet,Droplet initial diameter: 3.22 mm,21.0,531.9,70.91,10.4,Extinction,,3.22,0.56,0.0,1400.0,Microgravity (~0g),,,,,11/18/11,NASA Physical Sciences Informatics (PSI),https://psi.nasa.gov/physci/repo/data/investigations/PSI-69,FLEX ID: H12M101. Extinction diameter: None mm. Burning rate: 0.56 mm/s.
FLEX-256,FLEX,PSI-69,256,Methanol,Liquid Droplet,Droplet initial diameter: 3.25 mm,21.0,531.2,70.82,12.1,Extinction,1.78,3.25,0.65,0.0,1400.0,Microgravity (~0g),,,,,11/18/11,NASA Physical Sciences Informatics (PSI),https://psi.nasa.gov/physci/repo/data/investigations/PSI-69,FLEX ID: H12M102. Extinction diameter: 1.78 mm. Burning rate: 0.65 mm/s.
FLEX-257,FLEX,PSI-69,257,Methanol,Liquid Droplet,Droplet initial diameter: 2.67 mm,21.0,531.2,70.82,7.6,Extinction,1.42,2.67,0.7,0.0,1400.0,Microgravity (~0g),,,,,11/18/11,NASA Physical Sciences Informatics (PSI),https://psi.nasa.gov/physci/repo/data/investigations/PSI-69,FLEX ID: H12M201. Extinction diameter: 1.42 mm. Burning rate: 0.7 mm/s.
FLEX-258,FLEX,PSI-69,258,Heptane,Liquid Droplet,Droplet initial diameter: 3.23 mm,21.0,529.6,70.61,7.5,Extinction,2.33,3.23,0.67,0.0,1400.0,Microgravity (~0g),,,,,11/22/11,NASA Physical Sciences Informatics (PSI),https://psi.nasa.gov/physci/repo/data/investigations/PSI-69,FLEX ID: H12H101. Extinction diameter: 2.33 mm. Burning rate: 0.67 mm/s.
FLEX-259,FLEX,PSI-69,259,Heptane,Liquid Droplet,Droplet initial diameter: 2.86 mm,21.0,529.0,70.53,11.0,Extinction,0.71,2.86,0.7,0.0,1400.0,Microgravity (~0g),,,,,11/22/11,NASA Physical Sciences Informatics (PSI),https://psi.nasa.gov/physci/repo/data/investigations/PSI-69,FLEX ID: H12H201. Extinction diameter: 0.71 mm. Burning rate: 0.7 mm/s.
FLEX-260,FLEX,PSI-69,260,Heptane,Liquid Droplet,Droplet initial diameter: 3.69 mm,20.0,532.5,70.99,4.3,Extinction,3.32,3.69,0.61,0.0,1400.0,Microgravity (~0g),,,,,11/22/11,NASA Physical Sciences Informatics (PSI),https://psi.nasa.gov/physci/repo/data/investigations/PSI-69,FLEX ID: H13H101. Extinction diameter: 3.32 mm. Burning rate: 0.61 mm/s.
FLEX-261,FLEX,PSI-69,261,Heptane,Liquid Droplet,Droplet initial diameter: 3.08 mm,20.0,532.0,70.93,5.4,Extinction,1.69,3.08,0.67,0.0,1400.0,Microgravity (~0g),,,,,11/22/11,NASA Physical Sciences Informatics (PSI),https://psi.nasa.gov/physci/repo/data/investigations/PSI-69,FLEX ID: H13H201. Extinction diameter: 1.69 mm. Burning rate: 0.67 mm/s.
FLEX-262,FLEX,PSI-69,262,Methanol,Liquid Droplet,Droplet initial diameter: 3.87 mm,20.0,527.6,70.34,17.4,Extinction,2.24,3.87,0.6,0.0,1400.0,Microgravity (~0g),,,,,11/28/11,NASA Physical Sciences Informatics (PSI),https://psi.nasa.gov/physci/repo/data/investigations/PSI-69,FLEX ID: H13M102. Extinction diameter: 2.24 mm. Burning rate: 0.6 mm/s.
FLEX-263,FLEX,PSI-69,263,Methanol,Liquid Droplet,Droplet initial diameter: 2.95 mm,20.0,527.9,70.38,10.6,Extinction,1.5,2.95,0.63,0.0,1400.0,Microgravity (~0g),,,,,11/28/11,NASA Physical Sciences Informatics (PSI),https://psi.nasa.gov/physci/repo/data/investigations/PSI-69,FLEX ID: H13M201. Extinction diameter: 1.5 mm. Burning rate: 0.63 mm/s.
FLEX-264,FLEX,PSI-69,264,Methanol,Liquid Droplet,Droplet initial diameter: 3.5 mm,18.0,532.4,70.98,7.8,Extinction,2.67,3.5,0.59,0.0,1400.0,Microgravity (~0g),,,,,11/28/11,NASA Physical Sciences Informatics (PSI),https://psi.nasa.gov/physci/repo/data/investigations/PSI-69,FLEX ID: H14M101. Extinction diameter: 2.67 mm. Burning rate: 0.59 mm/s.
FLEX-265,FLEX,PSI-69,265,Methanol,Liquid Droplet,Droplet initial diameter: 2.7 mm,18.0,532.9,71.05,5.9,Extinction,1.92,2.7,0.63,0.0,1400.0,Microgravity (~0g),,,,,11/28/11,NASA Physical Sciences Informatics (PSI),https://psi.nasa.gov/physci/repo/data/investigations/PSI-69,FLEX ID: H14M201. Extinction diameter: 1.92 mm. Burning rate: 0.63 mm/s.
FLEX-266,FLEX,PSI-69,266,Methanol,Liquid Droplet,Droplet initial diameter: 1.84 mm,18.0,533.2,71.09,2.3,Extinction,1.3,1.84,0.62,0.0,1400.0,Microgravity (~0g),,,,,11/28/11,NASA Physical Sciences Informatics (PSI),https://psi.nasa.gov/physci/repo/data/investigations/PSI-69,FLEX ID: H14M202. Extinction diameter: 1.3 mm. Burning rate: 0.62 mm/s.
FLEX-267,FLEX,PSI-69,267,Heptane,Liquid Droplet,Droplet initial diameter: 2.27 mm,18.0,528.0,70.39,3.5,Extinction,1.64,2.27,0.71,0.0,1400.0,Microgravity (~0g),,,,,11/30/11,NASA Physical Sciences Informatics (PSI),https://psi.nasa.gov/physci/repo/data/investigations/PSI-69,FLEX ID: H14H101. Extinction diameter: 1.64 mm. Burning rate: 0.71 mm/s.
FLEX-268,FLEX,PSI-69,268,Heptane,Liquid Droplet,Droplet initial diameter: 1.86 mm,18.0,530.3,70.7,3.5,Extinction,0.84,1.86,0.77,0.0,1400.0,Microgravity (~0g),,,,,11/30/11,NASA Physical Sciences Informatics (PSI),https://psi.nasa.gov/physci/repo/data/investigations/PSI-69,FLEX ID: H14H201. Extinction diameter: 0.84 mm. Burning rate: 0.77 mm/s.
FLEX-269,FLEX,PSI-69,269,Heptane,Liquid Droplet,Droplet initial diameter: 2.22 mm,17.0,532.2,70.95,1.9,Extinction,1.86,2.22,0.76,0.0,1400.0,Microgravity (~0g),,,,,11/30/11,NASA Physical Sciences Informatics (PSI),https://psi.nasa.gov/physci/repo/data/investigations/PSI-69,FLEX ID: H15H101. Extinction diameter: 1.86 mm. Burning rate: 0.76 mm/s.
FLEX-270,FLEX,PSI-69,270,Heptane,Liquid Droplet,Droplet initial diameter: 1.61 mm,17.0,532.5,70.99,1.4,Completion,0.91,1.61,1.06,0.0,1400.0,Microgravity (~0g),,,,,11/30/11,NASA Physical Sciences Informatics (PSI),https://psi.nasa.gov/physci/repo/data/investigations/PSI-69,FLEX ID: H15H201. Extinction diameter: 0.91 mm. Burning rate: 1.06 mm/s.
FLEX-271,FLEX,PSI-69,271,Methanol,Liquid Droplet,Droplet initial diameter: 2.79 mm,17.0,530.4,70.71,4.0,Extinction,2.3,2.79,0.63,0.0,1400.0,Microgravity (~0g),,,,,12/5/2011,NASA Physical Sciences Informatics (PSI),https://psi.nasa.gov/physci/repo/data/investigations/PSI-69,FLEX ID: H15M102. Extinction diameter: 2.3 mm. Burning rate: 0.63 mm/s.
FLEX-272,FLEX,PSI-69,272,Methanol,Liquid Droplet,Droplet initial diameter: 2.68 mm,17.0,531.5,70.86,2.9,Extinction,2.31,2.68,0.66,0.0,1400.0,Microgravity (~0g),,,,,12/5/2011,NASA Physical Sciences Informatics (PSI),https://psi.nasa.gov/physci/repo/data/investigations/PSI-69,FLEX ID: H15M201. Extinction diameter: 2.31 mm. Burning rate: 0.66 mm/s.
FLEX-273,FLEX,PSI-69,273,Heptane,Liquid Droplet,Droplet initial diameter: 3.54 mm,21.0,764.7,101.95,7.6,Extinction,2.91,3.54,0.55,0.0,1400.0,Microgravity (~0g),,,,,12/8/2011,NASA Physical Sciences Informatics (PSI),https://psi.nasa.gov/physci/repo/data/investigations/PSI-69,FLEX ID: H19H101. Extinction diameter: 2.91 mm. Burning rate: 0.55 mm/s.
FLEX-274,FLEX,PSI-69,274,Heptane,Liquid Droplet,Droplet initial diameter: 2.82 mm,21.0,766.2,102.15,11.7,Extinction,0.73,2.82,0.65,0.0,1400.0,Microgravity (~0g),,,,,12/8/2011,NASA Physical Sciences Informatics (PSI),https://psi.nasa.gov/physci/repo/data/investigations/PSI-69,FLEX ID: H19H201. Extinction diameter: 0.73 mm. Burning rate: 0.65 mm/s.
FLEX2-F2-01,FLEX-2,PSI-70,F2-01,n-Heptane / Iso-octane (50/50),Liquid Droplet (Cool Flame),Initial diameter: 2.1 mm. Cool flame extinction diameter: 0.72 mm.,21.0,760.0,101.32,21.0,Two-Stage Cool Flame Extinction,0.72,2.1,0.45,0.0,720.0,Microgravity (~0g),,,,,2015-08-12,NASA Physical Sciences Informatics (PSI),https://psi.nasa.gov/physci/repo/data/investigations/PSI-70,Hot flame burn: 6.8s; Cool flame burn: 14.2s.
FLEX2-F2-02,FLEX-2,PSI-70,F2-02,n-Decane,Liquid Droplet (Cool Flame),Initial diameter: 1.85 mm. Cool flame extinction diameter: 0.55 mm.,18.0,760.0,101.32,13.6,Cool Flame Persistence,0.55,1.85,0.45,0.0,720.0,Microgravity (~0g),,,,,2015-08-12,NASA Physical Sciences Informatics (PSI),https://psi.nasa.gov/physci/repo/data/investigations/PSI-70,Hot flame burn: 5.2s; Cool flame burn: 8.4s.
FLEX2-F2-03,FLEX-2,PSI-70,F2-03,n-Heptane,Liquid Droplet (Cool Flame),Initial diameter: 3.0 mm. Cool flame extinction diameter: 1.1 mm.,21.0,760.0,101.32,30.9,Prolonged Low-Temperature Combustion,1.1,3.0,0.45,0.0,1450.0,Microgravity (~0g),,,,,2015-08-12,NASA Physical Sciences Informatics (PSI),https://psi.nasa.gov/physci/repo/data/investigations/PSI-70,Hot flame burn: 12.5s; Cool flame burn: 18.4s.
FLEX2-F2-04,FLEX-2,PSI-70,F2-04,Hexane,Liquid Droplet (Cool Flame),Initial diameter: 1.6 mm. Cool flame extinction diameter: 0.0 mm.,30.0,760.0,101.32,3.9,Vigorous Micro-explosion Extinction,0.85,1.6,0.45,0.0,1450.0,Microgravity (~0g),,,,,2015-08-12,NASA Physical Sciences Informatics (PSI),https://psi.nasa.gov/physci/repo/data/investigations/PSI-70,Hot flame burn: 3.9s; Cool flame burn: 0.0s.
FLEX2-F2-05,FLEX-2,PSI-70,F2-05,1-Propanol,Liquid Droplet (Cool Flame),Initial diameter: 2.2 mm. Cool flame extinction diameter: 0.6 mm.,21.0,500.0,66.66,13.6,Soot-free Blue Flame Radiative Extinction,0.6,2.2,0.45,0.0,1450.0,Microgravity (~0g),,,,,2015-08-12,NASA Physical Sciences Informatics (PSI),https://psi.nasa.gov/physci/repo/data/investigations/PSI-70,Hot flame burn: 8.1s; Cool flame burn: 5.5s.
FLEX2-F2-06,FLEX-2,PSI-70,F2-06,n-Octane,Liquid Droplet (Cool Flame),Initial diameter: 2.4 mm. Cool flame extinction diameter: 0.8 mm.,21.0,760.0,101.32,21.7,Cool Flame Quenching,0.8,2.4,0.45,0.0,720.0,Microgravity (~0g),,,,,2015-08-12,NASA Physical Sciences Informatics (PSI),https://psi.nasa.gov/physci/repo/data/investigations/PSI-70,Hot flame burn: 9.6s; Cool flame burn: 12.1s.
FLEX2-F2-07,FLEX-2,PSI-70,F2-07,Ethanol (Pure),Liquid Droplet (Cool Flame),Initial diameter: 1.75 mm. Cool flame extinction diameter: 0.0 mm.,21.0,760.0,101.32,7.3,Classical Radiative Extinction,0.95,1.75,0.45,0.0,1450.0,Microgravity (~0g),,,,,2015-08-12,NASA Physical Sciences Informatics (PSI),https://psi.nasa.gov/physci/repo/data/investigations/PSI-70,Hot flame burn: 7.3s; Cool flame burn: 0.0s.
FLEX2-F2-08,FLEX-2,PSI-70,F2-08,Methanol (Pure),Liquid Droplet (Cool Flame),Initial diameter: 1.9 mm. Cool flame extinction diameter: 0.0 mm.,16.0,760.0,101.32,4.8,Hypoxic Radiative Extinction,0.92,1.9,0.45,0.0,1450.0,Microgravity (~0g),,,,,2015-08-12,NASA Physical Sciences Informatics (PSI),https://psi.nasa.gov/physci/repo/data/investigations/PSI-70,Hot flame burn: 4.8s; Cool flame burn: 0.0s.
FLEX2-F2-09,FLEX-2,PSI-70,F2-09,n-Heptane / Decane (Surrogate),Liquid Droplet (Cool Flame),Initial diameter: 2.5 mm. Cool flame extinction diameter: 0.9 mm.,25.0,760.0,101.32,19.4,Two-Stage Pyrolysis Extinction,0.9,2.5,0.45,0.0,1450.0,Microgravity (~0g),,,,,2015-08-12,NASA Physical Sciences Informatics (PSI),https://psi.nasa.gov/physci/repo/data/investigations/PSI-70,Hot flame burn: 8.4s; Cool flame burn: 11.0s.
FLEX2-F2-10,FLEX-2,PSI-70,F2-10,Iso-octane,Liquid Droplet (Cool Flame),Initial diameter: 2.05 mm. Cool flame extinction diameter: 0.65 mm.,21.0,760.0,101.32,16.3,Cool Flame Boundary Quenching,0.65,2.05,0.45,0.0,720.0,Microgravity (~0g),,,,,2015-08-12,NASA Physical Sciences Informatics (PSI),https://psi.nasa.gov/physci/repo/data/investigations/PSI-70,Hot flame burn: 7.1s; Cool flame burn: 9.2s.
BASS-B1,BASS-II,PSI-25,B1,PMMA (Acrylic),Solid Polymer / Film,100 micron PMMA film   2 cm wide,22.2,760.0,101.32,1.9,Flame Spread & Extinction,,,,5.0,1380.0,Microgravity (~0g),,,0.44,6.0,2/19/2014,NASA Physical Sciences Informatics (PSI),https://psi.nasa.gov/physci/repo/data/investigations/PSI-25,PI: Bhattacharjee. Sample #147. Final O2: 22.2%. Fan display: 62.0.
BASS-B2,BASS-II,PSI-25,B2,PMMA (Acrylic),Solid Polymer / Film,200 micron PMMA film   2 cm wide,22.2,760.0,101.32,45.0,Flame Spread & Extinction,,,,5.0,1380.0,Microgravity (~0g),,,,,2/19/2014,NASA Physical Sciences Informatics (PSI),https://psi.nasa.gov/physci/repo/data/investigations/PSI-25,PI: Bhattacharjee. Sample #155. Final O2: 1.6%. Fan display: 62.0.
BASS-B3,BASS-II,PSI-25,B3,100 micron film   2 cm wide,Solid Polymer / Film,100 micron film   2 cm wide,22.2,760.0,101.32,8.4,Flame Spread & Extinction,,,,2.0,1380.0,Microgravity (~0g),,,0.49,19.0,2/19/2014,NASA Physical Sciences Informatics (PSI),https://psi.nasa.gov/physci/repo/data/investigations/PSI-25,PI: Bhattacharjee. Sample #148. Final O2: 21.8%. Fan display: 47.0.
BASS-B4,BASS-II,PSI-25,B4,PMMA (Acrylic),Solid Polymer / Film,300 micron PMMA film   2 cm wide,22.2,760.0,101.32,4.6,Flame Spread & Extinction,,,,5.0,1380.0,Microgravity (~0g),,,0.51,10.0,2/19/2014,NASA Physical Sciences Informatics (PSI),https://psi.nasa.gov/physci/repo/data/investigations/PSI-25,PI: Bhattacharjee. Sample #159. Final O2: 22.2%. Fan display: 61.0.
BASS-B5,BASS-II,PSI-25,B5,200 micron  2 cm wide,Solid Polymer / Film,200 micron  2 cm wide,22.2,760.0,101.32,6.9,Flame Spread & Extinction,,,,5.0,1380.0,Microgravity (~0g),,,0.43,12.0,2/19/2014,NASA Physical Sciences Informatics (PSI),https://psi.nasa.gov/physci/repo/data/investigations/PSI-25,PI: Bhattacharjee. Sample #156. Final O2: 21.9%. Fan display: 59.0.
BASS-B6,BASS-II,PSI-25,B6,PMMA (Acrylic),Solid Polymer / Film,2 cm 0.1 mm PMMA film,21.0,760.0,101.32,2.7,Blowoff Extinction,,,,3510.0,1380.0,Microgravity (~0g),,,0.41,0.3,7/7/2014,NASA Physical Sciences Informatics (PSI),https://psi.nasa.gov/physci/repo/data/investigations/PSI-25,PI: Bhattacharjee. Sample #153m. Final O2: 20.9%. Fan display: None.
BASS-B7,BASS-II,PSI-25,B7,400 micron film   2 cm wide,Solid Polymer / Film,400 micron film   2 cm wide,22.2,760.0,101.32,2.8,Flame Spread & Extinction,,,,2.0,1380.0,Microgravity (~0g),,,0.51,17.0,2/19/2014,NASA Physical Sciences Informatics (PSI),https://psi.nasa.gov/physci/repo/data/investigations/PSI-25,PI: Bhattacharjee. Sample #161. Final O2: 22.1%. Fan display: 47.0.
BASS-B8,BASS-II,PSI-25,B8,PMMA (Acrylic),Solid Polymer / Film,2 cm   0.2 mm PMMA film,21.0,760.0,101.32,7.5,Blowoff Extinction,,,,10.0,1380.0,Microgravity (~0g),,,0.58,131.0,7/7/2014,NASA Physical Sciences Informatics (PSI),https://psi.nasa.gov/physci/repo/data/investigations/PSI-25,PI: Bhattacharjee. Sample #157m. Final O2: 20.5%. Fan display: None.
BASS-B9,BASS-II,PSI-25,B9,PMMA (Acrylic),Solid Polymer / Film,2 cm   0.1 mm PMMA film,21.0,760.0,101.32,1.5,Blowoff Extinction,,,,21.0,1380.0,Microgravity (~0g),,,0.35,10.0,7/7/2014,NASA Physical Sciences Informatics (PSI),https://psi.nasa.gov/physci/repo/data/investigations/PSI-25,PI: Bhattacharjee. Sample #154m. Final O2: 20.9%. Fan display: None.
BASS-B10,BASS-II,PSI-25,B10,PMMA (Acrylic),Solid Polymer / Film,1 cm   0.2 mm PMMA film,21.0,760.0,101.32,4.1,Blowoff Extinction,,,,54321.0,1380.0,Microgravity (~0g),,,0.44,23.0,7/7/2014,NASA Physical Sciences Informatics (PSI),https://psi.nasa.gov/physci/repo/data/investigations/PSI-25,PI: Bhattacharjee. Sample #173m. Final O2: 20.8%. Fan display: None.
BASS-B11,BASS-II,PSI-25,B11,PMMA (Acrylic),Solid Polymer / Film,2 cm   0.2 mm PMMA film,21.0,760.0,101.32,4.4,Blowoff Extinction,,,,5311.0,1380.0,Microgravity (~0g),,,0.47,46.0,7/7/2014,NASA Physical Sciences Informatics (PSI),https://psi.nasa.gov/physci/repo/data/investigations/PSI-25,PI: Bhattacharjee. Sample #158m. Final O2: 20.7%. Fan display: None.
BASS-B12,BASS-II,PSI-25,B12,300 micron film   2 cm wide,Solid Polymer / Film,300 micron film   2 cm wide,22.2,760.0,101.32,5.3,Flame Spread & Extinction,,,,2.0,1380.0,Microgravity (~0g),,,0.56,33.0,2/19/2014,NASA Physical Sciences Informatics (PSI),https://psi.nasa.gov/physci/repo/data/investigations/PSI-25,PI: Bhattacharjee. Sample #160. Final O2: 22.1%. Fan display: 46.5.
BASS-B13,BASS-II,PSI-25,B13,2 cm   0.4 mm thick film,Solid Polymer / Film,2 cm   0.4 mm thick film,21.0,760.0,101.32,10.4,Blowoff Extinction,,,,1054321.0,1380.0,Microgravity (~0g),,,0.65,61.0,7/7/2014,NASA Physical Sciences Informatics (PSI),https://psi.nasa.gov/physci/repo/data/investigations/PSI-25,PI: Bhattacharjee. Sample #162m. Final O2: 20.5%. Fan display: None.
BASS-B14,BASS-II,PSI-25,B14,PMMA (Acrylic),Solid Polymer / Film,1 cm wide 200 micron thick PMMA,15.0,760.0,101.32,1.5,Blowoff Extinction,,,,532.0,1380.0,Microgravity (~0g),,,,,7/2/2014,NASA Physical Sciences Informatics (PSI),https://psi.nasa.gov/physci/repo/data/investigations/PSI-25,PI: Bhattacharjee. Sample #174m. Final O2: None%. Fan display: None.
BASS-B15,BASS-II,PSI-25,B15,PMMA (Acrylic),Solid Polymer / Film,2 cm   0.1 mm PMMA film,21.0,760.0,101.32,4.1,Blowoff Extinction,,,,10.0,1380.0,Microgravity (~0g),,,0.43,22.0,7/7/2014,NASA Physical Sciences Informatics (PSI),https://psi.nasa.gov/physci/repo/data/investigations/PSI-25,PI: Bhattacharjee. Sample #149m. Final O2: 20.8%. Fan display: None.
BASS-B16,BASS-II,PSI-25,B16,PMMA (Acrylic),Solid Polymer / Film,2 cm 100 micron thick PMMA,17.3,760.0,101.32,3.1,Flame Spread & Extinction,,,,440.68,1380.0,Microgravity (~0g),,,0.51,119.0,7/2/2014,NASA Physical Sciences Informatics (PSI),https://psi.nasa.gov/physci/repo/data/investigations/PSI-25,PI: Bhattacharjee. Sample #150m. Final O2: 17.2%. Fan display: 440.68.
BASS-B17,BASS-II,PSI-25,B17,PMMA (Acrylic),Solid Polymer / Film,1 cm wide 200 micron thick PMMA,17.5,760.0,101.32,6.3,Blowoff Extinction,,,,530.4,1380.0,Microgravity (~0g),,,0.34,47.0,7/2/2014,NASA Physical Sciences Informatics (PSI),https://psi.nasa.gov/physci/repo/data/investigations/PSI-25,PI: Bhattacharjee. Sample #175m. Final O2: 17.4%. Fan display: None.
BASS-B18,BASS-II,PSI-25,B18,PMMA (Acrylic),Solid Polymer / Film,1 cm wide 200 micron thick PMMA,17.4,760.0,101.32,5.1,Blowoff Extinction,,,,10.0,1380.0,Microgravity (~0g),,,0.42,78.0,7/2/2014,NASA Physical Sciences Informatics (PSI),https://psi.nasa.gov/physci/repo/data/investigations/PSI-25,PI: Bhattacharjee. Sample #176m. Final O2: 17.4%. Fan display: None.
BASS-B19,BASS-II,PSI-25,B19,PMMA (Acrylic),Solid Polymer / Film,2 cm 100 micron thick PMMA,17.3,760.0,101.32,3.2,Blowoff Extinction,,,,10.0,1380.0,Microgravity (~0g),,,0.57,131.0,7/2/2014,NASA Physical Sciences Informatics (PSI),https://psi.nasa.gov/physci/repo/data/investigations/PSI-25,PI: Bhattacharjee. Sample #151m. Final O2: 17.2%. Fan display: None.
BASS-B20,BASS-II,PSI-25,B20,PMMA (Acrylic),Solid Polymer / Film,2 cm 100 micron thick PMMA,17.4,760.0,101.32,3.7,Blowoff Extinction,,,,530.5,1380.0,Microgravity (~0g),,,0.47,103.0,7/2/2014,NASA Physical Sciences Informatics (PSI),https://psi.nasa.gov/physci/repo/data/investigations/PSI-25,PI: Bhattacharjee. Sample #152m. Final O2: 17.4%. Fan display: None.
BASS-B21,BASS-II,PSI-25,B21,PMMA (Acrylic),Solid Polymer / Film,1 cm wide 200 micron thick PMMA,20.8,760.0,101.32,2.9,Flame Spread & Extinction,,,,5.0,1380.0,Microgravity (~0g),,,0.44,18.0,8/4/2014,NASA Physical Sciences Informatics (PSI),https://psi.nasa.gov/physci/repo/data/investigations/PSI-25,PI: Bhattacharjee. Sample #174m. Final O2: 20.6%. Fan display: 53.0.
BASS-B22,BASS-II,PSI-25,B22,PMMA (Acrylic),Solid Polymer / Film,1 cm wide 200 micron thick PMMA,20.7,760.0,101.32,2.6,Blowoff Extinction,,,,520.0,1380.0,Microgravity (~0g),,,0.47,10.0,8/4/2014,NASA Physical Sciences Informatics (PSI),https://psi.nasa.gov/physci/repo/data/investigations/PSI-25,PI: Bhattacharjee. Sample #176m. Final O2: 20.5%. Fan display: 53424140.5.
BASS-F1,BASS-II,PSI-25,F1,Nomex (Aramid),Fabric / Textile,Nomex natural (nomex III),22.2,760.0,101.32,6.9,Self-extinguished Immediately,,,,9.5,950.0,Microgravity (~0g),,,0.45,2.0,2/19/2014,NASA Physical Sciences Informatics (PSI),https://psi.nasa.gov/physci/repo/data/investigations/PSI-25,PI: Ferkul. Sample #227. Final O2: 22.2%. Fan display: 82.0.
BASS-F2,BASS-II,PSI-25,F2,Nomex (Aramid),Fabric / Textile,Nomex natural (nomex III),21.0,760.0,101.32,2.4,Self-extinguished Immediately,,,,15.0,950.0,Microgravity (~0g),,,0.39,82.0,7/28/2014,NASA Physical Sciences Informatics (PSI),https://psi.nasa.gov/physci/repo/data/investigations/PSI-25,PI: Ferkul. Sample #228m. Final O2: 21.0%. Fan display: 92.0.
BASS-F3,BASS-II,PSI-25,F3,Nomex (Aramid),Fabric / Textile,Nomex natural (nomex III),21.7,760.0,101.32,1.5,Self-extinguished Immediately,,,,8.0,950.0,Microgravity (~0g),,,,,8/1/2014,NASA Physical Sciences Informatics (PSI),https://psi.nasa.gov/physci/repo/data/investigations/PSI-25,PI: Ferkul. Sample #229m. Final O2: None%. Fan display: 61.0.
BASS-F4,BASS-II,PSI-25,F4,Japan Wax candle,Solid Polymer / Film,Japan Wax candle,17.4,760.0,101.32,9.0,Flame Spread & Extinction,,,,3.0,1380.0,Microgravity (~0g),,,0.48,56.0,6/24/2014,NASA Physical Sciences Informatics (PSI),https://psi.nasa.gov/physci/repo/data/investigations/PSI-25,PI: Ferkul. Sample #39M. Final O2: 17.4%. Fan display: None.
BASS-M1,BASS-II,PSI-25,M1,PMMA (Acrylic),Solid Polymer / Film,1 mm thick PMMA   1 sided   2 cm,22.2,760.0,101.32,10.1,Blowoff Extinction,,,,108.0,1380.0,Microgravity (~0g),,,0.61,60.0,2/20/2014,NASA Physical Sciences Informatics (PSI),https://psi.nasa.gov/physci/repo/data/investigations/PSI-25,PI: Miller. Sample #222. Final O2: 21.9%. Fan display: 5854.0.
BASS-M2,BASS-II,PSI-25,M2,PMMA (Acrylic),Solid Polymer / Film,3 mm thick PMMA 1 sided    2 cm wide,22.2,760.0,101.32,8.7,Blowoff Extinction,,,,20151314.0,1380.0,Microgravity (~0g),,,1.33,325.0,2/20/2014,NASA Physical Sciences Informatics (PSI),https://psi.nasa.gov/physci/repo/data/investigations/PSI-25,PI: Miller. Sample #224. Final O2: 21.2%. Fan display: 1169.3898084.
BASS-M3,BASS-II,PSI-25,M3,PMMA (Acrylic),Solid Polymer / Film,2 cm wide   5 mm thick 1 sided PMMA,20.8,760.0,101.32,7.4,Blowoff Extinction,,,,102018.0,1380.0,Microgravity (~0g),,,1.18,300.0,7/11/2014,NASA Physical Sciences Informatics (PSI),https://psi.nasa.gov/physci/repo/data/investigations/PSI-25,PI: Miller. Sample #226m. Final O2: 19.7%. Fan display: None.
BASS-M4,BASS-II,PSI-25,M4,PMMA (Acrylic),Solid Polymer / Film,5 mm thick PMMA   2 cm wide,21.8,760.0,101.32,8.7,Blowoff Extinction,,,,543.0,1380.0,Microgravity (~0g),,,2.15,561.0,7/31/2014,NASA Physical Sciences Informatics (PSI),https://psi.nasa.gov/physci/repo/data/investigations/PSI-25,PI: Miller. Sample #171m. Final O2: 19.8%. Fan display: 524743.0.
BASS-M5,BASS-II,PSI-25,M5,PMMA (Acrylic),Solid Polymer / Film,3 mm thick PMMA   2 sided   2 cm thick,22.2,760.0,101.32,10003.4,Blowoff Extinction,,,,20131085.0,1380.0,Microgravity (~0g),,,3.22,500.0,2/20/2014,NASA Physical Sciences Informatics (PSI),https://psi.nasa.gov/physci/repo/data/investigations/PSI-25,PI: Miller. Sample #167. Final O2: 19.0%. Fan display: None.
BASS-M6,BASS-II,PSI-25,M6,PMMA (Acrylic),Solid Polymer / Film,1 mm thick PMMA   2 cm wide,21.8,760.0,101.32,9.0,Blowoff Extinction,,,,10530.0,1380.0,Microgravity (~0g),,,1.27,345.0,7/31/2014,NASA Physical Sciences Informatics (PSI),https://psi.nasa.gov/physci/repo/data/investigations/PSI-25,PI: Miller. Sample #163m. Final O2: 20.7%. Fan display: 685247434241.0.
BASS-M7,BASS-II,PSI-25,M7,PMMA (Acrylic),Solid Polymer / Film,1 cm wide PMMA 1 mm thick,18.9,760.0,101.32,7.2,Blowoff Extinction,,,,10654.543,1380.0,Microgravity (~0g),,,1.84,612.0,7/11/2014,NASA Physical Sciences Informatics (PSI),https://psi.nasa.gov/physci/repo/data/investigations/PSI-25,PI: Miller. Sample #177m. Final O2: 18.4%. Fan display: None.
BASS-M8,BASS-II,PSI-25,M8,PMMA (Acrylic),Solid Polymer / Film,1 cm wide PMMA 2 mm thick,19.1,760.0,101.32,9.7,Blowoff Extinction,,,,10575.0,1380.0,Microgravity (~0g),,,1.28,467.0,7/11/2014,NASA Physical Sciences Informatics (PSI),https://psi.nasa.gov/physci/repo/data/investigations/PSI-25,PI: Miller. Sample #178m. Final O2: 18.2%. Fan display: None.
BASS-M9,BASS-II,PSI-25,M9,PMMA (Acrylic),Solid Polymer / Film,1 cm wide PMMA 3 mm thick,18.0,760.0,101.32,5.2,Blowoff Extinction,,,,1014.0,1380.0,Microgravity (~0g),,,0.54,191.0,7/11/2014,NASA Physical Sciences Informatics (PSI),https://psi.nasa.gov/physci/repo/data/investigations/PSI-25,PI: Miller. Sample #179m. Final O2: 17.6%. Fan display: None.
BASS-M10,BASS-II,PSI-25,M10,PMMA (Acrylic),Solid Polymer / Film,4 mm thick   1 cm wide PMMA slab,20.1,760.0,101.32,7.0,Blowoff Extinction,,,,101714108.0,1380.0,Microgravity (~0g),,,1.59,536.0,7/23/2014,NASA Physical Sciences Informatics (PSI),https://psi.nasa.gov/physci/repo/data/investigations/PSI-25,PI: Miller. Sample #180m. Final O2: 18.6%. Fan display: None.
BASS-M11,BASS-II,PSI-25,M11,PMMA (Acrylic),Solid Polymer / Film,1 cm wide PMMA 5 mm thick,20.0,760.0,101.32,8.2,Blowoff Extinction,,,,10201512.0,1380.0,Microgravity (~0g),,,1.68,577.0,7/11/2014,NASA Physical Sciences Informatics (PSI),https://psi.nasa.gov/physci/repo/data/investigations/PSI-25,PI: Miller. Sample #181m. Final O2: 18.5%. Fan display: None.
BASS-M12,BASS-II,PSI-25,M12,PMMA (Acrylic),Solid Polymer / Film,2 mm thick PMMA   2 cm wide,21.7,760.0,101.32,9.0,Flame Spread & Extinction,,,,1.0,1380.0,Microgravity (~0g),,,1.42,443.0,7/31/2014,NASA Physical Sciences Informatics (PSI),https://psi.nasa.gov/physci/repo/data/investigations/PSI-25,PI: Miller. Sample #165m. Final O2: 20.4%. Fan display: 414241.0.
BASS-M13,BASS-II,PSI-25,M13,PMMA (Acrylic),Solid Polymer / Film,4 mm thick PMMA   2 cm wide,20.8,760.0,101.32,8.6,Blowoff Extinction,,,,654.0,1380.0,Microgravity (~0g),,,1.75,487.0,7/31/2014,NASA Physical Sciences Informatics (PSI),https://psi.nasa.gov/physci/repo/data/investigations/PSI-25,PI: Miller. Sample #169m. Final O2: 19.0%. Fan display: 524743.0.
BASS-M14,BASS-II,PSI-25,M14,PMMA (Acrylic),Solid Polymer / Film,2mm thick PMMA   1 sided   2 cm wide,22.2,760.0,101.32,8.6,Blowoff Extinction,,,,108.0,1380.0,Microgravity (~0g),,,0.98,198.0,2/20/2014,NASA Physical Sciences Informatics (PSI),https://psi.nasa.gov/physci/repo/data/investigations/PSI-25,PI: Miller. Sample #223. Final O2: 21.6%. Fan display: None.
BASS-M15,BASS-II,PSI-25,M15,PMMA (Acrylic),Solid Polymer / Film,2 cm   4 mm 1 sided PMMA slab,21.0,760.0,101.32,5.1,Blowoff Extinction,,,,108781020181615.0,1380.0,Microgravity (~0g),,,1.1,220.0,7/7/2014,NASA Physical Sciences Informatics (PSI),https://psi.nasa.gov/physci/repo/data/investigations/PSI-25,PI: Miller. Sample #225m. Final O2: 20.0%. Fan display: 102015.0.
BASS-M16,BASS-II,PSI-25,M16,PMMA (Acrylic),Solid Polymer / Film,1 mm thick PMMA   2 cm wide,19.2,760.0,101.32,10.0,Blowoff Extinction,,,,10632110.0,1380.0,Microgravity (~0g),,,1.75,421.0,7/23/2014,NASA Physical Sciences Informatics (PSI),https://psi.nasa.gov/physci/repo/data/investigations/PSI-25,PI: Miller. Sample #164m. Final O2: 18.7%. Fan display: None.
BASS-M17,BASS-II,PSI-25,M17,PMMA (Acrylic),Solid Polymer / Film,2 cm wide PMMA 2 mm thick,18.8,760.0,101.32,10.3,Blowoff Extinction,,,,10530.0,1380.0,Microgravity (~0g),,,1.7,485.0,7/15/2014,NASA Physical Sciences Informatics (PSI),https://psi.nasa.gov/physci/repo/data/investigations/PSI-25,PI: Miller. Sample #166m. Final O2: 17.1%. Fan display: None.
BASS-M18,BASS-II,PSI-25,M18,PMMA (Acrylic),Solid Polymer / Film,2 cm wide PMMA 3 mm thick,17.9,760.0,101.32,5.9,Blowoff Extinction,,,,1015108.0,1380.0,Microgravity (~0g),,,1.31,335.0,7/15/2014,NASA Physical Sciences Informatics (PSI),https://psi.nasa.gov/physci/repo/data/investigations/PSI-25,PI: Miller. Sample #168m. Final O2: 16.8%. Fan display: None.
BASS-M19,BASS-II,PSI-25,M19,PMMA (Acrylic),Solid Polymer / Film,4 mm thick   2 cm 2ide PMMA slab,19.0,760.0,101.32,6.7,Blowoff Extinction,,,,1017141075.0,1380.0,Microgravity (~0g),,,1.6,357.0,7/23/2014,NASA Physical Sciences Informatics (PSI),https://psi.nasa.gov/physci/repo/data/investigations/PSI-25,PI: Miller. Sample #170m. Final O2: 17.4%. Fan display: None.
BASS-M20,BASS-II,PSI-25,M20,PMMA (Acrylic),Solid Polymer / Film,5 mm thick PMMA   2 cm wide,18.0,760.0,101.32,5.6,Blowoff Extinction,,,,108.0,1380.0,Microgravity (~0g),,,0.75,157.0,8/1/2014,NASA Physical Sciences Informatics (PSI),https://psi.nasa.gov/physci/repo/data/investigations/PSI-25,PI: Miller. Sample #172m. Final O2: 17.4%. Fan display: 6758.0.
BASS-O1,BASS-II,PSI-25,O1,"1/4"" clear rod",Solid Polymer / Film,"1/4"" clear rod",22.2,760.0,101.32,2.1,Blowoff Extinction,,,,2010521.0,1380.0,Microgravity (~0g),,,0.85,51.0,2/18/2014,NASA Physical Sciences Informatics (PSI),https://psi.nasa.gov/physci/repo/data/investigations/PSI-25,PI: Olson. Sample #207. Final O2: 21.7%. Fan display: 89625041.0.
BASS-O2,BASS-II,PSI-25,O2,"1/4"" clear rod",Solid Polymer / Film,"1/4"" clear rod",22.2,760.0,101.32,9.6,Flame Spread & Extinction,,,,0.0,1380.0,Microgravity (~0g),,,0.59,23.0,2/18/2014,NASA Physical Sciences Informatics (PSI),https://psi.nasa.gov/physci/repo/data/investigations/PSI-25,PI: Olson. Sample #204. Final O2: 21.9%. Fan display: None.
BASS-O3a,BASS-II,PSI-25,O3a,"1/4"" clear rod",Solid Polymer / Film,"1/4"" clear rod",18.0,760.0,101.32,2.8,Blowoff Extinction,,,,53.0,1380.0,Microgravity (~0g),,,0.28,22.0,6/13/2014,NASA Physical Sciences Informatics (PSI),https://psi.nasa.gov/physci/repo/data/investigations/PSI-25,PI: Olson. Sample #205M. Final O2: 18.0%. Fan display: None.
BASS-O3b,BASS-II,PSI-25,O3b,"1/4"" clear rod",Solid Polymer / Film,"1/4"" clear rod",18.0,760.0,101.32,10.2,Blowoff Extinction,,,,5321.0,1380.0,Microgravity (~0g),,,0.53,116.0,6/13/2014,NASA Physical Sciences Informatics (PSI),https://psi.nasa.gov/physci/repo/data/investigations/PSI-25,PI: Olson. Sample #205M. Final O2: 17.7%. Fan display: None.
BASS-O4,BASS-II,PSI-25,O4,"3/8""clear rod",Solid Polymer / Film,"3/8""clear rod",14.8,760.0,101.32,8.3,Low Oxygen Quenching,,,,5.0,1380.0,Microgravity (~0g),,,1.72,,7/8/2014,NASA Physical Sciences Informatics (PSI),https://psi.nasa.gov/physci/repo/data/investigations/PSI-25,PI: Olson. Sample #216m. Final O2: 13.6%. Fan display: None.
BASS-O5a,BASS-II,PSI-25,O5a,PMMA (Acrylic),Solid Polymer / Film,"1/2"" clear PMMA rod",15.1,760.0,101.32,5.5,Blowoff Extinction,,,,5105204962494442.0,1380.0,Microgravity (~0g),,,1.05,496.0,7/21/2014,NASA Physical Sciences Informatics (PSI),https://psi.nasa.gov/physci/repo/data/investigations/PSI-25,PI: Olson. Sample #220m. Final O2: 14.2%. Fan display: None.
BASS-O5b,BASS-II,PSI-25,O5b,PMMA (Acrylic),Solid Polymer / Film,"1/2"" clear PMMA rod",14.2,760.0,101.32,0.1,Blowoff Extinction,,,,495.0,1380.0,Microgravity (~0g),,,1.14,590.0,7/21/2014,NASA Physical Sciences Informatics (PSI),https://psi.nasa.gov/physci/repo/data/investigations/PSI-25,PI: Olson. Sample #220m. Final O2: 14.1%. Fan display: 1.3.
BASS-O6,BASS-II,PSI-25,O6,"1/4"" clear rod",Solid Polymer / Film,"1/4"" clear rod",16.7,760.0,101.32,8.0,Low Oxygen Quenching,,,,,1380.0,Microgravity (~0g),,,0.74,232.0,6/26/2014,NASA Physical Sciences Informatics (PSI),https://psi.nasa.gov/physci/repo/data/investigations/PSI-25,PI: Olson. Sample #206M. Final O2: 16.0%. Fan display: None.
BASS-O7,BASS-II,PSI-25,O7,"1/4"" clear rod",Solid Polymer / Film,"1/4"" clear rod",16.0,760.0,101.32,8.5,Low Oxygen Quenching,,,,,1380.0,Microgravity (~0g),,,1.27,512.0,6/26/2014,NASA Physical Sciences Informatics (PSI),https://psi.nasa.gov/physci/repo/data/investigations/PSI-25,PI: Olson. Sample #214m. Final O2: 15.5%. Fan display: None.
BASS-O8a,BASS-II,PSI-25,O8a,"1/4"" clear rod",Solid Polymer / Film,"1/4"" clear rod",15.7,760.0,101.32,4.4,Low Oxygen Quenching,,,,,1380.0,Microgravity (~0g),,,1.44,536.0,6/26/2014,NASA Physical Sciences Informatics (PSI),https://psi.nasa.gov/physci/repo/data/investigations/PSI-25,PI: Olson. Sample #208m. Final O2: 15.3%. Fan display: None.
BASS-O8b,BASS-II,PSI-25,O8b,"1/4"" clear rod",Solid Polymer / Film,"1/4"" clear rod",15.5,760.0,101.32,5.1,Low Oxygen Quenching,,,,,1380.0,Microgravity (~0g),,,1.74,660.0,6/26/2014,NASA Physical Sciences Informatics (PSI),https://psi.nasa.gov/physci/repo/data/investigations/PSI-25,PI: Olson. Sample #208m. Final O2: 15.2%. Fan display: None.
BASS-O9,BASS-II,PSI-25,O9,"1/4"" clear rod",Solid Polymer / Film,"1/4"" clear rod",15.0,760.0,101.32,5.1,Low Oxygen Quenching,,,,,1380.0,Microgravity (~0g),,,1.96,794.0,6/26/2014,NASA Physical Sciences Informatics (PSI),https://psi.nasa.gov/physci/repo/data/investigations/PSI-25,PI: Olson. Sample #209m. Final O2: 14.8%. Fan display: None.
BASS-O10,BASS-II,PSI-25,O10,"1/4"" clear rod",Solid Polymer / Film,"1/4"" clear rod",16.7,760.0,101.32,5.7,Blowoff Extinction,,,,520.0,1380.0,Microgravity (~0g),,,2.1,287.0,7/22/2014,NASA Physical Sciences Informatics (PSI),https://psi.nasa.gov/physci/repo/data/investigations/PSI-25,PI: Olson. Sample #210m. Final O2: 16.1%. Fan display: None.
BASS-O11,BASS-II,PSI-25,O11,"1/4"" black rod",Solid Polymer / Film,"1/4"" black rod",15.4,760.0,101.32,9.0,Low Oxygen Quenching,,,,5.0,1380.0,Microgravity (~0g),,,0.72,290.0,7/8/2014,NASA Physical Sciences Informatics (PSI),https://psi.nasa.gov/physci/repo/data/investigations/PSI-25,PI: Olson. Sample #184m. Final O2: 14.8%. Fan display: None.
BASS-O12,BASS-II,PSI-25,O12,"3/8"" clear rod",Solid Polymer / Film,"3/8"" clear rod",13.6,760.0,101.32,1.7,Low Oxygen Quenching,,,,,1380.0,Microgravity (~0g),,,1.71,,7/8/2014,NASA Physical Sciences Informatics (PSI),https://psi.nasa.gov/physci/repo/data/investigations/PSI-25,PI: Olson. Sample #217m. Final O2: 13.5%. Fan display: None.
BASS-O13a,BASS-II,PSI-25,O13a,PMMA (Acrylic),Solid Polymer / Film,"1/2"" clear PMMA rod",15.9,760.0,101.32,6.6,Blowoff Extinction,,,,494442414140.552,1380.0,Microgravity (~0g),,,1.85,950.0,7/21/2014,NASA Physical Sciences Informatics (PSI),https://psi.nasa.gov/physci/repo/data/investigations/PSI-25,PI: Olson. Sample #221m. Final O2: 14.6%. Fan display: None.
BASS-O13b,BASS-II,PSI-25,O13b,PMMA (Acrylic),Solid Polymer / Film,"1/2"" clear PMMA rod",14.6,760.0,101.32,0.2,Blowoff Extinction,,,,7449.0,1380.0,Microgravity (~0g),,,2.09,,7/21/2014,NASA Physical Sciences Informatics (PSI),https://psi.nasa.gov/physci/repo/data/investigations/PSI-25,PI: Olson. Sample #221m. Final O2: 14.4%. Fan display: None.
BASS-O14,BASS-II,PSI-25,O14,"1/4"" black rod",Solid Polymer / Film,"1/4"" black rod",16.3,760.0,101.32,9.3,Low Oxygen Quenching,,,,5.0,1380.0,Microgravity (~0g),,,0.86,352.0,8/1/2014,NASA Physical Sciences Informatics (PSI),https://psi.nasa.gov/physci/repo/data/investigations/PSI-25,PI: Olson. Sample #183m. Final O2: 15.3%. Fan display: 52.0.
BASS-O15a,BASS-II,PSI-25,O15a,"3/8"" clear rod",Solid Polymer / Film,"3/8"" clear rod",17.1,760.0,101.32,4.1,Blowoff Extinction,,,,50.0,1380.0,Microgravity (~0g),,,0.62,176.0,7/28/2014,NASA Physical Sciences Informatics (PSI),https://psi.nasa.gov/physci/repo/data/investigations/PSI-25,PI: Olson. Sample #218m. Final O2: 16.7%. Fan display: None.
BASS-O15b,BASS-II,PSI-25,O15b,"3/8"" clear rod",Solid Polymer / Film,"3/8"" clear rod",16.7,760.0,101.32,10.5,Blowoff Extinction,,,,50.0,1380.0,Microgravity (~0g),,,1.63,751.0,7/28/2014,NASA Physical Sciences Informatics (PSI),https://psi.nasa.gov/physci/repo/data/investigations/PSI-25,PI: Olson. Sample #218m. Final O2: 15.6%. Fan display: None.
BASS-O16,BASS-II,PSI-25,O16,"3/8""clear rod",Solid Polymer / Film,"3/8""clear rod",14.5,760.0,101.32,0.3,Low Oxygen Quenching,,,,5.0,1380.0,Microgravity (~0g),,,0.32,33.0,7/29/2014,NASA Physical Sciences Informatics (PSI),https://psi.nasa.gov/physci/repo/data/investigations/PSI-25,PI: Olson. Sample #219m. Final O2: 14.5%. Fan display: 602.6.
BASS-O17,BASS-II,PSI-25,O17,"1/4"" clear rod",Solid Polymer / Film,"1/4"" clear rod",15.1,760.0,101.32,5.8,Blowoff Extinction,,,,3011.0,1380.0,Microgravity (~0g),,,0.9,377.0,7/22/2014,NASA Physical Sciences Informatics (PSI),https://psi.nasa.gov/physci/repo/data/investigations/PSI-25,PI: Olson. Sample #211m. Final O2: 14.3%. Fan display: None.
BASS-O18,BASS-II,PSI-25,O18,"1/4"" clear rod",Solid Polymer / Film,"1/4"" clear rod",15.2,760.0,101.32,5.9,Blowoff Extinction,,,,5201121120.0,1380.0,Microgravity (~0g),,,1.94,816.0,7/28/2014,NASA Physical Sciences Informatics (PSI),https://psi.nasa.gov/physci/repo/data/investigations/PSI-25,PI: Olson. Sample #212m. Final O2: 14.5%. Fan display: None.
BASS-O19,BASS-II,PSI-25,O19,"1/4"" clear rod",Solid Polymer / Film,"1/4"" clear rod",15.3,760.0,101.32,8.9,Low Oxygen Quenching,,,,5.0,1380.0,Microgravity (~0g),,,1.51,686.0,8/1/2014,NASA Physical Sciences Informatics (PSI),https://psi.nasa.gov/physci/repo/data/investigations/PSI-25,PI: Olson. Sample #213m. Final O2: 14.6%. Fan display: 52.0.
BASS-O20,BASS-II,PSI-25,O20,"1/4"" clear rod",Solid Polymer / Film,"1/4"" clear rod",16.5,760.0,101.32,45.0,Blowoff Extinction,,,,5838.5,1380.0,Microgravity (~0g),,,0.57,57.0,2/26/2016,NASA Physical Sciences Informatics (PSI),https://psi.nasa.gov/physci/repo/data/investigations/PSI-25,PI: Olson. Sample #204m. Final O2: 15.9%. Fan display: 491.37891.
BASS-O21,BASS-II,PSI-25,O21,"3/8"" clear rod",Solid Polymer / Film,"3/8"" clear rod",15.9,760.0,101.32,45.0,Blowoff Extinction,,,,28.0,1380.0,Microgravity (~0g),,,0.95,187.0,2/26/2016,NASA Physical Sciences Informatics (PSI),https://psi.nasa.gov/physci/repo/data/investigations/PSI-25,PI: Olson. Sample #219m. Final O2: 15.4%. Fan display: 460.871.
BASS-O22,BASS-II,PSI-25,O22,"1/2"" clear rod",Solid Polymer / Film,"1/2"" clear rod",15.4,760.0,101.32,45.0,Blowoff Extinction,,,,426.5,1380.0,Microgravity (~0g),,,1.33,322.0,2/26/2016,NASA Physical Sciences Informatics (PSI),https://psi.nasa.gov/physci/repo/data/investigations/PSI-25,PI: Olson. Sample #220m. Final O2: 14.9%. Fan display: 491.1587.
BASS-P1,BASS-II,PSI-25,P1,"1/4"" black rod",Solid Polymer / Film,"1/4"" black rod",17.7,760.0,101.32,10.2,Blowoff Extinction,,,,52.0,1380.0,Microgravity (~0g),,,0.44,14.0,6/16/2014,NASA Physical Sciences Informatics (PSI),https://psi.nasa.gov/physci/repo/data/investigations/PSI-25,PI: Fernandez-Pello. Sample #185M. Final O2: 17.5%. Fan display: None.
BASS-P2,BASS-II,PSI-25,P2,"1/4"" black rod",Solid Polymer / Film,"1/4"" black rod",17.4,760.0,101.32,10.1,Flame Spread & Extinction,,,,,1380.0,Microgravity (~0g),,,0.66,26.0,6/16/2014,NASA Physical Sciences Informatics (PSI),https://psi.nasa.gov/physci/repo/data/investigations/PSI-25,PI: Fernandez-Pello. Sample #188M. Final O2: 17.2%. Fan display: None.
BASS-P3a,BASS-II,PSI-25,P3a,"1/4"" clear rod",Solid Polymer / Film,"1/4"" clear rod",17.7,760.0,101.32,10.1,Flame Spread & Extinction,,,,,1380.0,Microgravity (~0g),,,0.51,33.0,6/16/2014,NASA Physical Sciences Informatics (PSI),https://psi.nasa.gov/physci/repo/data/investigations/PSI-25,PI: Fernandez-Pello. Sample #215M. Final O2: 17.4%. Fan display: None.
BASS-P3b,BASS-II,PSI-25,P3b,1/4 clear rod,Solid Polymer / Film,1/4 clear rod,17.4,760.0,101.32,10.1,Flame Spread & Extinction,,,,,1380.0,Microgravity (~0g),,,,79.0,6/16/2014,NASA Physical Sciences Informatics (PSI),https://psi.nasa.gov/physci/repo/data/investigations/PSI-25,PI: Fernandez-Pello. Sample #215M. Final O2: 16.8%. Fan display: None.
BASS-P4,BASS-II,PSI-25,P4,"3/8"" black rod",Solid Polymer / Film,"3/8"" black rod",18.5,760.0,101.32,9.9,Flame Spread & Extinction,,,,4841.0,1380.0,Microgravity (~0g),,,1.8,493.0,7/3/2014,NASA Physical Sciences Informatics (PSI),https://psi.nasa.gov/physci/repo/data/investigations/PSI-25,PI: Fernandez-Pello. Sample #197m. Final O2: 17.1%. Fan display: 4841.0.
BASS-P5,BASS-II,PSI-25,P5,"0.5"" black rod",Solid Polymer / Film,"0.5"" black rod",19.3,760.0,101.32,10.4,Flame Spread & Extinction,,,,5.0,1380.0,Microgravity (~0g),,,1.67,525.0,7/14/2014,NASA Physical Sciences Informatics (PSI),https://psi.nasa.gov/physci/repo/data/investigations/PSI-25,PI: Fernandez-Pello. Sample #202m. Final O2: 17.6%. Fan display: None.
BASS-P6,BASS-II,PSI-25,P6,"1/4"" black rod",Solid Polymer / Film,"1/4"" black rod",18.9,760.0,101.32,5.4,Flame Spread & Extinction,,,,4841.0,1380.0,Microgravity (~0g),,,0.62,64.0,7/3/2014,NASA Physical Sciences Informatics (PSI),https://psi.nasa.gov/physci/repo/data/investigations/PSI-25,PI: Fernandez-Pello. Sample #186m. Final O2: 18.5%. Fan display: 4841.0.
BASS-P8,BASS-II,PSI-25,P8,"3/8"" black rod",Solid Polymer / Film,"3/8"" black rod",16.4,760.0,101.32,2.2,Blowoff Extinction,,,,51015.0,1380.0,Microgravity (~0g),,,0.81,69.0,7/3/2014,NASA Physical Sciences Informatics (PSI),https://psi.nasa.gov/physci/repo/data/investigations/PSI-25,PI: Fernandez-Pello. Sample #197m. Final O2: 16.3%. Fan display: 486275.0.
BASS-P9,BASS-II,PSI-25,P9,"0.5"" black rod",Solid Polymer / Film,"0.5"" black rod",17.6,760.0,101.32,4.9,Flame Spread & Extinction,,,,5.0,1380.0,Microgravity (~0g),,,2.1,535.0,7/14/2014,NASA Physical Sciences Informatics (PSI),https://psi.nasa.gov/physci/repo/data/investigations/PSI-25,PI: Fernandez-Pello. Sample #202m. Final O2: 17.1%. Fan display: None.
BASS-P10,BASS-II,PSI-25,P10,"1/4"" black rod",Solid Polymer / Film,"1/4"" black rod",17.0,760.0,101.32,7.4,Flame Spread & Extinction,,,,4841.0,1380.0,Microgravity (~0g),,,0.72,44.0,7/3/2014,NASA Physical Sciences Informatics (PSI),https://psi.nasa.gov/physci/repo/data/investigations/PSI-25,PI: Fernandez-Pello. Sample #187m. Final O2: 16.4%. Fan display: 4841.0.
BASS-P12,BASS-II,PSI-25,P12,"3/8"" black rod",Solid Polymer / Film,"3/8"" black rod",17.5,760.0,101.32,9.1,Blowoff Extinction,,,,53210.5,1380.0,Microgravity (~0g),,,0.95,57.0,7/29/2014,NASA Physical Sciences Informatics (PSI),https://psi.nasa.gov/physci/repo/data/investigations/PSI-25,PI: Fernandez-Pello. Sample #199m. Final O2: 16.8%. Fan display: None.
BASS-P13a,BASS-II,PSI-25,P13a,"0.5"" black rod",Solid Polymer / Film,"0.5"" black rod",20.7,760.0,101.32,8.5,Flame Spread & Extinction,,,,5.0,1380.0,Microgravity (~0g),,,1.63,450.0,7/14/2014,NASA Physical Sciences Informatics (PSI),https://psi.nasa.gov/physci/repo/data/investigations/PSI-25,PI: Fernandez-Pello. Sample #203m. Final O2: 19.1%. Fan display: None.
BASS-P13b,BASS-II,PSI-25,P13b,"0.5"" black rod",Solid Polymer / Film,"0.5"" black rod",20.6,760.0,101.32,3.1,Flame Spread & Extinction,,,,5.0,1380.0,Microgravity (~0g),,,0.62,72.0,7/14/2014,NASA Physical Sciences Informatics (PSI),https://psi.nasa.gov/physci/repo/data/investigations/PSI-25,PI: Fernandez-Pello. Sample #203m. Final O2: 20.2%. Fan display: None.
BASS-P14,BASS-II,PSI-25,P14,1/4 blac rod,Solid Polymer / Film,1/4 blac rod,18.4,760.0,101.32,5.4,Flame Spread & Extinction,,,,4641.0,1380.0,Microgravity (~0g),,,0.62,90.0,6/23/2014,NASA Physical Sciences Informatics (PSI),https://psi.nasa.gov/physci/repo/data/investigations/PSI-25,PI: Fernandez-Pello. Sample #189M. Final O2: 18.0%. Fan display: 4641.0.
BASS-P15,BASS-II,PSI-25,P15,1/4 black rod,Solid Polymer / Film,1/4 black rod,18.0,760.0,101.32,5.7,Blowoff Extinction,,,,50.36,1380.0,Microgravity (~0g),,,1.11,108.0,6/23/2014,NASA Physical Sciences Informatics (PSI),https://psi.nasa.gov/physci/repo/data/investigations/PSI-25,PI: Fernandez-Pello. Sample #190M. Final O2: 17.5%. Fan display: 4641.0.
BASS-P16,BASS-II,PSI-25,P16,"1/4"" black rod",Solid Polymer / Film,"1/4"" black rod",18.2,760.0,101.32,4.3,Blowoff Extinction,,,,582.0,1380.0,Microgravity (~0g),,,0.92,56.0,7/22/2014,NASA Physical Sciences Informatics (PSI),https://psi.nasa.gov/physci/repo/data/investigations/PSI-25,PI: Fernandez-Pello. Sample #191m. Final O2: 17.4%. Fan display: None.
BASS-P17,BASS-II,PSI-25,P17,"1/4""  black rod",Solid Polymer / Film,"1/4""  black rod",16.8,760.0,101.32,6.2,Blowoff Extinction,,,,532222.0,1380.0,Microgravity (~0g),,,1.34,68.0,7/29/2014,NASA Physical Sciences Informatics (PSI),https://psi.nasa.gov/physci/repo/data/investigations/PSI-25,PI: Fernandez-Pello. Sample #192m. Final O2: 16.5%. Fan display: None.
BASS-P18,BASS-II,PSI-25,P18,"1/4"" black rod",Solid Polymer / Film,"1/4"" black rod",20.0,760.0,101.32,9.3,Blowoff Extinction,,,,2020.0,1380.0,Microgravity (~0g),,,1.2,26.0,7/30/2014,NASA Physical Sciences Informatics (PSI),https://psi.nasa.gov/physci/repo/data/investigations/PSI-25,PI: Fernandez-Pello. Sample #193m. Final O2: 19.0%. Fan display: 55471212.0.
BASS-P19,BASS-II,PSI-25,P19,"1/4"" black rod",Solid Polymer / Film,"1/4"" black rod",17.5,760.0,101.32,9.3,Blowoff Extinction,,,,5820.0,1380.0,Microgravity (~0g),,,1.61,94.0,7/22/2014,NASA Physical Sciences Informatics (PSI),https://psi.nasa.gov/physci/repo/data/investigations/PSI-25,PI: Fernandez-Pello. Sample #194m. Final O2: 16.7%. Fan display: None.
BASS-P20,BASS-II,PSI-25,P20,"1/4"" black rod",Solid Polymer / Film,"1/4"" black rod",19.0,760.0,101.32,10.4,Blowoff Extinction,,,,2020.0,1380.0,Microgravity (~0g),,,1.05,78.0,7/30/2014,NASA Physical Sciences Informatics (PSI),https://psi.nasa.gov/physci/repo/data/investigations/PSI-25,PI: Fernandez-Pello. Sample #195m. Final O2: 18.2%. Fan display: 55471212.0.
BASS-P21a,BASS-II,PSI-25,P21a,1/4 black rod,Solid Polymer / Film,1/4 black rod,16.3,760.0,101.32,1.9,Low Oxygen Quenching,,,,5.0,1380.0,Microgravity (~0g),,,1.0,94.0,6/23/2014,NASA Physical Sciences Informatics (PSI),https://psi.nasa.gov/physci/repo/data/investigations/PSI-25,PI: Fernandez-Pello. Sample #196M. Final O2: 16.3%. Fan display: 46.0.
BASS-P21b,BASS-II,PSI-25,P21b,"1/4"" black rod",Solid Polymer / Film,"1/4"" black rod",16.3,760.0,101.32,0.5,Low Oxygen Quenching,,,,5.0,1380.0,Microgravity (~0g),,,1.03,98.0,6/23/2014,NASA Physical Sciences Informatics (PSI),https://psi.nasa.gov/physci/repo/data/investigations/PSI-25,PI: Fernandez-Pello. Sample #196M. Final O2: 16.3%. Fan display: 46.0.
BASS-P22a,BASS-II,PSI-25,P22a,"3/8"" black rod",Solid Polymer / Film,"3/8"" black rod",20.8,760.0,101.32,2.8,Flame Spread & Extinction,,,,5.0,1380.0,Microgravity (~0g),,,,,7/8/2014,NASA Physical Sciences Informatics (PSI),https://psi.nasa.gov/physci/repo/data/investigations/PSI-25,PI: Fernandez-Pello. Sample #200m. Final O2: 0.6%. Fan display: None.
BASS-P22b,BASS-II,PSI-25,P22b,"3/8"" black rod",Solid Polymer / Film,"3/8"" black rod",20.0,760.0,101.32,5.2,Flame Spread & Extinction,,,,5.0,1380.0,Microgravity (~0g),,,1.09,239.0,7/8/2014,NASA Physical Sciences Informatics (PSI),https://psi.nasa.gov/physci/repo/data/investigations/PSI-25,PI: Fernandez-Pello. Sample #200m. Final O2: 39.1%. Fan display: None.
BASS-P23,BASS-II,PSI-25,P23,"3/8"" black rod",Solid Polymer / Film,"3/8"" black rod",18.2,760.0,101.32,8.1,Blowoff Extinction,,,,2020.0,1380.0,Microgravity (~0g),,,2.08,159.0,7/30/2014,NASA Physical Sciences Informatics (PSI),https://psi.nasa.gov/physci/repo/data/investigations/PSI-25,PI: Fernandez-Pello. Sample #201m. Final O2: 17.0%. Fan display: 55471212.0.
BASS-P24,BASS-II,PSI-25,P24,"3/8"" black rod",Solid Polymer / Film,"3/8"" black rod",19.0,760.0,101.32,10.3,Blowoff Extinction,,,,2020.0,1380.0,Microgravity (~0g),,,2.24,260.0,7/30/2014,NASA Physical Sciences Informatics (PSI),https://psi.nasa.gov/physci/repo/data/investigations/PSI-25,PI: Fernandez-Pello. Sample #819L. Final O2: 17.5%. Fan display: 55471212.0.
BASS-P25,BASS-II,PSI-25,P25,"3/8"" clear rod",Solid Polymer / Film,"3/8"" clear rod",20.9,760.0,101.32,8.2,Flame Spread & Extinction,,,,5.0,1380.0,Microgravity (~0g),,,1.0,205.0,7/8/2014,NASA Physical Sciences Informatics (PSI),https://psi.nasa.gov/physci/repo/data/investigations/PSI-25,PI: Fernandez-Pello. Sample #217m. Final O2: 20.2%. Fan display: None.
BASS-T1,BASS-II,PSI-25,T1,SIBAL Fabric,Fabric / Textile,2 cm SIBAL,18.5,760.0,101.32,2.8,Blowoff Extinction,,,,10.0,1380.0,Microgravity (~0g),,,0.41,40.0,2/14/2014,NASA Physical Sciences Informatics (PSI),https://psi.nasa.gov/physci/repo/data/investigations/PSI-25,PI: T'ien. Sample #128. Final O2: 18.5%. Fan display: 80.0.
BASS-T2,BASS-II,PSI-25,T2,SIBAL Fabric,Fabric / Textile,2 cm SIBAL,18.5,760.0,101.32,3.3,Blowoff Extinction,,,,954.0,1380.0,Microgravity (~0g),,,0.45,78.0,2/14/2014,NASA Physical Sciences Informatics (PSI),https://psi.nasa.gov/physci/repo/data/investigations/PSI-25,PI: T'ien. Sample #129. Final O2: 18.5%. Fan display: 805955.0.
BASS-T3,BASS-II,PSI-25,T3,4 cm spherical section,Solid Polymer / Film,4 cm spherical section,17.2,760.0,101.32,5.5,Blowoff Extinction,,,,10.0,1380.0,Microgravity (~0g),,,0.7,113.0,6/27/2014,NASA Physical Sciences Informatics (PSI),https://psi.nasa.gov/physci/repo/data/investigations/PSI-25,PI: T'ien. Sample #182m. Final O2: 16.8%. Fan display: 63.0.
BASS-T4,BASS-II,PSI-25,T4,SIBAL Fabric,Fabric / Textile,2 cm SIBAL,18.7,760.0,101.32,3.2,Blowoff Extinction,,,,91.0,1380.0,Microgravity (~0g),,,0.45,72.0,2/14/2014,NASA Physical Sciences Informatics (PSI),https://psi.nasa.gov/physci/repo/data/investigations/PSI-25,PI: T'ien. Sample #130. Final O2: 18.7%. Fan display: 8046.0.
BASS-T5,BASS-II,PSI-25,T5,SIBAL Fabric,Fabric / Textile,2 cm SIBAL,18.8,760.0,101.32,3.3,Blowoff Extinction,,,,1021.0,1380.0,Microgravity (~0g),,,0.25,41.0,4/10/2014,NASA Physical Sciences Informatics (PSI),https://psi.nasa.gov/physci/repo/data/investigations/PSI-25,PI: T'ien. Sample #131. Final O2: 18.9%. Fan display: None.
BASS-T6,BASS-II,PSI-25,T6,SIBAL Fabric,Fabric / Textile,2 cm SIBAL,18.8,760.0,101.32,3.9,Blowoff Extinction,,,,5211.0,1380.0,Microgravity (~0g),,,0.28,77.0,4/10/2014,NASA Physical Sciences Informatics (PSI),https://psi.nasa.gov/physci/repo/data/investigations/PSI-25,PI: T'ien. Sample #132. Final O2: 18.8%. Fan display: None.
BASS-T7,BASS-II,PSI-25,T7,4 cm spherical section,Solid Polymer / Film,4 cm spherical section,17.3,760.0,101.32,10.0,Blowoff Extinction,,,,10531.0,1380.0,Microgravity (~0g),,,0.59,140.0,7/9/2014,NASA Physical Sciences Informatics (PSI),https://psi.nasa.gov/physci/repo/data/investigations/PSI-25,PI: T'ien. Sample #182m. Final O2: 17.1%. Fan display: 3.467.
BASS-T9,BASS-II,PSI-25,T9,SIBAL Fabric,Fabric / Textile,2 cm SIBAL,16.4,760.0,101.32,1.6,Blowoff Extinction,,,,10.0,1380.0,Microgravity (~0g),,,0.31,9.0,6/24/2018,NASA Physical Sciences Informatics (PSI),https://psi.nasa.gov/physci/repo/data/investigations/PSI-25,PI: T'ien. Sample #133M. Final O2: 16.4%. Fan display: 2.5.
BASS-T10,BASS-II,PSI-25,T10,SIBAL Fabric,Fabric / Textile,2 cm SIBAL,16.4,760.0,101.32,1.4,Low Oxygen Quenching,,,,5.0,1380.0,Microgravity (~0g),,,0.33,14.0,6/24/2014,NASA Physical Sciences Informatics (PSI),https://psi.nasa.gov/physci/repo/data/investigations/PSI-25,PI: T'ien. Sample #134M. Final O2: 16.5%. Fan display: 1.1.
BASS-T11,BASS-II,PSI-25,T11,SIBAL Fabric,Fabric / Textile,2 cm SIBAL,17.1,760.0,101.32,3.6,Flame Spread & Extinction,,,,5.0,1380.0,Microgravity (~0g),,,0.39,45.0,6/27/2014,NASA Physical Sciences Informatics (PSI),https://psi.nasa.gov/physci/repo/data/investigations/PSI-25,PI: T'ien. Sample #135m. Final O2: 17.0%. Fan display: 48.0.
BASS-T12,BASS-II,PSI-25,T12,SIBAL Fabric,Fabric / Textile,2 cm SIBAL,16.8,760.0,101.32,1.3,Low Oxygen Quenching,,,,5.0,1380.0,Microgravity (~0g),,,0.7,117.0,6/27/2014,NASA Physical Sciences Informatics (PSI),https://psi.nasa.gov/physci/repo/data/investigations/PSI-25,PI: T'ien. Sample #136m. Final O2: 16.9%. Fan display: 1.1.
BASS-T13,BASS-II,PSI-25,T13,SIBAL Fabric,Fabric / Textile,2 cm SIBAL,17.5,760.0,101.32,1.8,Blowoff Extinction,,,,51.0,1380.0,Microgravity (~0g),,,0.2,12.0,4/10/2014,NASA Physical Sciences Informatics (PSI),https://psi.nasa.gov/physci/repo/data/investigations/PSI-25,PI: T'ien. Sample #137. Final O2: 17.6%. Fan display: None.
BASS-T14,BASS-II,PSI-25,T14,SIBAL Fabric,Fabric / Textile,2 cm SIBAL,16.9,760.0,101.32,4.0,Blowoff Extinction,,,,53.0,1380.0,Microgravity (~0g),,,0.72,152.0,6/27/2014,NASA Physical Sciences Informatics (PSI),https://psi.nasa.gov/physci/repo/data/investigations/PSI-25,PI: T'ien. Sample #140m. Final O2: 16.9%. Fan display: None.
BASS-T15,BASS-II,PSI-25,T15,SIBAL Fabric,Fabric / Textile,2 cm SIBAL,18.7,760.0,101.32,1.5,Blowoff Extinction,,,,929.0,1380.0,Microgravity (~0g),,,0.51,102.0,2/14/2014,NASA Physical Sciences Informatics (PSI),https://psi.nasa.gov/physci/repo/data/investigations/PSI-25,PI: T'ien. Sample #138. Final O2: 18.7%. Fan display: 80122.0.
BASS-T16,BASS-II,PSI-25,T16,SIBAL Fabric,Fabric / Textile,2 cm SIBAL,17.6,760.0,101.32,3.3,Blowoff Extinction,,,,53.0,1380.0,Microgravity (~0g),,,0.21,41.0,4/10/2014,NASA Physical Sciences Informatics (PSI),https://psi.nasa.gov/physci/repo/data/investigations/PSI-25,PI: T'ien. Sample #139. Final O2: 17.5%. Fan display: None.
BASS-T17,BASS-II,PSI-25,T17,SIBAL Fabric,Fabric / Textile,2 cm SIBAL,16.9,760.0,101.32,2.8,Blowoff Extinction,,,,653.0,1380.0,Microgravity (~0g),,,0.75,190.0,6/27/2014,NASA Physical Sciences Informatics (PSI),https://psi.nasa.gov/physci/repo/data/investigations/PSI-25,PI: T'ien. Sample #142m. Final O2: 16.9%. Fan display: None.
BASS-T18,BASS-II,PSI-25,T18,SIBAL Fabric,Fabric / Textile,2 cm SIBAL,17.4,760.0,101.32,1.6,Blowoff Extinction,,,,52.0,1380.0,Microgravity (~0g),,,0.38,22.0,6/24/2018,NASA Physical Sciences Informatics (PSI),https://psi.nasa.gov/physci/repo/data/investigations/PSI-25,PI: T'ien. Sample #141M. Final O2: 17.4%. Fan display: None.
BASS-T19,BASS-II,PSI-25,T19,SIBAL Fabric,Fabric / Textile,1 cm SIBAL,17.2,760.0,101.32,2.4,Blowoff Extinction,,,,11.0,1380.0,Microgravity (~0g),,,0.31,20.0,7/9/2014,NASA Physical Sciences Informatics (PSI),https://psi.nasa.gov/physci/repo/data/investigations/PSI-25,PI: T'ien. Sample #143m. Final O2: 17.2%. Fan display: None.
BASS-T20,BASS-II,PSI-25,T20,SIBAL Fabric,Fabric / Textile,1 cm SIBAL,17.2,760.0,101.32,3.9,Blowoff Extinction,,,,113.0,1380.0,Microgravity (~0g),,,0.31,34.0,7/9/2014,NASA Physical Sciences Informatics (PSI),https://psi.nasa.gov/physci/repo/data/investigations/PSI-25,PI: T'ien. Sample #144m. Final O2: 17.2%. Fan display: None.
BASS-T21,BASS-II,PSI-25,T21,SIBAL Fabric,Fabric / Textile,1 cm SIBAL,17.2,760.0,101.32,5.0,Blowoff Extinction,,,,1147.0,1380.0,Microgravity (~0g),,,0.32,45.0,7/9/2014,NASA Physical Sciences Informatics (PSI),https://psi.nasa.gov/physci/repo/data/investigations/PSI-25,PI: T'ien. Sample #145m. Final O2: 17.2%. Fan display: 1.652.
BASS-T22,BASS-II,PSI-25,T22,SIBAL Fabric,Fabric / Textile,1 cm SIBAL,17.1,760.0,101.32,1.3,Blowoff Extinction,,,,105.0,1380.0,Microgravity (~0g),,,0.62,162.0,7/9/2014,NASA Physical Sciences Informatics (PSI),https://psi.nasa.gov/physci/repo/data/investigations/PSI-25,PI: T'ien. Sample #146m. Final O2: 17.0%. Fan display: None.
BASS-T23,BASS-II,PSI-25,T23,SIBAL Fabric,Fabric / Textile,2 cm Sibal   moved igniter,17.2,760.0,101.32,6.8,Blowoff Extinction,,,,10.0,1380.0,Microgravity (~0g),,,0.32,49.0,7/9/2014,NASA Physical Sciences Informatics (PSI),https://psi.nasa.gov/physci/repo/data/investigations/PSI-25,PI: T'ien. Sample #133m. Final O2: 17.3%. Fan display: 3.366.
BASS-T24,BASS-II,PSI-25,T24,SIBAL Fabric,Fabric / Textile,1 cm SIBAL   top side ign,18.2,760.0,101.32,4.3,Blowoff Extinction,,,,10.0,1380.0,Microgravity (~0g),,,0.53,107.0,7/9/2014,NASA Physical Sciences Informatics (PSI),https://psi.nasa.gov/physci/repo/data/investigations/PSI-25,PI: T'ien. Sample #133m. Final O2: 18.2%. Fan display: 3.366.
BASS-T25,BASS-II,PSI-25,T25,SIBAL Fabric,Fabric / Textile,2 cm SIBAL,20.8,760.0,101.32,2.5,Blowoff Extinction,,,,52.5,1380.0,Microgravity (~0g),,,0.39,17.0,8/4/2014,NASA Physical Sciences Informatics (PSI),https://psi.nasa.gov/physci/repo/data/investigations/PSI-25,PI: T'ien. Sample #138m. Final O2: 20.7%. Fan display: 5345.0.
BASS-T26,BASS-II,PSI-25,T26,SIBAL Fabric,Fabric / Textile,2 cm SIBAL,20.8,760.0,101.32,2.9,Blowoff Extinction,,,,52.5,1380.0,Microgravity (~0g),,,0.43,24.0,8/4/2014,NASA Physical Sciences Informatics (PSI),https://psi.nasa.gov/physci/repo/data/investigations/PSI-25,PI: T'ien. Sample #137m. Final O2: 20.7%. Fan display: 5345.0.
BASS-T27,BASS-II,PSI-25,T27,SIBAL Fabric,Fabric / Textile,1 cm SIBAL,20.7,760.0,101.32,1.9,Blowoff Extinction,,,,52.0,1380.0,Microgravity (~0g),,,0.42,9.0,8/4/2014,NASA Physical Sciences Informatics (PSI),https://psi.nasa.gov/physci/repo/data/investigations/PSI-25,PI: T'ien. Sample #146m. Final O2: 20.6%. Fan display: 5345.0.
BASS-T28a,BASS-II,PSI-25,T28a,SIBAL Fabric,Fabric / Textile,1 cm SIBAL,20.7,760.0,101.32,0.6,Flame Spread & Extinction,,,,5.0,1380.0,Microgravity (~0g),,,,,8/4/2014,NASA Physical Sciences Informatics (PSI),https://psi.nasa.gov/physci/repo/data/investigations/PSI-25,PI: T'ien. Sample #144m. Final O2: 0.9%. Fan display: 53.0.
BASS-T28b,BASS-II,PSI-25,T28b,SIBAL Fabric,Fabric / Textile,1 cm SIBAL,20.7,760.0,101.32,0.9,Flame Spread & Extinction,,,,5.0,1380.0,Microgravity (~0g),,,0.42,2.0,8/4/2014,NASA Physical Sciences Informatics (PSI),https://psi.nasa.gov/physci/repo/data/investigations/PSI-25,PI: T'ien. Sample #144m. Final O2: 40.4%. Fan display: 53.0.
BASS-T29,BASS-II,PSI-25,T29,SIBAL Fabric,Fabric / Textile,1 cm SIBAL,20.7,760.0,101.32,2.0,Blowoff Extinction,,,,52.0,1380.0,Microgravity (~0g),,,0.44,10.0,8/4/2014,NASA Physical Sciences Informatics (PSI),https://psi.nasa.gov/physci/repo/data/investigations/PSI-25,PI: T'ien. Sample #145m. Final O2: 20.5%. Fan display: 5343.0.
BASS1-001,BASS-I,PSI-BASS1-ROD,BASS1-001,Clear PMMA Rod (6.35mm),Acrylic Polymer,Clear PMMA Rod (6.35mm),21.0,759.8,101.3,48.0,Extinction,,6.35,0.14,3.5,1450.0,Microgravity (~0g),30.0,3.0,0.0,38.0,2011-06-12,NASA PSI / MSG,https://psi.nasa.gov/investigation/BASS,BASS-I early flight test on 6.35mm PMMA rod in ISS Microgravity Science Glovebox.
BASS1-002,BASS-I,PSI-BASS1-ROD,BASS1-002,Black PMMA Rod (6.35mm),Acrylic Polymer,Black PMMA Rod (6.35mm),21.0,759.8,101.3,58.0,Extinction,,6.35,0.18,4.0,1520.0,Microgravity (~0g),30.0,2.5,0.0,46.0,2011-06-15,NASA PSI / MSG,https://psi.nasa.gov/investigation/BASS,Black PMMA absorbs internal thermal radiation leading to higher regression rate.
BASS1-003,BASS-I,PSI-BASS1-ROD,BASS1-003,Clear PMMA Rod (9.5mm),Acrylic Polymer,Clear PMMA Rod (9.5mm),21.0,759.8,101.3,32.0,Blowoff,,9.5,0.11,18.0,1410.0,Microgravity (~0g),35.0,4.0,0.0,25.0,2011-07-01,NASA PSI / MSG,https://psi.nasa.gov/investigation/BASS,Blowoff extinction observed on thick rod under 18 cm/s forced air velocity.
BASS1-004,BASS-I,PSI-BASS1-SLAB,BASS1-004,PMMA Flat Slab (20mm wide),Acrylic Polymer,PMMA Flat Slab (20mm wide),21.0,759.8,101.3,64.0,Extinction,,2.0,0.22,2.0,1490.0,Microgravity (~0g),32.0,2.2,0.0,52.0,2011-07-18,NASA PSI / MSG,https://psi.nasa.gov/investigation/BASS,Opposed-flow flame spread over cast acrylic flat plate.
BASS1-005,BASS-I,PSI-BASS1-SLAB,BASS1-005,PMMA Flat Slab (20mm wide),Acrylic Polymer,PMMA Flat Slab (20mm wide),18.0,759.8,101.3,14.5,Extinction,,2.0,0.09,1.5,1310.0,Microgravity (~0g),32.0,4.5,0.0,18.0,2011-07-22,NASA PSI / MSG,https://psi.nasa.gov/investigation/BASS,Low oxygen limit test; extinguished rapidly at 18% O2 in quiescent condition.
BASS1-006,BASS-I,PSI-BASS1-FAB,BASS1-006,Cotton-Fiberglass Fabric (SIBAL),Fabric Blend,Cotton-Fiberglass Fabric (SIBAL),21.0,759.8,101.3,42.0,Burnout,,0.25,0.72,10.0,1580.0,Microgravity (~0g),25.0,1.2,0.0,78.0,2011-08-05,NASA PSI / MSG,https://psi.nasa.gov/investigation/BASS,Baseline SIBAL fabric burning along centerline inside MSG flow duct.
BASS1-007,BASS-I,PSI-BASS1-FAB,BASS1-007,Cotton-Fiberglass Fabric (SIBAL),Fabric Blend,Cotton-Fiberglass Fabric (SIBAL),15.5,759.8,101.3,8.0,Extinction,,0.25,0.18,4.0,1260.0,Microgravity (~0g),25.0,3.0,0.0,15.0,2011-08-08,NASA PSI / MSG,https://psi.nasa.gov/investigation/BASS,SIBAL flame propagation ceased at 15.5% O2 due to radiative loss.
BASS1-008,BASS-I,PSI-BASS1-CAN,BASS1-008,Solid Wax Cylinder (Paraffin),Hydrocarbon Wax,Solid Wax Cylinder (Paraffin),21.0,759.8,101.3,95.0,Extinction,,5.0,0.08,0.5,1380.0,Microgravity (~0g),20.0,1.0,0.0,28.0,2011-09-02,NASA PSI / MSG,https://psi.nasa.gov/investigation/BASS,Spherical microgravity candle flame; steady diffusive blue flame envelope.
SAF1-S1,SAFFIRE-I,PSI-98,S1,SIBAL Fabric,Large-Scale Spacecraft Material,Dimensions: 40.6cm x 94.0cm x 0.37cm (Flow: Concurrent),21.6,760.0,101.32,420.0,Complete Burnout / Upward Spread,,,0.97,20.0,1490.0,Microgravity (~0g),182.0,8.0,,,2016-06-14,NASA Physical Sciences Informatics (PSI),https://psi.nasa.gov/physci/repo/data/investigations/PSI-98,Large Cygnus spacecraft combustion test. Ignition: 182.0W for 8.0s. Flow direction: Concurrent.
SAF1-S2,SAFFIRE-I,PSI-98,S2,SIBAL Fabric,Large-Scale Spacecraft Material,Dimensions: 40.6cm x 94.0cm x 0.37cm (Flow: Opposed),21.5,760.0,101.32,70.0,Complete Burnout / Upward Spread,,,5.8,20.0,1490.0,Microgravity (~0g),182.0,8.0,,,2016-06-14,NASA Physical Sciences Informatics (PSI),https://psi.nasa.gov/physci/repo/data/investigations/PSI-98,Large Cygnus spacecraft combustion test. Ignition: 182.0W for 8.0s. Flow direction: Opposed.
SAF1-F1C1/F1C2,SAFFIRE-I,PSI-98,F1C1/F1C2,Pre-test flow visulation data for sample 1,Large-Scale Spacecraft Material,Dimensions: Nonecm x Nonecm x Nonecm (Flow: nan),,760.0,101.32,,Complete Burnout / Upward Spread,,,,,1490.0,Microgravity (~0g),,,,,2016-06-14,NASA Physical Sciences Informatics (PSI),https://psi.nasa.gov/physci/repo/data/investigations/PSI-98,Large Cygnus spacecraft combustion test. Ignition: NoneW for Nones. Flow direction: nan.
SAF1-F2C1/F2C2,SAFFIRE-I,PSI-98,F2C1/F2C2,Pre-test flow visulation data for sample 2,Large-Scale Spacecraft Material,Dimensions: Nonecm x Nonecm x Nonecm (Flow: nan),,760.0,101.32,,Complete Burnout / Upward Spread,,,,,1490.0,Microgravity (~0g),,,,,2016-06-14,NASA Physical Sciences Informatics (PSI),https://psi.nasa.gov/physci/repo/data/investigations/PSI-98,Large Cygnus spacecraft combustion test. Ignition: NoneW for Nones. Flow direction: nan.
SAFFIREII-S2-1,SAFFIRE-II,PSI-98-Advanced,S2-1,PMMA (Acrylic Slab),Large-Scale Spacecraft Hull & Membrane,Dimensions: 40.0cm x 10.0cm x 1.0cm (Flow: Concurrent),21.0,760.0,101.32,510.0,Slow Flame Spread with Charring,,,0.78,20.0,1410.0,Microgravity (~0g),185.0,10.0,0.35,45.0,2017-2024,NASA Physical Sciences Informatics / NTRS,https://ntrs.nasa.gov/citations/20170008670,MOC verification test on 10mm thick acrylic
SAFFIREII-S2-2,SAFFIRE-II,PSI-98-Advanced,S2-2,PMMA (Step-profile 4-10mm),Large-Scale Spacecraft Hull & Membrane,Dimensions: 40.0cm x 10.0cm x 0.4cm (Flow: Concurrent),21.0,760.0,101.32,380.0,Rapid Spread on Thin Section,,,1.05,20.0,1410.0,Microgravity (~0g),170.0,8.0,0.35,45.0,2017-2024,NASA Physical Sciences Informatics / NTRS,https://ntrs.nasa.gov/citations/20170008670,Thinner 4mm section ignited and propagated 2.4x faster than thick slab
SAFFIREII-S2-3,SAFFIRE-II,PSI-98-Advanced,S2-3,Silicone Membrane (Thin),Large-Scale Spacecraft Hull & Membrane,Dimensions: 30.0cm x 8.0cm x 0.025cm (Flow: Opposed),21.0,760.0,101.32,140.0,Opposed Flame Spread,,,2.14,20.0,1410.0,Microgravity (~0g),140.0,6.0,0.35,45.0,2017-2024,NASA Physical Sciences Informatics / NTRS,https://ntrs.nasa.gov/citations/20170008670,0.010 inch thickness sustained flame spread in opposed flow
SAFFIREII-S2-4,SAFFIRE-II,PSI-98-Advanced,S2-4,Silicone Membrane (Medium),Large-Scale Spacecraft Hull & Membrane,Dimensions: 30.0cm x 8.0cm x 0.061cm (Flow: Opposed),21.0,760.0,101.32,65.0,Self-extinguished,,,4.62,20.0,1410.0,Microgravity (~0g),140.0,6.0,0.35,45.0,2017-2024,NASA Physical Sciences Informatics / NTRS,https://ntrs.nasa.gov/citations/20170008670,0.024 inch sample extinguished after initial ignition
SAFFIREII-S2-5,SAFFIRE-II,PSI-98-Advanced,S2-5,Silicone Membrane (Thick),Large-Scale Spacecraft Hull & Membrane,Dimensions: 30.0cm x 8.0cm x 0.102cm (Flow: Opposed),21.0,760.0,101.32,22.0,Low Flammability Extinction,,,13.64,20.0,1410.0,Microgravity (~0g),150.0,8.0,0.35,45.0,2017-2024,NASA Physical Sciences Informatics / NTRS,https://ntrs.nasa.gov/citations/20170008670,0.040 inch sample failed to propagate flame
SAFFIREIII-S3-1,SAFFIRE-III,PSI-98-Advanced,S3-1,SIBAL Fabric (Cotton/Fiberglass),Large-Scale Spacecraft Hull & Membrane,Dimensions: 100.0cm x 40.6cm x 0.37cm (Flow: Concurrent),21.0,760.0,101.32,1180.0,Complete Burnout in Cygnus,,,0.85,20.0,1410.0,Microgravity (~0g),190.0,8.0,0.35,45.0,2017-2024,NASA Physical Sciences Informatics / NTRS,https://www.nasa.gov/mission_pages/station/research/experiments/explorer/Investigation.html?#id=1077,"1-meter large fabric burn, 19.7 minutes burn duration"
SAFFIREIII-S3-2,SAFFIRE-III,PSI-98-Advanced,S3-2,Nomex Aramid Fabric,Large-Scale Spacecraft Hull & Membrane,Dimensions: 40.0cm x 20.0cm x 0.08cm (Flow: Concurrent),21.0,760.0,101.32,14.5,Self-extinguished Immediately,,,27.59,20.0,1410.0,Microgravity (~0g),180.0,8.0,0.35,45.0,2017-2024,NASA Physical Sciences Informatics / NTRS,https://www.nasa.gov/mission_pages/station/research/experiments/explorer/Investigation.html?#id=1077,Standard flame-retardant space textile self-extinguished in microgravity
SAFFIREIV-S4-1,SAFFIRE-IV,PSI-98-Advanced,S4-1,SIBAL Fabric (Cotton/Fiberglass),Large-Scale Spacecraft Hull & Membrane,Dimensions: 40.0cm x 20.0cm x 0.37cm (Flow: Concurrent),26.0,424.0,56.53,310.0,Accelerated Upward Spread,,,1.29,20.0,1520.0,Microgravity (~0g),175.0,7.0,0.85,45.0,2017-2024,NASA Physical Sciences Informatics / NTRS,https://ntrs.nasa.gov/citations/20210014569,Elevated 26% O2 and reduced pressure (8.2 psia) increased flame speed 1.8x
SAFFIREIV-S4-2,SAFFIRE-IV,PSI-98-Advanced,S4-2,PMMA (Acrylic Sheet),Large-Scale Spacecraft Hull & Membrane,Dimensions: 30.0cm x 10.0cm x 0.6cm (Flow: Concurrent),28.0,424.0,56.53,440.0,Vigorous Flame Propagation,,,0.68,20.0,1520.0,Microgravity (~0g),180.0,9.0,0.85,45.0,2017-2024,NASA Physical Sciences Informatics / NTRS,https://ntrs.nasa.gov/citations/20210014569,Exploration atmosphere hyperoxia condition
SAFFIREIV-S4-3,SAFFIRE-IV,PSI-98-Advanced,S4-3,Nomex Aramid Fabric,Large-Scale Spacecraft Hull & Membrane,Dimensions: 30.0cm x 10.0cm x 0.08cm (Flow: Concurrent),26.0,424.0,56.53,45.0,Delayed Self-Extinction,,,6.67,20.0,1520.0,Microgravity (~0g),180.0,8.0,0.85,45.0,2017-2024,NASA Physical Sciences Informatics / NTRS,https://ntrs.nasa.gov/citations/20210014569,Elevated O2 delayed extinction compared to standard atmosphere
SAFFIREV-S5-1,SAFFIRE-V,PSI-98-Advanced,S5-1,PMMA (Thick Slab 10mm),Large-Scale Spacecraft Hull & Membrane,Dimensions: 40.0cm x 10.0cm x 1.0cm (Flow: Concurrent),34.0,424.0,56.53,390.0,Vigorous Pyrolysis & Burnout,,,1.03,20.0,1520.0,Microgravity (~0g),200.0,10.0,0.85,45.0,2017-2024,NASA Physical Sciences Informatics / NTRS,https://www.nasa.gov/feature/glenn/2021/saffire-v-spacecraft-fire-safety-experiment-ignites-new-data,34% O2 exploration atmosphere produced intense boiling and flame vigor
SAFFIREV-S5-2,SAFFIRE-V,PSI-98-Advanced,S5-2,Silicone Electrical Cable Insulation,Large-Scale Spacecraft Hull & Membrane,Dimensions: 35.0cm x 5.0cm x 0.3cm (Flow: Concurrent),34.0,424.0,56.53,190.0,Sustained Combustion,,,1.84,20.0,1520.0,Microgravity (~0g),160.0,8.0,0.85,45.0,2017-2024,NASA Physical Sciences Informatics / NTRS,https://www.nasa.gov/feature/glenn/2021/saffire-v-spacecraft-fire-safety-experiment-ignites-new-data,Exceeded normal gravity flammability threshold at 34% O2
SAFFIREV-S5-3,SAFFIRE-V,PSI-98-Advanced,S5-3,SIBAL Fabric,Large-Scale Spacecraft Hull & Membrane,Dimensions: 50.0cm x 20.0cm x 0.37cm (Flow: Concurrent),34.0,424.0,56.53,260.0,Rapid Complete Burnout,,,1.92,20.0,1520.0,Microgravity (~0g),180.0,6.0,0.85,45.0,2017-2024,NASA Physical Sciences Informatics / NTRS,https://www.nasa.gov/feature/glenn/2021/saffire-v-spacecraft-fire-safety-experiment-ignites-new-data,Very fast propagation under 34% O2
SAFFIREVI-S6-1,SAFFIRE-VI,PSI-98-Advanced,S6-1,PMMA (Acrylic),Large-Scale Spacecraft Hull & Membrane,Dimensions: 40.0cm x 10.0cm x 0.8cm (Flow: Concurrent),34.0,424.0,56.53,370.0,Far-field Smoke Transport,,,1.08,20.0,1520.0,Microgravity (~0g),190.0,9.0,0.85,45.0,2017-2024,NASA Physical Sciences Informatics / NTRS,https://ntrs.nasa.gov/citations/20240003882,Final Saffire flight evaluating airborne combustion products
SAFFIREVI-S6-2,SAFFIRE-VI,PSI-98-Advanced,S6-2,Cotton Textile Blend,Large-Scale Spacecraft Hull & Membrane,Dimensions: 30.0cm x 10.0cm x 0.12cm (Flow: Concurrent),30.0,424.0,56.53,180.0,Complete Consumption,,,1.67,20.0,1520.0,Microgravity (~0g),170.0,7.0,0.85,45.0,2017-2024,NASA Physical Sciences Informatics / NTRS,https://ntrs.nasa.gov/citations/20240003882,Airborne soot and CO scrubbed by test filter bed
ACME-BRE-01,ACME (CIR),PSI-ACME,ACME-BRE-01,Methane (Flat Porous Burner),Gaseous Flame & Suppressant,Suppressant: nan (0.0%),21.0,760.0,101.32,60.0,Steady Radiative Balance,,,,0.0,1650.0,Microgravity (~0g),50.0,2.0,0.5,12.0,2019-2022,NASA Biological & Physical Sciences,https://science.nasa.gov/biological-physical/data/,Spherical laminar flame without buoyant plume
ACME-BRE-02,ACME (CIR),PSI-ACME,ACME-BRE-02,Methane (Flat Porous Burner),Gaseous Flame & Suppressant,Suppressant: CO2 Dilution (10.0%),21.0,760.0,101.32,18.0,Dilution Quenching Extinction,,,,0.0,1650.0,Microgravity (~0g),50.0,2.0,0.5,12.0,2019-2022,NASA Biological & Physical Sciences,https://science.nasa.gov/biological-physical/data/,CO2 injection accelerated thermal quenching
ACME-BRE-03,ACME (CIR),PSI-ACME,ACME-BRE-03,Methane (Flat Porous Burner),Gaseous Flame & Suppressant,Suppressant: Nitrogen Dilution (25.0%),18.0,760.0,101.32,11.5,Hypoxic Radiative Extinction,,,,0.0,1650.0,Microgravity (~0g),50.0,2.0,0.5,12.0,2019-2022,NASA Biological & Physical Sciences,https://science.nasa.gov/biological-physical/data/,Low oxygen combined with N2 dilution halted combustion
ACME-CFI-01,ACME (CIR),PSI-ACME,ACME-CFI-01,Ethylene (Coflow Tube Burner),Gaseous Flame & Suppressant,Suppressant: nan (0.0%),18.0,760.0,101.32,42.0,Blowoff Extinction,,,,15.0,1650.0,Microgravity (~0g),50.0,2.0,0.5,12.0,2019-2022,NASA Biological & Physical Sciences,https://science.nasa.gov/biological-physical/data/,Forced airflow of 15 cm/s caused blowoff in 18% O2
ACME-CFI-02,ACME (CIR),PSI-ACME,ACME-CFI-02,Ethylene (Coflow Tube Burner),Gaseous Flame & Suppressant,Suppressant: CF3Br (Halon 1301) (2.5%),21.0,760.0,101.32,4.5,Chemical Radical Scavenging,,,,10.0,1650.0,Microgravity (~0g),50.0,2.0,0.5,12.0,2019-2022,NASA Biological & Physical Sciences,https://science.nasa.gov/biological-physical/data/,Halon replacement chemical rapidly inhibited reaction zone
ACME-CFI-03,ACME (CIR),PSI-ACME,ACME-CFI-03,Ethylene (Coflow Tube Burner),Gaseous Flame & Suppressant,Suppressant: Water Mist (Micro-droplet) (5.0%),21.0,760.0,101.32,8.2,Thermal Evaporation Suppression,,,,10.0,1100.0,Microgravity (~0g),50.0,2.0,0.5,12.0,2019-2022,NASA Biological & Physical Sciences,https://science.nasa.gov/biological-physical/data/,Fine water spray cooled flame base causing collapse
ACME-EFIELD-01,ACME (CIR),PSI-ACME,ACME-EFIELD-01,Methane (Electrode Burner),Gaseous Flame & Suppressant,Suppressant: Electric Field (DC) (0.0%),21.0,760.0,101.32,35.0,Ionic Wind Deflection,,,,0.0,1650.0,Microgravity (~0g),50.0,2.0,0.5,12.0,2019-2022,NASA Biological & Physical Sciences,https://science.nasa.gov/biological-physical/data/,Direct electrical field manipulated soot and ion drift
ACME-CLD-01,ACME (CIR),PSI-ACME,ACME-CLD-01,Dimethyl Ether (Counterflow Burner),Gaseous Flame & Suppressant,Suppressant: nan (0.0%),16.0,760.0,101.32,28.0,Cool Flame Steady State,,,,5.0,1650.0,Microgravity (~0g),50.0,2.0,0.5,12.0,2019-2022,NASA Biological & Physical Sciences,https://science.nasa.gov/biological-physical/data/,Low-temperature cool flame stabilized without hot core
SOFIE-001,SOFIE,PSI-SOFIE-GEL,SOFIE-001,PMMA Cylinder (Cast Acrylic),Rigid Polymer,PMMA Cylinder (Cast Acrylic),21.0,759.8,101.3,38.5,Extinction,,25.4,0.18,5.0,1480.0,Microgravity (~0g),35.0,4.2,0.0,45.0,2022-04-12,NASA PSI / CIR,https://psi.nasa.gov/investigation/SOFIE,GEL test on thick PMMA cylinder in CIR rack.
SOFIE-002,SOFIE,PSI-SOFIE-GEL,SOFIE-002,PMMA Cylinder (Cast Acrylic),Rigid Polymer,PMMA Cylinder (Cast Acrylic),18.0,759.8,101.3,16.2,Extinction,,25.4,0.11,3.0,1320.0,Microgravity (~0g),35.0,5.8,0.0,32.0,2022-04-15,NASA PSI / CIR,https://psi.nasa.gov/investigation/SOFIE,Near-limit extinction observed at 18% O2 under low forced flow.
SOFIE-003,SOFIE,PSI-SOFIE-GEL,SOFIE-003,PMMA Cylinder (Cast Acrylic),Rigid Polymer,PMMA Cylinder (Cast Acrylic),30.0,420.0,56.0,84.0,Burnout,,25.4,0.42,10.0,1750.0,Microgravity (~0g),40.0,2.1,0.0,110.0,2022-05-02,NASA PSI / CIR,https://psi.nasa.gov/investigation/SOFIE,Lunar Exploration Atmosphere simulation; sustained rapid flame propagation.
SOFIE-004,SOFIE,PSI-SOFIE-MIST,SOFIE-004,Polyethylene-coated Wire,Insulation,Polyethylene-coated Wire,21.0,759.8,101.3,42.0,Blowoff,,1.8,0.35,20.0,1420.0,Microgravity (~0g),25.0,1.8,0.0,50.0,2022-06-18,NASA PSI / CIR,https://psi.nasa.gov/investigation/SOFIE,MIST electrical wire insulation fire test.
SOFIE-005,SOFIE,PSI-SOFIE-MIST,SOFIE-005,Polyethylene-coated Wire,Insulation,Polyethylene-coated Wire,16.5,759.8,101.3,8.4,Extinction,,1.8,0.08,8.0,1210.0,Microgravity (~0g),25.0,3.5,0.0,22.0,2022-06-20,NASA PSI / CIR,https://psi.nasa.gov/investigation/SOFIE,Extinction boundary reached at 16.5% O2 with opposed flow.
SOFIE-006,SOFIE,PSI-SOFIE-MIST,SOFIE-006,Nomex Fabric (Aramid),Aerospace Textile,Nomex Fabric (Aramid),21.0,759.8,101.3,0.0,No Ignition,,0.3,0.0,5.0,,Microgravity (~0g),45.0,10.0,0.0,5.0,2022-07-10,NASA PSI / CIR,https://psi.nasa.gov/investigation/SOFIE,Self-extinguishing behavior; ignition resisted at normal 21% O2 in zero-g.
SOFIE-007,SOFIE,PSI-SOFIE-MIST,SOFIE-007,Nomex Fabric (Aramid),Aerospace Textile,Nomex Fabric (Aramid),34.0,420.0,56.0,29.5,Extinction,,0.3,0.22,12.0,1620.0,Microgravity (~0g),45.0,3.2,0.0,65.0,2022-07-14,NASA PSI / CIR,https://psi.nasa.gov/investigation/SOFIE,Artemis Lunar atmosphere rendered Nomex combustible with transient flame spread.
SOFIE-008,SOFIE,PSI-SOFIE-SMD,SOFIE-008,SIBAL (Cotton-Fiberglass Blend),Fabric Blend,SIBAL (Cotton-Fiberglass Blend),21.0,759.8,101.3,55.0,Burnout,,0.25,0.65,15.0,1540.0,Microgravity (~0g),28.0,1.5,0.0,85.0,2023-01-22,NASA PSI / CIR,https://psi.nasa.gov/investigation/SOFIE,Standard SIBAL sample flame spread in Narrow Channel Apparatus inside CIR.
SOFIE-009,SOFIE,PSI-SOFIE-SMD,SOFIE-009,SIBAL (Cotton-Fiberglass Blend),Fabric Blend,SIBAL (Cotton-Fiberglass Blend),14.0,759.8,101.3,12.0,Extinction,,0.25,0.15,6.0,1280.0,Microgravity (~0g),30.0,4.0,0.0,20.0,2023-01-25,NASA PSI / CIR,https://psi.nasa.gov/investigation/SOFIE,Quenched under hypoxic 14% O2 condition due to excessive heat loss.
SOFIE-010,SOFIE,PSI-SOFIE-SMD,SOFIE-010,SIBAL (Cotton-Fiberglass Blend),Fabric Blend,SIBAL (Cotton-Fiberglass Blend),32.0,420.0,56.0,92.0,Burnout,,0.25,0.92,18.0,1810.0,Microgravity (~0g),30.0,1.0,0.0,140.0,2023-02-04,NASA PSI / CIR,https://psi.nasa.gov/investigation/SOFIE,Exploration atmosphere high-velocity flame spread over SIBAL textile.
SOFIE-011,SOFIE,PSI-SOFIE-GEL,SOFIE-011,Delrin (Polyoxymethylene),Thermoplastic,Delrin (Polyoxymethylene),21.0,759.8,101.3,46.0,Extinction,,12.7,0.25,8.0,1510.0,Microgravity (~0g),32.0,2.8,0.0,55.0,2023-05-11,NASA PSI / CIR,https://psi.nasa.gov/investigation/SOFIE,Delrin rod combustion exhibiting steady melt dripping in zero-gravity.
SOFIE-012,SOFIE,PSI-SOFIE-GEL,SOFIE-012,Delrin (Polyoxymethylene),Thermoplastic,Delrin (Polyoxymethylene),17.5,759.8,101.3,14.8,Extinction,,12.7,0.12,4.0,1340.0,Microgravity (~0g),32.0,5.0,0.0,30.0,2023-05-14,NASA PSI / CIR,https://psi.nasa.gov/investigation/SOFIE,Delrin flame extinguished at 17.5% O2 low flow regime.
STD6001-001,NASA-STD-6001,NASA-STD-6001-T1,STD6001-001,Kevlar 29 Fabric,High-Strength Aramid,Kevlar 29 Fabric,21.0,759.8,101.3,0.0,Self-Extinguished,,0.5,0.0,0.0,,Microgravity (~0g),50.0,10.0,0.0,8.0,2021-03-10,NASA WSTF / NTRS,https://ntrs.nasa.gov/citations/20210015243,NASA STD-6001 Test 1 Upward Flammability. LOI = 29.0%. Passed for 21% O2 crew cabin.
STD6001-002,NASA-STD-6001,NASA-STD-6001-T1,STD6001-002,Kevlar 29 Fabric,High-Strength Aramid,Kevlar 29 Fabric,32.0,420.0,56.0,38.0,Burnout,,0.5,0.45,5.0,1680.0,Microgravity (~0g),50.0,3.5,0.0,75.0,2021-03-15,NASA WSTF / NTRS,https://ntrs.nasa.gov/citations/20210015243,Failed in 32% O2 lunar EVA environment. Burn length exceeded 15 cm limit.
STD6001-003,NASA-STD-6001,NASA-STD-6001-T1,STD6001-003,Nomex III-A (Aramid),Space Suit Outer Layer,Nomex III-A (Aramid),21.0,759.8,101.3,0.0,Self-Extinguished,,0.4,0.0,0.0,,Microgravity (~0g),50.0,10.0,0.0,12.0,2021-04-02,NASA WSTF / NTRS,https://ntrs.nasa.gov/citations/20210015243,LOI = 28.5%. Self-extinguished with zero after-flame at 1.0 atm.
STD6001-004,NASA-STD-6001,NASA-STD-6001-T1,STD6001-004,Nomex III-A (Aramid),Space Suit Outer Layer,Nomex III-A (Aramid),34.0,420.0,56.0,44.0,Burnout,,0.4,0.52,8.0,1720.0,Microgravity (~0g),50.0,2.8,0.0,92.0,2021-04-05,NASA WSTF / NTRS,https://ntrs.nasa.gov/citations/20210015243,Flammable in Artemis 34% O2 exploration atmosphere with high HCN emission.
STD6001-005,NASA-STD-6001,NASA-STD-6001-T1,STD6001-005,Kapton Polyimide Film,Thermal Insulation Blanket,Kapton Polyimide Film,21.0,759.8,101.3,0.0,Self-Extinguished,,0.05,0.0,0.0,,Microgravity (~0g),50.0,10.0,0.0,15.0,2021-05-18,NASA WSTF / NTRS,https://ntrs.nasa.gov/citations/20210015243,LOI = 36.0%. High flame resistance in Earth/ISS normal atmosphere.
STD6001-006,NASA-STD-6001,NASA-STD-6001-T1,STD6001-006,Kapton Polyimide Film,Thermal Insulation Blanket,Kapton Polyimide Film,34.0,420.0,56.0,0.0,Self-Extinguished,,0.05,0.0,0.0,,Microgravity (~0g),50.0,10.0,0.0,28.0,2021-05-20,NASA WSTF / NTRS,https://ntrs.nasa.gov/citations/20210015243,Marginal pass in 34% O2; slight charring but no flame propagation.
STD6001-007,NASA-STD-6001,NASA-STD-6001-T1,STD6001-007,Teflon (PTFE Fluoropolymer),Electrical Wire Jacketing,Teflon (PTFE Fluoropolymer),21.0,759.8,101.3,0.0,Self-Extinguished,,1.2,0.0,0.0,,Microgravity (~0g),60.0,10.0,0.0,4.0,2021-06-08,NASA WSTF / NTRS,https://ntrs.nasa.gov/citations/20210015243,LOI = 95.0%. Completely non-flammable in ISS cabin air; releases fluorinated off-gassing under forced pyrolytic heating.
STD6001-008,NASA-STD-6001,NASA-STD-6001-T1,STD6001-008,PEEK (Polyether ether ketone),Structural Thermoplastic,PEEK (Polyether ether ketone),21.0,759.8,101.3,0.0,Self-Extinguished,,3.0,0.0,0.0,,Microgravity (~0g),50.0,10.0,0.0,18.0,2021-07-12,NASA WSTF / NTRS,https://ntrs.nasa.gov/citations/20210015243,LOI = 35.0%. Self-extinguishes instantly upon removal of ignition source.
STD6001-009,NASA-STD-6001,NASA-STD-6001-T1,STD6001-009,PEEK (Polyether ether ketone),Structural Thermoplastic,PEEK (Polyether ether ketone),34.0,420.0,56.0,18.0,Extinction,,3.0,0.18,5.0,1580.0,Microgravity (~0g),50.0,4.5,0.0,48.0,2021-07-16,NASA WSTF / NTRS,https://ntrs.nasa.gov/citations/20210015243,Combustion sustained briefly in 34% O2 before radiative extinction.
STD6001-010,NASA-STD-6001,NASA-STD-6001-T1,STD6001-010,Polycarbonate (Lexan Sheet),Optical Window / Shield,Polycarbonate (Lexan Sheet),21.0,759.8,101.3,52.0,Burnout,,3.2,0.38,6.0,1610.0,Microgravity (~0g),40.0,2.5,0.0,135.0,2021-08-04,NASA WSTF / NTRS,https://ntrs.nasa.gov/citations/20210015243,LOI = 25.0%. Propagates heavy dripping flame in standard microgravity atmosphere; high CO yield.
STD6001-011,NASA-STD-6001,NASA-STD-6001-T1,STD6001-011,Silicone Rubber Gasket,Sealant / O-Ring,Silicone Rubber Gasket,21.0,759.8,101.3,68.0,Burnout,,2.0,0.22,4.0,1490.0,Microgravity (~0g),40.0,3.0,0.0,80.0,2021-09-14,NASA WSTF / NTRS,https://ntrs.nasa.gov/citations/20210015243,Forms white silica ash coat; continuous smoldering without complete self-extinction.
STD6001-012,NASA-STD-6001,NASA-STD-6001-T1,STD6001-012,Velcro Hook-and-Loop (Nylon),Fastener Material,Velcro Hook-and-Loop (Nylon),21.0,759.8,101.3,74.0,Burnout,,1.5,0.85,10.0,1650.0,Microgravity (~0g),30.0,1.2,0.0,190.0,2021-10-05,NASA WSTF / NTRS,https://ntrs.nasa.gov/citations/20210015243,LOI = 20.0%. Highly hazardous in spacecraft cabins; strict mass limits enforced per NASA STD-6001.
STD6001-013,NASA-STD-6001,NASA-STD-6001-T1,STD6001-013,Velcro Hook-and-Loop (Nylon),Fastener Material,Velcro Hook-and-Loop (Nylon),34.0,420.0,56.0,110.0,Burnout,,1.5,1.4,15.0,1890.0,Microgravity (~0g),30.0,0.8,0.0,280.0,2021-10-09,NASA WSTF / NTRS,https://ntrs.nasa.gov/citations/20210015243,Extreme deflagration in 34% O2 lunar atmosphere; rapid flashover across hook rows.
STD6001-014,NASA-STD-6001,NASA-STD-6001-T1,STD6001-014,Pyrex Borosilicate Glass-Epoxy,Composite Circuit Board,Pyrex Borosilicate Glass-Epoxy,21.0,759.8,101.3,31.0,Extinction,,1.6,0.14,4.0,1420.0,Microgravity (~0g),45.0,4.0,0.0,60.0,2021-11-02,NASA WSTF / NTRS,https://ntrs.nasa.gov/citations/20210015243,FR4 epoxy pyrolysis generates dense particulate smoke before glass matrix halts spread.
SLICE-001,SLICE,PSI-SLICE-CO2,SLICE-001,Methane Gaseous Jet,Gaseous Hydrocarbon,Methane Gaseous Jet,21.0,759.8,101.3,12.4,Suppression,,0.8,0.0,0.0,1400.0,Microgravity (~0g),20.0,0.5,12.5,15.0,2012-09-12,NASA PSI / MSG,https://psi.nasa.gov/investigation/SLICE,Suppressed by CO2 flood at 12.5% volume fraction.
SLICE-002,SLICE,PSI-SLICE-CO2,SLICE-002,Methane Gaseous Jet,Gaseous Hydrocarbon,Methane Gaseous Jet,21.0,759.8,101.3,8.1,Suppression,,0.8,0.0,0.0,1320.0,Microgravity (~0g),20.0,0.5,18.0,10.0,2012-09-14,NASA PSI / MSG,https://psi.nasa.gov/investigation/SLICE,Rapid quenching achieved using 18% CO2 inerting agent in microgravity.
SLICE-003,SLICE,PSI-SLICE-N2,SLICE-003,Ethylene Laminar Flame,Gaseous Alkene,Ethylene Laminar Flame,21.0,759.8,101.3,15.0,Suppression,,1.2,0.0,5.0,1480.0,Microgravity (~0g),25.0,0.6,0.0,40.0,2012-10-02,NASA PSI / MSG,https://psi.nasa.gov/investigation/SLICE,Inerted using nitrogen dilution down to 13.8% limiting oxygen index.
SLICE-004,SLICE,PSI-SLICE-N2,SLICE-004,Ethylene Laminar Flame,Gaseous Alkene,Ethylene Laminar Flame,21.0,759.8,101.3,22.0,Blowoff,,1.2,0.0,35.0,1520.0,Microgravity (~0g),25.0,0.6,0.0,25.0,2012-10-05,NASA PSI / MSG,https://psi.nasa.gov/investigation/SLICE,High aerodynamic co-flow induced blowoff extinction at 35 cm/s.
SLICE-005,SLICE,PSI-SLICE-HAL,SLICE-005,Heptane Pool Burner,Liquid Hydrocarbon,Heptane Pool Burner,21.0,759.8,101.3,6.2,Suppression,,10.0,0.12,2.0,1350.0,Microgravity (~0g),30.0,1.0,0.0,18.0,2013-01-18,NASA PSI / MSG,https://psi.nasa.gov/investigation/SLICE,Halon replacement testing with CF3I gaseous chemical fire suppressant.
SLICE-006,SLICE,PSI-SLICE-HAL,SLICE-006,Heptane Pool Burner,Liquid Hydrocarbon,Heptane Pool Burner,30.0,420.0,56.0,11.5,Suppression,,10.0,0.28,4.0,1590.0,Microgravity (~0g),30.0,0.8,0.0,45.0,2013-01-21,NASA PSI / MSG,https://psi.nasa.gov/investigation/SLICE,Higher suppressant concentration required in 30% O2 exploration atmosphere.
SLICE-007,SLICE,PSI-SLICE-WAT,SLICE-007,PMMA Solid Strip,Rigid Polymer,PMMA Solid Strip,21.0,759.8,101.3,9.8,Suppression,,6.3,0.15,5.0,1290.0,Microgravity (~0g),35.0,2.0,0.0,22.0,2013-03-10,NASA PSI / MSG,https://psi.nasa.gov/investigation/SLICE,Fine water mist particulate droplet injection extinguished solid acrylic pyrolysis.
SLICE-008,SLICE,PSI-SLICE-WAT,SLICE-008,Nomex Fabric,Aerospace Textile,Nomex Fabric,21.0,759.8,101.3,4.0,Suppression,,0.4,0.0,3.0,1210.0,Microgravity (~0g),35.0,2.5,0.0,12.0,2013-03-14,NASA PSI / MSG,https://psi.nasa.gov/investigation/SLICE,"Direct water droplet impingement absorbed latent heat, halting smoldering."
NTRS-2012-01,NTRS-Combustion,NTRS-20120015928,NTRS-001,Methanol Droplet Array,Liquid Droplet Array,Array of interactive micro-droplets (0.8mm - 1.2mm),15.0,380.0,50.66,8.4,Low Oxygen Quenching,0.45,1.1,0.41,0.0,1320.0,Microgravity (~0g),25.0,1.2,,,2012-05-10,NASA Technical Reports Server (NTRS),https://ntrs.nasa.gov/citations/20120015928,Multidroplet interaction effects on extinction limits under reduced pressure and hypoxia.
NTRS-2024-02,NTRS-FireSafety,NTRS-20240002981,NTRS-002,Silicone Rubber Cable Insulation,Electrical Insulation Material,Wire sleeve insulation sample (15cm),25.0,760.0,101.32,150.0,Char Formation Extinction,,,0.12,10.0,1250.0,Microgravity (~0g),120.0,10.0,0.65,24.0,2024-01-18,NASA Technical Reports Server (NTRS),https://ntrs.nasa.gov/citations/20240002981,Evaluation of flammability and char layer barrier in elevated oxygen cabin environments.
FLARE-KIBO-001,FLARE (JAXA/Kibo),PSI-FLARE-KIBO,FLARE-KIBO-001,PMMA (Polymethyl Methacrylate),Solid Polymer,PMMA (Polymethyl Methacrylate),16.5,759.8,101.3,9.7,Radiative Quenching,1.94,8.7,0.21,15.0,1332.7,Microgravity (~0g),79.6,1.7,1.58,29.6,2022-04-17,JAXA / NASA PSI Joint Archive (ISS Kibo MSPR),https://psi.nasa.gov/investigation/FLARE,FLARE reduced-g flammability limit test under Microgravity (~0g) at 15.0 cm/s convective flow.
FLARE-KIBO-002,FLARE (JAXA/Kibo),PSI-FLARE-KIBO,FLARE-KIBO-002,PMMA (Polymethyl Methacrylate),Solid Polymer,PMMA (Polymethyl Methacrylate),18.0,759.8,101.3,45.6,Self-Extinction,3.14,9.0,0.5,14.2,1151.8,Microgravity (~0g),75.3,3.2,1.35,49.1,2023-02-03,JAXA / NASA PSI Joint Archive (ISS Kibo MSPR),https://psi.nasa.gov/investigation/FLARE,FLARE reduced-g flammability limit test under Microgravity (~0g) at 14.2 cm/s convective flow.
FLARE-KIBO-003,FLARE (JAXA/Kibo),PSI-FLARE-KIBO,FLARE-KIBO-003,PMMA (Polymethyl Methacrylate),Solid Polymer,PMMA (Polymethyl Methacrylate),21.0,759.8,101.3,32.1,Self-Extinction,3.86,8.6,0.84,9.9,1294.8,Microgravity (~0g),83.7,2.4,1.95,153.6,2023-10-07,JAXA / NASA PSI Joint Archive (ISS Kibo MSPR),https://psi.nasa.gov/investigation/FLARE,FLARE reduced-g flammability limit test under Microgravity (~0g) at 9.9 cm/s convective flow.
FLARE-KIBO-004,FLARE (JAXA/Kibo),PSI-FLARE-KIBO,FLARE-KIBO-004,PMMA (Polymethyl Methacrylate),Solid Polymer,PMMA (Polymethyl Methacrylate),25.0,759.8,101.3,11.1,Sustained Flame,,9.9,1.0,16.2,1380.9,Microgravity (~0g),78.3,2.5,1.67,154.3,2022-06-12,JAXA / NASA PSI Joint Archive (ISS Kibo MSPR),https://psi.nasa.gov/investigation/FLARE,FLARE reduced-g flammability limit test under Microgravity (~0g) at 16.2 cm/s convective flow.
FLARE-KIBO-005,FLARE (JAXA/Kibo),PSI-FLARE-KIBO,FLARE-KIBO-005,PMMA (Polymethyl Methacrylate),Solid Polymer,PMMA (Polymethyl Methacrylate),30.0,759.8,101.3,25.9,Sustained Flame,,8.2,2.3,6.6,1314.5,Microgravity (~0g),43.6,3.3,0.86,83.8,2022-11-11,JAXA / NASA PSI Joint Archive (ISS Kibo MSPR),https://psi.nasa.gov/investigation/FLARE,FLARE reduced-g flammability limit test under Microgravity (~0g) at 6.6 cm/s convective flow.
FLARE-KIBO-006,FLARE (JAXA/Kibo),PSI-FLARE-KIBO,FLARE-KIBO-006,PMMA (Polymethyl Methacrylate),Solid Polymer,PMMA (Polymethyl Methacrylate),34.0,759.8,101.3,60.0,Convective Blowoff,1.31,6.6,0.49,18.9,1222.3,Microgravity (~0g),45.5,3.9,2.85,73.8,2024-07-21,JAXA / NASA PSI Joint Archive (ISS Kibo MSPR),https://psi.nasa.gov/investigation/FLARE,FLARE reduced-g flammability limit test under Microgravity (~0g) at 18.9 cm/s convective flow.
FLARE-KIBO-007,FLARE (JAXA/Kibo),PSI-FLARE-KIBO,FLARE-KIBO-007,Polyethylene (LDPE),Solid Polymer,Polyethylene (LDPE),16.5,759.8,101.3,25.7,Radiative Quenching,3.05,6.3,0.2,11.4,1242.9,Microgravity (~0g),79.9,2.5,1.01,179.6,2024-02-25,JAXA / NASA PSI Joint Archive (ISS Kibo MSPR),https://psi.nasa.gov/investigation/FLARE,FLARE reduced-g flammability limit test under Microgravity (~0g) at 11.4 cm/s convective flow.
FLARE-KIBO-008,FLARE (JAXA/Kibo),PSI-FLARE-KIBO,FLARE-KIBO-008,Polyethylene (LDPE),Solid Polymer,Polyethylene (LDPE),18.0,759.8,101.3,15.3,Sustained Flame,,7.1,1.01,3.4,1071.0,Microgravity (~0g),54.1,4.0,1.88,175.5,2021-11-24,JAXA / NASA PSI Joint Archive (ISS Kibo MSPR),https://psi.nasa.gov/investigation/FLARE,FLARE reduced-g flammability limit test under Microgravity (~0g) at 3.4 cm/s convective flow.
FLARE-KIBO-009,FLARE (JAXA/Kibo),PSI-FLARE-KIBO,FLARE-KIBO-009,Polyethylene (LDPE),Solid Polymer,Polyethylene (LDPE),21.0,759.8,101.3,67.3,Self-Extinction,2.32,6.5,0.99,4.7,1102.2,Microgravity (~0g),35.2,3.3,2.42,175.6,2022-09-04,JAXA / NASA PSI Joint Archive (ISS Kibo MSPR),https://psi.nasa.gov/investigation/FLARE,FLARE reduced-g flammability limit test under Microgravity (~0g) at 4.7 cm/s convective flow.
FLARE-KIBO-010,FLARE (JAXA/Kibo),PSI-FLARE-KIBO,FLARE-KIBO-010,Polyethylene (LDPE),Solid Polymer,Polyethylene (LDPE),25.0,759.8,101.3,28.0,Convective Blowoff,3.21,5.8,0.73,19.5,1301.6,Microgravity (~0g),62.0,3.4,1.88,25.1,2023-08-01,JAXA / NASA PSI Joint Archive (ISS Kibo MSPR),https://psi.nasa.gov/investigation/FLARE,FLARE reduced-g flammability limit test under Microgravity (~0g) at 19.5 cm/s convective flow.
FLARE-KIBO-011,FLARE (JAXA/Kibo),PSI-FLARE-KIBO,FLARE-KIBO-011,Polyethylene (LDPE),Solid Polymer,Polyethylene (LDPE),30.0,759.8,101.3,32.3,Sustained Flame,,9.0,2.38,4.7,1129.0,Microgravity (~0g),47.0,2.9,0.62,138.4,2021-09-25,JAXA / NASA PSI Joint Archive (ISS Kibo MSPR),https://psi.nasa.gov/investigation/FLARE,FLARE reduced-g flammability limit test under Microgravity (~0g) at 4.7 cm/s convective flow.
FLARE-KIBO-012,FLARE (JAXA/Kibo),PSI-FLARE-KIBO,FLARE-KIBO-012,Polyethylene (LDPE),Solid Polymer,Polyethylene (LDPE),34.0,759.8,101.3,52.2,Sustained Flame,,5.8,2.32,5.0,1224.1,Microgravity (~0g),65.3,3.9,3.0,142.1,2022-12-10,JAXA / NASA PSI Joint Archive (ISS Kibo MSPR),https://psi.nasa.gov/investigation/FLARE,FLARE reduced-g flammability limit test under Microgravity (~0g) at 5.0 cm/s convective flow.
FLARE-KIBO-013,FLARE (JAXA/Kibo),PSI-FLARE-KIBO,FLARE-KIBO-013,Nomex HT90-40 Fabric,Flame-Resistant Aramid,Nomex HT90-40 Fabric,16.5,759.8,101.3,53.0,Radiative Quenching,4.17,7.3,0.24,10.3,1362.0,Microgravity (~0g),38.2,1.6,1.95,116.2,2021-02-23,JAXA / NASA PSI Joint Archive (ISS Kibo MSPR),https://psi.nasa.gov/investigation/FLARE,FLARE reduced-g flammability limit test under Microgravity (~0g) at 10.3 cm/s convective flow.
FLARE-KIBO-014,FLARE (JAXA/Kibo),PSI-FLARE-KIBO,FLARE-KIBO-014,Nomex HT90-40 Fabric,Flame-Resistant Aramid,Nomex HT90-40 Fabric,18.0,759.8,101.3,23.3,Sustained Flame,,5.4,1.07,14.8,1359.5,Microgravity (~0g),68.4,2.0,0.77,170.0,2024-04-26,JAXA / NASA PSI Joint Archive (ISS Kibo MSPR),https://psi.nasa.gov/investigation/FLARE,FLARE reduced-g flammability limit test under Microgravity (~0g) at 14.8 cm/s convective flow.
FLARE-KIBO-015,FLARE (JAXA/Kibo),PSI-FLARE-KIBO,FLARE-KIBO-015,Nomex HT90-40 Fabric,Flame-Resistant Aramid,Nomex HT90-40 Fabric,21.0,759.8,101.3,35.3,Sustained Flame,,7.2,0.39,11.7,1405.9,Microgravity (~0g),58.4,3.3,2.29,177.5,2021-01-13,JAXA / NASA PSI Joint Archive (ISS Kibo MSPR),https://psi.nasa.gov/investigation/FLARE,FLARE reduced-g flammability limit test under Microgravity (~0g) at 11.7 cm/s convective flow.
FLARE-KIBO-016,FLARE (JAXA/Kibo),PSI-FLARE-KIBO,FLARE-KIBO-016,Nomex HT90-40 Fabric,Flame-Resistant Aramid,Nomex HT90-40 Fabric,25.0,759.8,101.3,61.6,Sustained Flame,,6.0,0.52,16.7,1412.2,Microgravity (~0g),56.1,2.2,1.1,168.1,2024-09-04,JAXA / NASA PSI Joint Archive (ISS Kibo MSPR),https://psi.nasa.gov/investigation/FLARE,FLARE reduced-g flammability limit test under Microgravity (~0g) at 16.7 cm/s convective flow.
FLARE-KIBO-017,FLARE (JAXA/Kibo),PSI-FLARE-KIBO,FLARE-KIBO-017,Nomex HT90-40 Fabric,Flame-Resistant Aramid,Nomex HT90-40 Fabric,30.0,759.8,101.3,75.0,Sustained Flame,,9.8,2.15,3.5,1531.6,Microgravity (~0g),77.4,1.9,1.76,58.1,2024-01-06,JAXA / NASA PSI Joint Archive (ISS Kibo MSPR),https://psi.nasa.gov/investigation/FLARE,FLARE reduced-g flammability limit test under Microgravity (~0g) at 3.5 cm/s convective flow.
FLARE-KIBO-018,FLARE (JAXA/Kibo),PSI-FLARE-KIBO,FLARE-KIBO-018,Nomex HT90-40 Fabric,Flame-Resistant Aramid,Nomex HT90-40 Fabric,34.0,759.8,101.3,74.0,Sustained Flame,,8.9,1.26,9.9,1413.8,Microgravity (~0g),56.2,3.9,3.19,111.1,2024-03-07,JAXA / NASA PSI Joint Archive (ISS Kibo MSPR),https://psi.nasa.gov/investigation/FLARE,FLARE reduced-g flammability limit test under Microgravity (~0g) at 9.9 cm/s convective flow.
FLARE-KIBO-019,FLARE (JAXA/Kibo),PSI-FLARE-KIBO,FLARE-KIBO-019,Delrin (Polyoxymethylene),Engineering Thermoplastic,Delrin (Polyoxymethylene),16.5,759.8,101.3,72.9,Radiative Quenching,2.99,8.7,0.31,8.3,1114.9,Microgravity (~0g),64.2,2.8,2.79,49.4,2021-03-03,JAXA / NASA PSI Joint Archive (ISS Kibo MSPR),https://psi.nasa.gov/investigation/FLARE,FLARE reduced-g flammability limit test under Microgravity (~0g) at 8.3 cm/s convective flow.
FLARE-KIBO-020,FLARE (JAXA/Kibo),PSI-FLARE-KIBO,FLARE-KIBO-020,Delrin (Polyoxymethylene),Engineering Thermoplastic,Delrin (Polyoxymethylene),18.0,759.8,101.3,53.2,Sustained Flame,,9.7,0.66,14.1,1248.1,Microgravity (~0g),63.9,1.6,0.63,126.9,2023-05-07,JAXA / NASA PSI Joint Archive (ISS Kibo MSPR),https://psi.nasa.gov/investigation/FLARE,FLARE reduced-g flammability limit test under Microgravity (~0g) at 14.1 cm/s convective flow.
FLARE-KIBO-021,FLARE (JAXA/Kibo),PSI-FLARE-KIBO,FLARE-KIBO-021,Delrin (Polyoxymethylene),Engineering Thermoplastic,Delrin (Polyoxymethylene),21.0,759.8,101.3,29.1,Self-Extinction,3.42,6.5,0.66,15.6,1182.2,Microgravity (~0g),72.6,1.7,1.68,179.8,2021-02-18,JAXA / NASA PSI Joint Archive (ISS Kibo MSPR),https://psi.nasa.gov/investigation/FLARE,FLARE reduced-g flammability limit test under Microgravity (~0g) at 15.6 cm/s convective flow.
FLARE-KIBO-022,FLARE (JAXA/Kibo),PSI-FLARE-KIBO,FLARE-KIBO-022,Delrin (Polyoxymethylene),Engineering Thermoplastic,Delrin (Polyoxymethylene),25.0,759.8,101.3,25.8,Self-Extinction,4.1,6.8,1.09,6.7,1141.0,Microgravity (~0g),76.7,3.3,2.11,178.0,2021-11-27,JAXA / NASA PSI Joint Archive (ISS Kibo MSPR),https://psi.nasa.gov/investigation/FLARE,FLARE reduced-g flammability limit test under Microgravity (~0g) at 6.7 cm/s convective flow.
FLARE-KIBO-023,FLARE (JAXA/Kibo),PSI-FLARE-KIBO,FLARE-KIBO-023,Delrin (Polyoxymethylene),Engineering Thermoplastic,Delrin (Polyoxymethylene),30.0,759.8,101.3,70.4,Sustained Flame,,9.4,1.01,13.3,1168.8,Microgravity (~0g),79.5,3.4,0.84,68.7,2022-12-11,JAXA / NASA PSI Joint Archive (ISS Kibo MSPR),https://psi.nasa.gov/investigation/FLARE,FLARE reduced-g flammability limit test under Microgravity (~0g) at 13.3 cm/s convective flow.
FLARE-KIBO-024,FLARE (JAXA/Kibo),PSI-FLARE-KIBO,FLARE-KIBO-024,Delrin (Polyoxymethylene),Engineering Thermoplastic,Delrin (Polyoxymethylene),34.0,759.8,101.3,50.5,Sustained Flame,,7.4,1.26,6.5,1335.4,Microgravity (~0g),77.3,1.7,1.59,67.9,2021-06-25,JAXA / NASA PSI Joint Archive (ISS Kibo MSPR),https://psi.nasa.gov/investigation/FLARE,FLARE reduced-g flammability limit test under Microgravity (~0g) at 6.5 cm/s convective flow.
FLARE-KIBO-025,FLARE (JAXA/Kibo),PSI-FLARE-KIBO,FLARE-KIBO-025,Silicone Rubber Sheet,Elastomer,Silicone Rubber Sheet,16.5,759.8,101.3,73.6,Radiative Quenching,2.66,8.5,0.17,5.1,1340.2,Microgravity (~0g),40.6,3.9,2.33,48.1,2021-06-19,JAXA / NASA PSI Joint Archive (ISS Kibo MSPR),https://psi.nasa.gov/investigation/FLARE,FLARE reduced-g flammability limit test under Microgravity (~0g) at 5.1 cm/s convective flow.
FLARE-KIBO-026,FLARE (JAXA/Kibo),PSI-FLARE-KIBO,FLARE-KIBO-026,Silicone Rubber Sheet,Elastomer,Silicone Rubber Sheet,18.0,759.8,101.3,36.8,Sustained Flame,,9.5,0.58,13.3,1399.0,Microgravity (~0g),78.0,3.7,0.99,63.7,2021-06-25,JAXA / NASA PSI Joint Archive (ISS Kibo MSPR),https://psi.nasa.gov/investigation/FLARE,FLARE reduced-g flammability limit test under Microgravity (~0g) at 13.3 cm/s convective flow.
FLARE-KIBO-027,FLARE (JAXA/Kibo),PSI-FLARE-KIBO,FLARE-KIBO-027,Silicone Rubber Sheet,Elastomer,Silicone Rubber Sheet,21.0,759.8,101.3,66.6,Sustained Flame,,6.2,1.13,13.4,1240.6,Microgravity (~0g),75.0,1.9,1.55,52.8,2023-07-26,JAXA / NASA PSI Joint Archive (ISS Kibo MSPR),https://psi.nasa.gov/investigation/FLARE,FLARE reduced-g flammability limit test under Microgravity (~0g) at 13.4 cm/s convective flow.
FLARE-KIBO-028,FLARE (JAXA/Kibo),PSI-FLARE-KIBO,FLARE-KIBO-028,Silicone Rubber Sheet,Elastomer,Silicone Rubber Sheet,25.0,759.8,101.3,57.2,Sustained Flame,,8.9,0.54,15.6,1227.0,Microgravity (~0g),78.6,3.6,1.02,151.6,2024-06-10,JAXA / NASA PSI Joint Archive (ISS Kibo MSPR),https://psi.nasa.gov/investigation/FLARE,FLARE reduced-g flammability limit test under Microgravity (~0g) at 15.6 cm/s convective flow.
FLARE-KIBO-029,FLARE (JAXA/Kibo),PSI-FLARE-KIBO,FLARE-KIBO-029,Silicone Rubber Sheet,Elastomer,Silicone Rubber Sheet,30.0,759.8,101.3,66.4,Convective Blowoff,3.38,7.0,0.48,18.5,1269.7,Microgravity (~0g),38.5,3.4,1.38,104.0,2023-01-04,JAXA / NASA PSI Joint Archive (ISS Kibo MSPR),https://psi.nasa.gov/investigation/FLARE,FLARE reduced-g flammability limit test under Microgravity (~0g) at 18.5 cm/s convective flow.
FLARE-KIBO-030,FLARE (JAXA/Kibo),PSI-FLARE-KIBO,FLARE-KIBO-030,Silicone Rubber Sheet,Elastomer,Silicone Rubber Sheet,34.0,759.8,101.3,25.5,Convective Blowoff,4.45,5.2,0.7,19.6,1349.1,Microgravity (~0g),52.3,3.5,1.62,177.6,2021-07-19,JAXA / NASA PSI Joint Archive (ISS Kibo MSPR),https://psi.nasa.gov/investigation/FLARE,FLARE reduced-g flammability limit test under Microgravity (~0g) at 19.6 cm/s convective flow.
FLARE-KIBO-031,FLARE (JAXA/Kibo),PSI-FLARE-KIBO,FLARE-KIBO-031,PMMA (Polymethyl Methacrylate),Solid Polymer,PMMA (Polymethyl Methacrylate),16.5,423.8,56.5,11.0,Radiative Quenching,2.92,9.0,0.26,6.2,1335.5,Lunar Gravity (0.16g),82.0,3.3,0.95,91.9,2023-10-11,JAXA / NASA PSI Joint Archive (ISS Kibo MSPR),https://psi.nasa.gov/investigation/FLARE,FLARE reduced-g flammability limit test under Lunar Gravity (0.16g) at 6.2 cm/s convective flow.
FLARE-KIBO-032,FLARE (JAXA/Kibo),PSI-FLARE-KIBO,FLARE-KIBO-032,PMMA (Polymethyl Methacrylate),Solid Polymer,PMMA (Polymethyl Methacrylate),18.0,423.8,56.5,16.3,Self-Extinction,3.4,6.6,0.76,15.4,1338.2,Lunar Gravity (0.16g),62.7,2.0,2.26,83.8,2022-10-19,JAXA / NASA PSI Joint Archive (ISS Kibo MSPR),https://psi.nasa.gov/investigation/FLARE,FLARE reduced-g flammability limit test under Lunar Gravity (0.16g) at 15.4 cm/s convective flow.
FLARE-KIBO-033,FLARE (JAXA/Kibo),PSI-FLARE-KIBO,FLARE-KIBO-033,PMMA (Polymethyl Methacrylate),Solid Polymer,PMMA (Polymethyl Methacrylate),21.0,423.8,56.5,44.7,Sustained Flame,,6.1,0.57,8.4,1362.2,Lunar Gravity (0.16g),65.3,2.3,1.64,129.7,2024-12-06,JAXA / NASA PSI Joint Archive (ISS Kibo MSPR),https://psi.nasa.gov/investigation/FLARE,FLARE reduced-g flammability limit test under Lunar Gravity (0.16g) at 8.4 cm/s convective flow.
FLARE-KIBO-034,FLARE (JAXA/Kibo),PSI-FLARE-KIBO,FLARE-KIBO-034,PMMA (Polymethyl Methacrylate),Solid Polymer,PMMA (Polymethyl Methacrylate),25.0,423.8,56.5,27.0,Self-Extinction,4.34,6.2,0.38,15.3,1233.8,Lunar Gravity (0.16g),75.3,1.9,0.53,177.5,2021-08-14,JAXA / NASA PSI Joint Archive (ISS Kibo MSPR),https://psi.nasa.gov/investigation/FLARE,FLARE reduced-g flammability limit test under Lunar Gravity (0.16g) at 15.3 cm/s convective flow.
FLARE-KIBO-035,FLARE (JAXA/Kibo),PSI-FLARE-KIBO,FLARE-KIBO-035,PMMA (Polymethyl Methacrylate),Solid Polymer,PMMA (Polymethyl Methacrylate),30.0,423.8,56.5,46.6,Convective Blowoff,2.47,7.0,0.78,19.8,1189.8,Lunar Gravity (0.16g),69.4,3.7,2.81,162.2,2024-04-06,JAXA / NASA PSI Joint Archive (ISS Kibo MSPR),https://psi.nasa.gov/investigation/FLARE,FLARE reduced-g flammability limit test under Lunar Gravity (0.16g) at 19.8 cm/s convective flow.
FLARE-KIBO-036,FLARE (JAXA/Kibo),PSI-FLARE-KIBO,FLARE-KIBO-036,PMMA (Polymethyl Methacrylate),Solid Polymer,PMMA (Polymethyl Methacrylate),34.0,423.8,56.5,54.6,Convective Blowoff,3.04,9.6,0.63,18.2,1182.8,Lunar Gravity (0.16g),41.7,2.7,1.89,111.6,2023-08-20,JAXA / NASA PSI Joint Archive (ISS Kibo MSPR),https://psi.nasa.gov/investigation/FLARE,FLARE reduced-g flammability limit test under Lunar Gravity (0.16g) at 18.2 cm/s convective flow.
FLARE-KIBO-037,FLARE (JAXA/Kibo),PSI-FLARE-KIBO,FLARE-KIBO-037,Polyethylene (LDPE),Solid Polymer,Polyethylene (LDPE),16.5,423.8,56.5,67.8,Radiative Quenching,4.19,7.2,0.26,18.4,1102.5,Lunar Gravity (0.16g),78.1,2.6,2.5,155.2,2023-09-16,JAXA / NASA PSI Joint Archive (ISS Kibo MSPR),https://psi.nasa.gov/investigation/FLARE,FLARE reduced-g flammability limit test under Lunar Gravity (0.16g) at 18.4 cm/s convective flow.
FLARE-KIBO-038,FLARE (JAXA/Kibo),PSI-FLARE-KIBO,FLARE-KIBO-038,Polyethylene (LDPE),Solid Polymer,Polyethylene (LDPE),18.0,423.8,56.5,26.4,Sustained Flame,,6.2,0.94,14.7,1160.8,Lunar Gravity (0.16g),79.7,1.7,0.82,84.4,2022-12-07,JAXA / NASA PSI Joint Archive (ISS Kibo MSPR),https://psi.nasa.gov/investigation/FLARE,FLARE reduced-g flammability limit test under Lunar Gravity (0.16g) at 14.7 cm/s convective flow.
FLARE-KIBO-039,FLARE (JAXA/Kibo),PSI-FLARE-KIBO,FLARE-KIBO-039,Polyethylene (LDPE),Solid Polymer,Polyethylene (LDPE),21.0,423.8,56.5,35.3,Self-Extinction,1.88,7.1,0.67,3.8,1348.6,Lunar Gravity (0.16g),64.2,3.2,2.8,143.7,2024-08-01,JAXA / NASA PSI Joint Archive (ISS Kibo MSPR),https://psi.nasa.gov/investigation/FLARE,FLARE reduced-g flammability limit test under Lunar Gravity (0.16g) at 3.8 cm/s convective flow.
FLARE-KIBO-040,FLARE (JAXA/Kibo),PSI-FLARE-KIBO,FLARE-KIBO-040,Polyethylene (LDPE),Solid Polymer,Polyethylene (LDPE),25.0,423.8,56.5,28.0,Convective Blowoff,4.14,9.2,0.58,20.9,1227.6,Lunar Gravity (0.16g),71.7,3.5,2.91,100.7,2023-07-16,JAXA / NASA PSI Joint Archive (ISS Kibo MSPR),https://psi.nasa.gov/investigation/FLARE,FLARE reduced-g flammability limit test under Lunar Gravity (0.16g) at 20.9 cm/s convective flow.
FLARE-KIBO-041,FLARE (JAXA/Kibo),PSI-FLARE-KIBO,FLARE-KIBO-041,Polyethylene (LDPE),Solid Polymer,Polyethylene (LDPE),30.0,423.8,56.5,30.5,Sustained Flame,,7.0,1.9,3.1,1104.5,Lunar Gravity (0.16g),58.4,1.8,2.14,29.2,2024-10-19,JAXA / NASA PSI Joint Archive (ISS Kibo MSPR),https://psi.nasa.gov/investigation/FLARE,FLARE reduced-g flammability limit test under Lunar Gravity (0.16g) at 3.1 cm/s convective flow.
FLARE-KIBO-042,FLARE (JAXA/Kibo),PSI-FLARE-KIBO,FLARE-KIBO-042,Polyethylene (LDPE),Solid Polymer,Polyethylene (LDPE),34.0,423.8,56.5,13.6,Sustained Flame,,9.3,1.51,15.4,1110.0,Lunar Gravity (0.16g),48.0,2.3,1.67,77.3,2024-05-25,JAXA / NASA PSI Joint Archive (ISS Kibo MSPR),https://psi.nasa.gov/investigation/FLARE,FLARE reduced-g flammability limit test under Lunar Gravity (0.16g) at 15.4 cm/s convective flow.
FLARE-KIBO-043,FLARE (JAXA/Kibo),PSI-FLARE-KIBO,FLARE-KIBO-043,Nomex HT90-40 Fabric,Flame-Resistant Aramid,Nomex HT90-40 Fabric,16.5,423.8,56.5,36.2,Radiative Quenching,2.75,8.7,0.4,21.0,1313.0,Lunar Gravity (0.16g),82.6,2.1,0.59,173.4,2021-01-08,JAXA / NASA PSI Joint Archive (ISS Kibo MSPR),https://psi.nasa.gov/investigation/FLARE,FLARE reduced-g flammability limit test under Lunar Gravity (0.16g) at 21.0 cm/s convective flow.
FLARE-KIBO-044,FLARE (JAXA/Kibo),PSI-FLARE-KIBO,FLARE-KIBO-044,Nomex HT90-40 Fabric,Flame-Resistant Aramid,Nomex HT90-40 Fabric,18.0,423.8,56.5,9.4,Sustained Flame,,7.4,0.51,6.4,1328.6,Lunar Gravity (0.16g),82.4,2.7,1.12,82.2,2021-03-10,JAXA / NASA PSI Joint Archive (ISS Kibo MSPR),https://psi.nasa.gov/investigation/FLARE,FLARE reduced-g flammability limit test under Lunar Gravity (0.16g) at 6.4 cm/s convective flow.
FLARE-KIBO-045,FLARE (JAXA/Kibo),PSI-FLARE-KIBO,FLARE-KIBO-045,Nomex HT90-40 Fabric,Flame-Resistant Aramid,Nomex HT90-40 Fabric,21.0,423.8,56.5,9.7,Self-Extinction,4.2,6.9,0.82,4.6,1535.4,Lunar Gravity (0.16g),44.9,3.0,2.73,62.6,2023-11-20,JAXA / NASA PSI Joint Archive (ISS Kibo MSPR),https://psi.nasa.gov/investigation/FLARE,FLARE reduced-g flammability limit test under Lunar Gravity (0.16g) at 4.6 cm/s convective flow.
FLARE-KIBO-046,FLARE (JAXA/Kibo),PSI-FLARE-KIBO,FLARE-KIBO-046,Nomex HT90-40 Fabric,Flame-Resistant Aramid,Nomex HT90-40 Fabric,25.0,423.8,56.5,61.3,Convective Blowoff,1.34,7.7,0.69,18.2,1465.4,Lunar Gravity (0.16g),38.4,3.1,0.44,90.1,2024-02-14,JAXA / NASA PSI Joint Archive (ISS Kibo MSPR),https://psi.nasa.gov/investigation/FLARE,FLARE reduced-g flammability limit test under Lunar Gravity (0.16g) at 18.2 cm/s convective flow.
FLARE-KIBO-047,FLARE (JAXA/Kibo),PSI-FLARE-KIBO,FLARE-KIBO-047,Nomex HT90-40 Fabric,Flame-Resistant Aramid,Nomex HT90-40 Fabric,30.0,423.8,56.5,50.6,Convective Blowoff,3.53,7.2,0.85,21.2,1483.4,Lunar Gravity (0.16g),83.3,2.2,2.66,108.4,2024-08-14,JAXA / NASA PSI Joint Archive (ISS Kibo MSPR),https://psi.nasa.gov/investigation/FLARE,FLARE reduced-g flammability limit test under Lunar Gravity (0.16g) at 21.2 cm/s convective flow.
FLARE-KIBO-048,FLARE (JAXA/Kibo),PSI-FLARE-KIBO,FLARE-KIBO-048,Nomex HT90-40 Fabric,Flame-Resistant Aramid,Nomex HT90-40 Fabric,34.0,423.8,56.5,47.7,Convective Blowoff,2.01,9.7,0.54,18.6,1369.7,Lunar Gravity (0.16g),57.5,3.4,2.0,128.6,2023-01-16,JAXA / NASA PSI Joint Archive (ISS Kibo MSPR),https://psi.nasa.gov/investigation/FLARE,FLARE reduced-g flammability limit test under Lunar Gravity (0.16g) at 18.6 cm/s convective flow.
FLARE-KIBO-049,FLARE (JAXA/Kibo),PSI-FLARE-KIBO,FLARE-KIBO-049,Delrin (Polyoxymethylene),Engineering Thermoplastic,Delrin (Polyoxymethylene),16.5,423.8,56.5,20.2,Radiative Quenching,3.83,6.7,0.19,19.1,1328.9,Lunar Gravity (0.16g),70.1,2.2,0.43,171.9,2021-04-24,JAXA / NASA PSI Joint Archive (ISS Kibo MSPR),https://psi.nasa.gov/investigation/FLARE,FLARE reduced-g flammability limit test under Lunar Gravity (0.16g) at 19.1 cm/s convective flow.
FLARE-KIBO-050,FLARE (JAXA/Kibo),PSI-FLARE-KIBO,FLARE-KIBO-050,Delrin (Polyoxymethylene),Engineering Thermoplastic,Delrin (Polyoxymethylene),18.0,423.8,56.5,45.2,Sustained Flame,,8.2,0.92,10.4,1227.6,Lunar Gravity (0.16g),74.6,1.7,1.02,132.2,2023-11-19,JAXA / NASA PSI Joint Archive (ISS Kibo MSPR),https://psi.nasa.gov/investigation/FLARE,FLARE reduced-g flammability limit test under Lunar Gravity (0.16g) at 10.4 cm/s convective flow.
FLARE-KIBO-051,FLARE (JAXA/Kibo),PSI-FLARE-KIBO,FLARE-KIBO-051,Delrin (Polyoxymethylene),Engineering Thermoplastic,Delrin (Polyoxymethylene),21.0,423.8,56.5,45.1,Self-Extinction,3.66,6.7,0.68,9.7,1282.7,Lunar Gravity (0.16g),48.5,2.1,0.74,54.9,2021-12-18,JAXA / NASA PSI Joint Archive (ISS Kibo MSPR),https://psi.nasa.gov/investigation/FLARE,FLARE reduced-g flammability limit test under Lunar Gravity (0.16g) at 9.7 cm/s convective flow.
FLARE-KIBO-052,FLARE (JAXA/Kibo),PSI-FLARE-KIBO,FLARE-KIBO-052,Delrin (Polyoxymethylene),Engineering Thermoplastic,Delrin (Polyoxymethylene),25.0,423.8,56.5,54.2,Convective Blowoff,3.64,6.4,0.46,21.0,1253.3,Lunar Gravity (0.16g),73.0,3.0,3.15,154.1,2023-04-12,JAXA / NASA PSI Joint Archive (ISS Kibo MSPR),https://psi.nasa.gov/investigation/FLARE,FLARE reduced-g flammability limit test under Lunar Gravity (0.16g) at 21.0 cm/s convective flow.
FLARE-KIBO-053,FLARE (JAXA/Kibo),PSI-FLARE-KIBO,FLARE-KIBO-053,Delrin (Polyoxymethylene),Engineering Thermoplastic,Delrin (Polyoxymethylene),30.0,423.8,56.5,8.9,Sustained Flame,,6.4,1.68,6.0,1353.3,Lunar Gravity (0.16g),62.7,3.2,0.75,159.6,2024-02-28,JAXA / NASA PSI Joint Archive (ISS Kibo MSPR),https://psi.nasa.gov/investigation/FLARE,FLARE reduced-g flammability limit test under Lunar Gravity (0.16g) at 6.0 cm/s convective flow.
FLARE-KIBO-054,FLARE (JAXA/Kibo),PSI-FLARE-KIBO,FLARE-KIBO-054,Delrin (Polyoxymethylene),Engineering Thermoplastic,Delrin (Polyoxymethylene),34.0,423.8,56.5,27.1,Sustained Flame,,6.7,1.59,2.7,1351.0,Lunar Gravity (0.16g),47.6,3.7,0.72,35.1,2024-02-19,JAXA / NASA PSI Joint Archive (ISS Kibo MSPR),https://psi.nasa.gov/investigation/FLARE,FLARE reduced-g flammability limit test under Lunar Gravity (0.16g) at 2.7 cm/s convective flow.
FLARE-KIBO-055,FLARE (JAXA/Kibo),PSI-FLARE-KIBO,FLARE-KIBO-055,Silicone Rubber Sheet,Elastomer,Silicone Rubber Sheet,16.5,423.8,56.5,11.6,Radiative Quenching,3.06,6.5,0.17,14.8,1448.5,Lunar Gravity (0.16g),40.9,3.4,2.1,147.6,2022-09-13,JAXA / NASA PSI Joint Archive (ISS Kibo MSPR),https://psi.nasa.gov/investigation/FLARE,FLARE reduced-g flammability limit test under Lunar Gravity (0.16g) at 14.8 cm/s convective flow.
FLARE-KIBO-056,FLARE (JAXA/Kibo),PSI-FLARE-KIBO,FLARE-KIBO-056,Silicone Rubber Sheet,Elastomer,Silicone Rubber Sheet,18.0,423.8,56.5,37.7,Self-Extinction,3.25,8.0,0.57,11.3,1385.0,Lunar Gravity (0.16g),82.4,2.0,0.99,127.4,2022-04-06,JAXA / NASA PSI Joint Archive (ISS Kibo MSPR),https://psi.nasa.gov/investigation/FLARE,FLARE reduced-g flammability limit test under Lunar Gravity (0.16g) at 11.3 cm/s convective flow.
FLARE-KIBO-057,FLARE (JAXA/Kibo),PSI-FLARE-KIBO,FLARE-KIBO-057,Silicone Rubber Sheet,Elastomer,Silicone Rubber Sheet,21.0,423.8,56.5,18.5,Self-Extinction,3.16,6.5,0.71,13.3,1257.9,Lunar Gravity (0.16g),70.3,3.3,1.67,131.5,2023-11-19,JAXA / NASA PSI Joint Archive (ISS Kibo MSPR),https://psi.nasa.gov/investigation/FLARE,FLARE reduced-g flammability limit test under Lunar Gravity (0.16g) at 13.3 cm/s convective flow.
FLARE-KIBO-058,FLARE (JAXA/Kibo),PSI-FLARE-KIBO,FLARE-KIBO-058,Silicone Rubber Sheet,Elastomer,Silicone Rubber Sheet,25.0,423.8,56.5,70.6,Self-Extinction,1.94,5.7,0.4,15.4,1266.4,Lunar Gravity (0.16g),42.1,1.6,2.62,117.2,2023-08-04,JAXA / NASA PSI Joint Archive (ISS Kibo MSPR),https://psi.nasa.gov/investigation/FLARE,FLARE reduced-g flammability limit test under Lunar Gravity (0.16g) at 15.4 cm/s convective flow.
FLARE-KIBO-059,FLARE (JAXA/Kibo),PSI-FLARE-KIBO,FLARE-KIBO-059,Silicone Rubber Sheet,Elastomer,Silicone Rubber Sheet,30.0,423.8,56.5,28.4,Sustained Flame,,6.4,1.47,11.6,1335.0,Lunar Gravity (0.16g),56.9,3.0,2.89,138.9,2023-01-03,JAXA / NASA PSI Joint Archive (ISS Kibo MSPR),https://psi.nasa.gov/investigation/FLARE,FLARE reduced-g flammability limit test under Lunar Gravity (0.16g) at 11.6 cm/s convective flow.
FLARE-KIBO-060,FLARE (JAXA/Kibo),PSI-FLARE-KIBO,FLARE-KIBO-060,Silicone Rubber Sheet,Elastomer,Silicone Rubber Sheet,34.0,423.8,56.5,53.2,Sustained Flame,,7.9,2.18,7.0,1205.2,Lunar Gravity (0.16g),73.2,3.6,2.01,143.3,2022-08-17,JAXA / NASA PSI Joint Archive (ISS Kibo MSPR),https://psi.nasa.gov/investigation/FLARE,FLARE reduced-g flammability limit test under Lunar Gravity (0.16g) at 7.0 cm/s convective flow.
FLARE-KIBO-061,FLARE (JAXA/Kibo),PSI-FLARE-KIBO,FLARE-KIBO-061,PMMA (Polymethyl Methacrylate),Solid Polymer,PMMA (Polymethyl Methacrylate),16.5,527.3,70.3,69.4,Radiative Quenching,3.13,8.2,0.18,15.2,1282.8,Martian Gravity (0.38g),39.6,2.4,1.33,128.9,2022-06-14,JAXA / NASA PSI Joint Archive (ISS Kibo MSPR),https://psi.nasa.gov/investigation/FLARE,FLARE reduced-g flammability limit test under Martian Gravity (0.38g) at 15.2 cm/s convective flow.
FLARE-KIBO-062,FLARE (JAXA/Kibo),PSI-FLARE-KIBO,FLARE-KIBO-062,PMMA (Polymethyl Methacrylate),Solid Polymer,PMMA (Polymethyl Methacrylate),18.0,527.3,70.3,27.3,Self-Extinction,3.02,7.3,1.03,16.0,1234.9,Martian Gravity (0.38g),51.2,3.9,1.53,104.8,2021-11-28,JAXA / NASA PSI Joint Archive (ISS Kibo MSPR),https://psi.nasa.gov/investigation/FLARE,FLARE reduced-g flammability limit test under Martian Gravity (0.38g) at 16.0 cm/s convective flow.
FLARE-KIBO-063,FLARE (JAXA/Kibo),PSI-FLARE-KIBO,FLARE-KIBO-063,PMMA (Polymethyl Methacrylate),Solid Polymer,PMMA (Polymethyl Methacrylate),21.0,527.3,70.3,35.7,Sustained Flame,,8.1,0.77,13.1,1284.6,Martian Gravity (0.38g),57.1,1.6,1.15,45.3,2023-08-23,JAXA / NASA PSI Joint Archive (ISS Kibo MSPR),https://psi.nasa.gov/investigation/FLARE,FLARE reduced-g flammability limit test under Martian Gravity (0.38g) at 13.1 cm/s convective flow.
FLARE-KIBO-064,FLARE (JAXA/Kibo),PSI-FLARE-KIBO,FLARE-KIBO-064,PMMA (Polymethyl Methacrylate),Solid Polymer,PMMA (Polymethyl Methacrylate),25.0,527.3,70.3,9.9,Sustained Flame,,6.6,0.94,12.0,1153.7,Martian Gravity (0.38g),55.4,2.1,2.76,42.6,2021-11-27,JAXA / NASA PSI Joint Archive (ISS Kibo MSPR),https://psi.nasa.gov/investigation/FLARE,FLARE reduced-g flammability limit test under Martian Gravity (0.38g) at 12.0 cm/s convective flow.
FLARE-KIBO-065,FLARE (JAXA/Kibo),PSI-FLARE-KIBO,FLARE-KIBO-065,PMMA (Polymethyl Methacrylate),Solid Polymer,PMMA (Polymethyl Methacrylate),30.0,527.3,70.3,70.5,Sustained Flame,,8.5,1.3,5.5,1262.2,Martian Gravity (0.38g),59.1,2.7,1.68,47.4,2022-10-17,JAXA / NASA PSI Joint Archive (ISS Kibo MSPR),https://psi.nasa.gov/investigation/FLARE,FLARE reduced-g flammability limit test under Martian Gravity (0.38g) at 5.5 cm/s convective flow.
FLARE-KIBO-066,FLARE (JAXA/Kibo),PSI-FLARE-KIBO,FLARE-KIBO-066,PMMA (Polymethyl Methacrylate),Solid Polymer,PMMA (Polymethyl Methacrylate),34.0,527.3,70.3,17.1,Sustained Flame,,8.9,0.96,17.1,1380.7,Martian Gravity (0.38g),52.0,3.5,1.15,25.4,2023-10-19,JAXA / NASA PSI Joint Archive (ISS Kibo MSPR),https://psi.nasa.gov/investigation/FLARE,FLARE reduced-g flammability limit test under Martian Gravity (0.38g) at 17.1 cm/s convective flow.
FLARE-KIBO-067,FLARE (JAXA/Kibo),PSI-FLARE-KIBO,FLARE-KIBO-067,Polyethylene (LDPE),Solid Polymer,Polyethylene (LDPE),16.5,527.3,70.3,40.8,Radiative Quenching,2.98,6.7,0.17,22.0,1232.1,Martian Gravity (0.38g),62.2,2.6,1.3,54.2,2022-10-13,JAXA / NASA PSI Joint Archive (ISS Kibo MSPR),https://psi.nasa.gov/investigation/FLARE,FLARE reduced-g flammability limit test under Martian Gravity (0.38g) at 22.0 cm/s convective flow.
FLARE-KIBO-068,FLARE (JAXA/Kibo),PSI-FLARE-KIBO,FLARE-KIBO-068,Polyethylene (LDPE),Solid Polymer,Polyethylene (LDPE),18.0,527.3,70.3,60.0,Sustained Flame,,7.4,0.59,7.1,1351.4,Martian Gravity (0.38g),54.1,4.0,2.62,126.1,2022-08-02,JAXA / NASA PSI Joint Archive (ISS Kibo MSPR),https://psi.nasa.gov/investigation/FLARE,FLARE reduced-g flammability limit test under Martian Gravity (0.38g) at 7.1 cm/s convective flow.
FLARE-KIBO-069,FLARE (JAXA/Kibo),PSI-FLARE-KIBO,FLARE-KIBO-069,Polyethylene (LDPE),Solid Polymer,Polyethylene (LDPE),21.0,527.3,70.3,72.7,Self-Extinction,4.08,7.2,1.08,5.0,1223.6,Martian Gravity (0.38g),57.8,3.3,1.55,126.5,2022-02-16,JAXA / NASA PSI Joint Archive (ISS Kibo MSPR),https://psi.nasa.gov/investigation/FLARE,FLARE reduced-g flammability limit test under Martian Gravity (0.38g) at 5.0 cm/s convective flow.
FLARE-KIBO-070,FLARE (JAXA/Kibo),PSI-FLARE-KIBO,FLARE-KIBO-070,Polyethylene (LDPE),Solid Polymer,Polyethylene (LDPE),25.0,527.3,70.3,25.8,Self-Extinction,4.01,9.3,0.88,17.7,1333.6,Martian Gravity (0.38g),54.0,2.3,2.41,142.7,2021-10-03,JAXA / NASA PSI Joint Archive (ISS Kibo MSPR),https://psi.nasa.gov/investigation/FLARE,FLARE reduced-g flammability limit test under Martian Gravity (0.38g) at 17.7 cm/s convective flow.
FLARE-KIBO-071,FLARE (JAXA/Kibo),PSI-FLARE-KIBO,FLARE-KIBO-071,Polyethylene (LDPE),Solid Polymer,Polyethylene (LDPE),30.0,527.3,70.3,53.9,Sustained Flame,,6.1,1.3,7.1,1079.8,Martian Gravity (0.38g),83.9,3.4,2.37,40.6,2022-12-10,JAXA / NASA PSI Joint Archive (ISS Kibo MSPR),https://psi.nasa.gov/investigation/FLARE,FLARE reduced-g flammability limit test under Martian Gravity (0.38g) at 7.1 cm/s convective flow.
FLARE-KIBO-072,FLARE (JAXA/Kibo),PSI-FLARE-KIBO,FLARE-KIBO-072,Polyethylene (LDPE),Solid Polymer,Polyethylene (LDPE),34.0,527.3,70.3,11.1,Convective Blowoff,2.17,6.9,0.83,20.1,1098.0,Martian Gravity (0.38g),61.6,2.9,2.62,51.3,2021-10-28,JAXA / NASA PSI Joint Archive (ISS Kibo MSPR),https://psi.nasa.gov/investigation/FLARE,FLARE reduced-g flammability limit test under Martian Gravity (0.38g) at 20.1 cm/s convective flow.
FLARE-KIBO-073,FLARE (JAXA/Kibo),PSI-FLARE-KIBO,FLARE-KIBO-073,Nomex HT90-40 Fabric,Flame-Resistant Aramid,Nomex HT90-40 Fabric,16.5,527.3,70.3,53.8,Radiative Quenching,3.12,6.2,0.28,10.0,1459.5,Martian Gravity (0.38g),58.0,3.2,2.92,97.1,2023-11-18,JAXA / NASA PSI Joint Archive (ISS Kibo MSPR),https://psi.nasa.gov/investigation/FLARE,FLARE reduced-g flammability limit test under Martian Gravity (0.38g) at 10.0 cm/s convective flow.
FLARE-KIBO-074,FLARE (JAXA/Kibo),PSI-FLARE-KIBO,FLARE-KIBO-074,Nomex HT90-40 Fabric,Flame-Resistant Aramid,Nomex HT90-40 Fabric,18.0,527.3,70.3,37.6,Self-Extinction,2.19,9.8,1.19,5.6,1472.6,Martian Gravity (0.38g),57.8,2.3,3.2,157.3,2021-04-13,JAXA / NASA PSI Joint Archive (ISS Kibo MSPR),https://psi.nasa.gov/investigation/FLARE,FLARE reduced-g flammability limit test under Martian Gravity (0.38g) at 5.6 cm/s convective flow.
FLARE-KIBO-075,FLARE (JAXA/Kibo),PSI-FLARE-KIBO,FLARE-KIBO-075,Nomex HT90-40 Fabric,Flame-Resistant Aramid,Nomex HT90-40 Fabric,21.0,527.3,70.3,46.5,Self-Extinction,3.94,7.0,0.32,13.7,1302.0,Martian Gravity (0.38g),78.3,3.4,3.13,166.1,2024-05-25,JAXA / NASA PSI Joint Archive (ISS Kibo MSPR),https://psi.nasa.gov/investigation/FLARE,FLARE reduced-g flammability limit test under Martian Gravity (0.38g) at 13.7 cm/s convective flow.
FLARE-KIBO-076,FLARE (JAXA/Kibo),PSI-FLARE-KIBO,FLARE-KIBO-076,Nomex HT90-40 Fabric,Flame-Resistant Aramid,Nomex HT90-40 Fabric,25.0,527.3,70.3,48.7,Convective Blowoff,3.3,8.1,0.56,18.1,1469.4,Martian Gravity (0.38g),71.0,3.1,2.75,122.4,2021-05-26,JAXA / NASA PSI Joint Archive (ISS Kibo MSPR),https://psi.nasa.gov/investigation/FLARE,FLARE reduced-g flammability limit test under Martian Gravity (0.38g) at 18.1 cm/s convective flow.
FLARE-KIBO-077,FLARE (JAXA/Kibo),PSI-FLARE-KIBO,FLARE-KIBO-077,Nomex HT90-40 Fabric,Flame-Resistant Aramid,Nomex HT90-40 Fabric,30.0,527.3,70.3,46.8,Sustained Flame,,5.5,1.99,11.1,1373.8,Martian Gravity (0.38g),72.4,1.9,0.77,108.6,2023-09-17,JAXA / NASA PSI Joint Archive (ISS Kibo MSPR),https://psi.nasa.gov/investigation/FLARE,FLARE reduced-g flammability limit test under Martian Gravity (0.38g) at 11.1 cm/s convective flow.
FLARE-KIBO-078,FLARE (JAXA/Kibo),PSI-FLARE-KIBO,FLARE-KIBO-078,Nomex HT90-40 Fabric,Flame-Resistant Aramid,Nomex HT90-40 Fabric,34.0,527.3,70.3,63.6,Convective Blowoff,3.92,7.4,0.5,20.3,1501.6,Martian Gravity (0.38g),72.3,2.3,0.72,174.2,2022-04-28,JAXA / NASA PSI Joint Archive (ISS Kibo MSPR),https://psi.nasa.gov/investigation/FLARE,FLARE reduced-g flammability limit test under Martian Gravity (0.38g) at 20.3 cm/s convective flow.
FLARE-KIBO-079,FLARE (JAXA/Kibo),PSI-FLARE-KIBO,FLARE-KIBO-079,Delrin (Polyoxymethylene),Engineering Thermoplastic,Delrin (Polyoxymethylene),16.5,527.3,70.3,53.2,Radiative Quenching,3.99,7.8,0.25,15.7,1123.5,Martian Gravity (0.38g),54.7,2.2,0.75,82.1,2023-10-13,JAXA / NASA PSI Joint Archive (ISS Kibo MSPR),https://psi.nasa.gov/investigation/FLARE,FLARE reduced-g flammability limit test under Martian Gravity (0.38g) at 15.7 cm/s convective flow.
FLARE-KIBO-080,FLARE (JAXA/Kibo),PSI-FLARE-KIBO,FLARE-KIBO-080,Delrin (Polyoxymethylene),Engineering Thermoplastic,Delrin (Polyoxymethylene),18.0,527.3,70.3,71.0,Convective Blowoff,1.97,5.1,0.42,18.5,1329.9,Martian Gravity (0.38g),63.1,3.8,1.02,34.8,2024-12-10,JAXA / NASA PSI Joint Archive (ISS Kibo MSPR),https://psi.nasa.gov/investigation/FLARE,FLARE reduced-g flammability limit test under Martian Gravity (0.38g) at 18.5 cm/s convective flow.
MGM-ISS-001,MGM (Smoldering),PSI-MGM-SHUTTLE-ISS,MGM-ISS-001,Reticulated Polyurethane Foam,Open-Pore Filter Foam,Reticulated Polyurethane Foam,23.5,759.8,101.3,523.7,Self-Sustained Smolder,,40.1,0.167,4.44,626.8,Microgravity (~0g),38.5,99.5,1.55,338.9,2014-02-15,NASA Physical Sciences Informatics / STS-69/77/80 & ISS,https://psi.nasa.gov/investigation/MGM,MGM smoldering test under micro-convective flow (4.44 cm/s). CO yield: High.
MGM-ISS-002,MGM (Smoldering),PSI-MGM-SHUTTLE-ISS,MGM-ISS-002,Cellulose Filter Paper Stack,Cellulosic Solid,Cellulose Filter Paper Stack,19.5,759.8,101.3,410.8,Smolder Quenched,,35.6,0.03,2.29,578.2,Microgravity (~0g),21.4,138.3,2.0,393.1,2016-07-26,NASA Physical Sciences Informatics / STS-69/77/80 & ISS,https://psi.nasa.gov/investigation/MGM,MGM smoldering test under micro-convective flow (2.29 cm/s). CO yield: High.
MGM-ISS-003,MGM (Smoldering),PSI-MGM-SHUTTLE-ISS,MGM-ISS-003,Polyurethane Foam with TCPP Retardant,Flame-Retarded Polymer Foam,Polyurethane Foam with TCPP Retardant,19.5,759.8,101.3,473.6,Smolder Quenched,,25.2,0.094,2.06,596.3,Microgravity (~0g),25.4,62.6,2.19,157.0,2014-01-14,NASA Physical Sciences Informatics / STS-69/77/80 & ISS,https://psi.nasa.gov/investigation/MGM,MGM smoldering test under micro-convective flow (2.06 cm/s). CO yield: High.
MGM-ISS-004,MGM (Smoldering),PSI-MGM-SHUTTLE-ISS,MGM-ISS-004,Reticulated Polyurethane Foam,Open-Pore Filter Foam,Reticulated Polyurethane Foam,20.9,759.8,101.3,270.6,Smolder Quenched,,47.4,0.111,0.36,556.6,Microgravity (~0g),40.3,121.3,2.58,284.1,2012-02-03,NASA Physical Sciences Informatics / STS-69/77/80 & ISS,https://psi.nasa.gov/investigation/MGM,MGM smoldering test under micro-convective flow (0.36 cm/s). CO yield: High.
MGM-ISS-005,MGM (Smoldering),PSI-MGM-SHUTTLE-ISS,MGM-ISS-005,Flexible Polyurethane Foam (Open-Cell),Porous Polymer Foam,Flexible Polyurethane Foam (Open-Cell),23.5,759.8,101.3,906.9,Smolder Quenched,,46.0,0.039,1.69,712.3,Microgravity (~0g),38.2,157.1,2.4,253.8,2014-04-24,NASA Physical Sciences Informatics / STS-69/77/80 & ISS,https://psi.nasa.gov/investigation/MGM,MGM smoldering test under micro-convective flow (1.69 cm/s). CO yield: High.
MGM-ISS-006,MGM (Smoldering),PSI-MGM-SHUTTLE-ISS,MGM-ISS-006,Polyurethane Foam with TCPP Retardant,Flame-Retarded Polymer Foam,Polyurethane Foam with TCPP Retardant,19.5,759.8,101.3,270.0,Smolder Quenched,,33.4,0.031,0.44,598.7,Microgravity (~0g),35.7,102.0,0.64,356.2,2017-02-09,NASA Physical Sciences Informatics / STS-69/77/80 & ISS,https://psi.nasa.gov/investigation/MGM,MGM smoldering test under micro-convective flow (0.44 cm/s). CO yield: High.
MGM-ISS-007,MGM (Smoldering),PSI-MGM-SHUTTLE-ISS,MGM-ISS-007,Reticulated Polyurethane Foam,Open-Pore Filter Foam,Reticulated Polyurethane Foam,20.9,759.8,101.3,490.0,Smolder Quenched,,31.1,0.065,2.26,735.0,Microgravity (~0g),20.3,61.7,1.45,603.6,2012-06-08,NASA Physical Sciences Informatics / STS-69/77/80 & ISS,https://psi.nasa.gov/investigation/MGM,MGM smoldering test under micro-convective flow (2.26 cm/s). CO yield: High.
MGM-ISS-008,MGM (Smoldering),PSI-MGM-SHUTTLE-ISS,MGM-ISS-008,Cellulose Filter Paper Stack,Cellulosic Solid,Cellulose Filter Paper Stack,21.0,759.8,101.3,591.9,Smolder Quenched,,33.4,0.17,3.19,540.5,Microgravity (~0g),35.4,167.3,1.46,190.2,2015-09-03,NASA Physical Sciences Informatics / STS-69/77/80 & ISS,https://psi.nasa.gov/investigation/MGM,MGM smoldering test under micro-convective flow (3.19 cm/s). CO yield: High.
MGM-ISS-009,MGM (Smoldering),PSI-MGM-SHUTTLE-ISS,MGM-ISS-009,Reticulated Polyurethane Foam,Open-Pore Filter Foam,Reticulated Polyurethane Foam,19.5,759.8,101.3,266.7,Self-Sustained Smolder,,34.2,0.092,3.21,666.3,Microgravity (~0g),35.3,142.5,1.37,640.5,2015-03-15,NASA Physical Sciences Informatics / STS-69/77/80 & ISS,https://psi.nasa.gov/investigation/MGM,MGM smoldering test under micro-convective flow (3.21 cm/s). CO yield: High.
MGM-ISS-010,MGM (Smoldering),PSI-MGM-SHUTTLE-ISS,MGM-ISS-010,Cellulose Filter Paper Stack,Cellulosic Solid,Cellulose Filter Paper Stack,20.9,759.8,101.3,737.8,Self-Sustained Smolder,,47.1,0.053,3.26,684.6,Microgravity (~0g),37.5,89.5,1.89,403.5,2019-08-22,NASA Physical Sciences Informatics / STS-69/77/80 & ISS,https://psi.nasa.gov/investigation/MGM,MGM smoldering test under micro-convective flow (3.26 cm/s). CO yield: High.
MGM-ISS-011,MGM (Smoldering),PSI-MGM-SHUTTLE-ISS,MGM-ISS-011,Flexible Polyurethane Foam (Open-Cell),Porous Polymer Foam,Flexible Polyurethane Foam (Open-Cell),20.9,759.8,101.3,313.6,Self-Sustained Smolder,,44.3,0.094,2.68,776.2,Microgravity (~0g),42.7,67.0,1.49,484.5,2016-10-05,NASA Physical Sciences Informatics / STS-69/77/80 & ISS,https://psi.nasa.gov/investigation/MGM,MGM smoldering test under micro-convective flow (2.68 cm/s). CO yield: High.
MGM-ISS-012,MGM (Smoldering),PSI-MGM-SHUTTLE-ISS,MGM-ISS-012,Polyurethane Foam with TCPP Retardant,Flame-Retarded Polymer Foam,Polyurethane Foam with TCPP Retardant,26.0,759.8,101.3,658.6,Transition to Flaming,,25.9,0.159,3.88,608.8,Microgravity (~0g),18.6,70.3,2.0,482.8,2013-03-16,NASA Physical Sciences Informatics / STS-69/77/80 & ISS,https://psi.nasa.gov/investigation/MGM,MGM smoldering test under micro-convective flow (3.88 cm/s). CO yield: High.
MGM-ISS-013,MGM (Smoldering),PSI-MGM-SHUTTLE-ISS,MGM-ISS-013,Polyurethane Foam with TCPP Retardant,Flame-Retarded Polymer Foam,Polyurethane Foam with TCPP Retardant,18.0,759.8,101.3,340.8,Self-Sustained Smolder,,41.1,0.105,1.31,676.6,Microgravity (~0g),37.0,138.1,0.91,828.0,2015-08-05,NASA Physical Sciences Informatics / STS-69/77/80 & ISS,https://psi.nasa.gov/investigation/MGM,MGM smoldering test under micro-convective flow (1.31 cm/s). CO yield: High.
MGM-ISS-014,MGM (Smoldering),PSI-MGM-SHUTTLE-ISS,MGM-ISS-014,Flexible Polyurethane Foam (Open-Cell),Porous Polymer Foam,Flexible Polyurethane Foam (Open-Cell),19.5,759.8,101.3,903.5,Self-Sustained Smolder,,27.6,0.104,4.31,552.8,Microgravity (~0g),42.0,121.0,0.81,638.2,2014-02-04,NASA Physical Sciences Informatics / STS-69/77/80 & ISS,https://psi.nasa.gov/investigation/MGM,MGM smoldering test under micro-convective flow (4.31 cm/s). CO yield: High.
MGM-ISS-015,MGM (Smoldering),PSI-MGM-SHUTTLE-ISS,MGM-ISS-015,Flexible Polyurethane Foam (Open-Cell),Porous Polymer Foam,Flexible Polyurethane Foam (Open-Cell),21.0,759.8,101.3,720.2,Self-Sustained Smolder,,49.8,0.084,2.95,580.8,Microgravity (~0g),16.8,94.6,1.77,879.8,2016-05-08,NASA Physical Sciences Informatics / STS-69/77/80 & ISS,https://psi.nasa.gov/investigation/MGM,MGM smoldering test under micro-convective flow (2.95 cm/s). CO yield: High.
MGM-ISS-016,MGM (Smoldering),PSI-MGM-SHUTTLE-ISS,MGM-ISS-016,Reticulated Polyurethane Foam,Open-Pore Filter Foam,Reticulated Polyurethane Foam,26.0,759.8,101.3,674.6,Transition to Flaming,,34.5,0.147,3.98,713.1,Microgravity (~0g),36.3,145.0,2.02,665.8,2015-05-13,NASA Physical Sciences Informatics / STS-69/77/80 & ISS,https://psi.nasa.gov/investigation/MGM,MGM smoldering test under micro-convective flow (3.98 cm/s). CO yield: High.
MGM-ISS-017,MGM (Smoldering),PSI-MGM-SHUTTLE-ISS,MGM-ISS-017,Reticulated Polyurethane Foam,Open-Pore Filter Foam,Reticulated Polyurethane Foam,21.0,759.8,101.3,476.4,Self-Sustained Smolder,,37.4,0.098,1.21,562.6,Microgravity (~0g),23.2,63.3,2.68,393.6,2012-04-10,NASA Physical Sciences Informatics / STS-69/77/80 & ISS,https://psi.nasa.gov/investigation/MGM,MGM smoldering test under micro-convective flow (1.21 cm/s). CO yield: High.
MGM-ISS-018,MGM (Smoldering),PSI-MGM-SHUTTLE-ISS,MGM-ISS-018,Cellulose Filter Paper Stack,Cellulosic Solid,Cellulose Filter Paper Stack,18.0,759.8,101.3,450.1,Smolder Quenched,,39.8,0.126,3.64,615.2,Microgravity (~0g),35.5,104.3,2.4,844.5,2016-01-15,NASA Physical Sciences Informatics / STS-69/77/80 & ISS,https://psi.nasa.gov/investigation/MGM,MGM smoldering test under micro-convective flow (3.64 cm/s). CO yield: High.
MGM-ISS-019,MGM (Smoldering),PSI-MGM-SHUTTLE-ISS,MGM-ISS-019,Cellulose Filter Paper Stack,Cellulosic Solid,Cellulose Filter Paper Stack,18.0,759.8,101.3,166.8,Smolder Quenched,,46.4,0.027,0.89,678.8,Microgravity (~0g),16.3,66.8,0.51,242.8,2018-02-24,NASA Physical Sciences Informatics / STS-69/77/80 & ISS,https://psi.nasa.gov/investigation/MGM,MGM smoldering test under micro-convective flow (0.89 cm/s). CO yield: High.
MGM-ISS-020,MGM (Smoldering),PSI-MGM-SHUTTLE-ISS,MGM-ISS-020,Reticulated Polyurethane Foam,Open-Pore Filter Foam,Reticulated Polyurethane Foam,21.0,759.8,101.3,786.2,Smolder Quenched,,31.7,0.175,3.32,680.2,Microgravity (~0g),35.5,94.1,1.45,710.8,2019-05-08,NASA Physical Sciences Informatics / STS-69/77/80 & ISS,https://psi.nasa.gov/investigation/MGM,MGM smoldering test under micro-convective flow (3.32 cm/s). CO yield: High.
MGM-ISS-021,MGM (Smoldering),PSI-MGM-SHUTTLE-ISS,MGM-ISS-021,Polyurethane Foam with TCPP Retardant,Flame-Retarded Polymer Foam,Polyurethane Foam with TCPP Retardant,30.0,759.8,101.3,193.1,Transition to Flaming,,27.7,0.133,2.55,635.4,Microgravity (~0g),29.7,114.8,1.39,363.8,2017-08-08,NASA Physical Sciences Informatics / STS-69/77/80 & ISS,https://psi.nasa.gov/investigation/MGM,MGM smoldering test under micro-convective flow (2.55 cm/s). CO yield: High.
MGM-ISS-022,MGM (Smoldering),PSI-MGM-SHUTTLE-ISS,MGM-ISS-022,Reticulated Polyurethane Foam,Open-Pore Filter Foam,Reticulated Polyurethane Foam,30.0,759.8,101.3,201.2,Transition to Flaming,,27.5,0.142,2.15,541.5,Microgravity (~0g),31.2,166.3,1.59,752.7,2018-03-25,NASA Physical Sciences Informatics / STS-69/77/80 & ISS,https://psi.nasa.gov/investigation/MGM,MGM smoldering test under micro-convective flow (2.15 cm/s). CO yield: High.
MGM-ISS-023,MGM (Smoldering),PSI-MGM-SHUTTLE-ISS,MGM-ISS-023,Flexible Polyurethane Foam (Open-Cell),Porous Polymer Foam,Flexible Polyurethane Foam (Open-Cell),23.5,759.8,101.3,843.1,Smolder Quenched,,43.5,0.142,3.78,759.7,Microgravity (~0g),16.6,148.9,1.9,159.4,2016-12-06,NASA Physical Sciences Informatics / STS-69/77/80 & ISS,https://psi.nasa.gov/investigation/MGM,MGM smoldering test under micro-convective flow (3.78 cm/s). CO yield: High.
MGM-ISS-024,MGM (Smoldering),PSI-MGM-SHUTTLE-ISS,MGM-ISS-024,Reticulated Polyurethane Foam,Open-Pore Filter Foam,Reticulated Polyurethane Foam,23.5,759.8,101.3,573.3,Self-Sustained Smolder,,38.8,0.137,3.48,539.2,Microgravity (~0g),19.2,127.1,2.48,238.3,2014-08-16,NASA Physical Sciences Informatics / STS-69/77/80 & ISS,https://psi.nasa.gov/investigation/MGM,MGM smoldering test under micro-convective flow (3.48 cm/s). CO yield: High.
MGM-ISS-025,MGM (Smoldering),PSI-MGM-SHUTTLE-ISS,MGM-ISS-025,Cellulose Filter Paper Stack,Cellulosic Solid,Cellulose Filter Paper Stack,19.5,759.8,101.3,276.8,Smolder Quenched,,37.0,0.03,0.72,555.3,Microgravity (~0g),41.6,128.3,0.93,153.4,2017-01-05,NASA Physical Sciences Informatics / STS-69/77/80 & ISS,https://psi.nasa.gov/investigation/MGM,MGM smoldering test under micro-convective flow (0.72 cm/s). CO yield: High.
MGM-ISS-026,MGM (Smoldering),PSI-MGM-SHUTTLE-ISS,MGM-ISS-026,Cellulose Filter Paper Stack,Cellulosic Solid,Cellulose Filter Paper Stack,19.5,759.8,101.3,656.9,Smolder Quenched,,31.2,0.158,4.49,547.3,Microgravity (~0g),38.2,129.7,1.34,805.7,2018-06-08,NASA Physical Sciences Informatics / STS-69/77/80 & ISS,https://psi.nasa.gov/investigation/MGM,MGM smoldering test under micro-convective flow (4.49 cm/s). CO yield: High.
MGM-ISS-027,MGM (Smoldering),PSI-MGM-SHUTTLE-ISS,MGM-ISS-027,Cellulose Filter Paper Stack,Cellulosic Solid,Cellulose Filter Paper Stack,20.9,759.8,101.3,563.1,Smolder Quenched,,49.4,0.045,4.6,672.5,Microgravity (~0g),36.4,61.3,0.76,472.5,2014-05-07,NASA Physical Sciences Informatics / STS-69/77/80 & ISS,https://psi.nasa.gov/investigation/MGM,MGM smoldering test under micro-convective flow (4.6 cm/s). CO yield: High.
MGM-ISS-028,MGM (Smoldering),PSI-MGM-SHUTTLE-ISS,MGM-ISS-028,Polyurethane Foam with TCPP Retardant,Flame-Retarded Polymer Foam,Polyurethane Foam with TCPP Retardant,21.0,759.8,101.3,317.7,Self-Sustained Smolder,,27.0,0.164,4.45,644.5,Microgravity (~0g),26.9,153.6,1.23,607.4,2018-01-23,NASA Physical Sciences Informatics / STS-69/77/80 & ISS,https://psi.nasa.gov/investigation/MGM,MGM smoldering test under micro-convective flow (4.45 cm/s). CO yield: High.
MGM-ISS-029,MGM (Smoldering),PSI-MGM-SHUTTLE-ISS,MGM-ISS-029,Cellulose Filter Paper Stack,Cellulosic Solid,Cellulose Filter Paper Stack,23.5,759.8,101.3,291.6,Smolder Quenched,,44.6,0.048,0.44,491.2,Microgravity (~0g),25.9,146.0,0.98,793.0,2019-12-05,NASA Physical Sciences Informatics / STS-69/77/80 & ISS,https://psi.nasa.gov/investigation/MGM,MGM smoldering test under micro-convective flow (0.44 cm/s). CO yield: High.
MGM-ISS-030,MGM (Smoldering),PSI-MGM-SHUTTLE-ISS,MGM-ISS-030,Reticulated Polyurethane Foam,Open-Pore Filter Foam,Reticulated Polyurethane Foam,30.0,759.8,101.3,159.8,Smolder Quenched,,44.0,0.122,1.77,571.9,Microgravity (~0g),41.4,98.5,1.51,474.5,2012-12-21,NASA Physical Sciences Informatics / STS-69/77/80 & ISS,https://psi.nasa.gov/investigation/MGM,MGM smoldering test under micro-convective flow (1.77 cm/s). CO yield: High.
MGM-ISS-031,MGM (Smoldering),PSI-MGM-SHUTTLE-ISS,MGM-ISS-031,Cellulose Filter Paper Stack,Cellulosic Solid,Cellulose Filter Paper Stack,21.0,759.8,101.3,207.8,Smolder Quenched,,39.3,0.175,0.24,492.2,Microgravity (~0g),38.8,116.2,1.22,353.2,2015-03-27,NASA Physical Sciences Informatics / STS-69/77/80 & ISS,https://psi.nasa.gov/investigation/MGM,MGM smoldering test under micro-convective flow (0.24 cm/s). CO yield: High.
MGM-ISS-032,MGM (Smoldering),PSI-MGM-SHUTTLE-ISS,MGM-ISS-032,Reticulated Polyurethane Foam,Open-Pore Filter Foam,Reticulated Polyurethane Foam,19.5,759.8,101.3,378.1,Self-Sustained Smolder,,47.1,0.043,2.5,672.2,Microgravity (~0g),15.8,82.0,1.5,381.7,2016-06-19,NASA Physical Sciences Informatics / STS-69/77/80 & ISS,https://psi.nasa.gov/investigation/MGM,MGM smoldering test under micro-convective flow (2.5 cm/s). CO yield: High.
MGM-ISS-033,MGM (Smoldering),PSI-MGM-SHUTTLE-ISS,MGM-ISS-033,Cellulose Filter Paper Stack,Cellulosic Solid,Cellulose Filter Paper Stack,26.0,759.8,101.3,687.3,Self-Sustained Smolder,,35.9,0.03,0.74,544.8,Microgravity (~0g),44.9,83.5,2.33,728.7,2013-11-10,NASA Physical Sciences Informatics / STS-69/77/80 & ISS,https://psi.nasa.gov/investigation/MGM,MGM smoldering test under micro-convective flow (0.74 cm/s). CO yield: High.
MGM-ISS-034,MGM (Smoldering),PSI-MGM-SHUTTLE-ISS,MGM-ISS-034,Flexible Polyurethane Foam (Open-Cell),Porous Polymer Foam,Flexible Polyurethane Foam (Open-Cell),20.9,759.8,101.3,271.7,Self-Sustained Smolder,,43.3,0.059,2.61,557.8,Microgravity (~0g),15.2,135.9,1.46,490.4,2013-07-27,NASA Physical Sciences Informatics / STS-69/77/80 & ISS,https://psi.nasa.gov/investigation/MGM,MGM smoldering test under micro-convective flow (2.61 cm/s). CO yield: High.
MGM-ISS-035,MGM (Smoldering),PSI-MGM-SHUTTLE-ISS,MGM-ISS-035,Polyurethane Foam with TCPP Retardant,Flame-Retarded Polymer Foam,Polyurethane Foam with TCPP Retardant,21.0,759.8,101.3,418.4,Smolder Quenched,,26.7,0.037,3.45,555.3,Microgravity (~0g),29.1,147.2,1.5,264.1,2015-08-06,NASA Physical Sciences Informatics / STS-69/77/80 & ISS,https://psi.nasa.gov/investigation/MGM,MGM smoldering test under micro-convective flow (3.45 cm/s). CO yield: High.
MGM-ISS-036,MGM (Smoldering),PSI-MGM-SHUTTLE-ISS,MGM-ISS-036,Flexible Polyurethane Foam (Open-Cell),Porous Polymer Foam,Flexible Polyurethane Foam (Open-Cell),18.0,759.8,101.3,278.8,Smolder Quenched,,29.7,0.081,2.52,759.6,Microgravity (~0g),40.4,69.1,0.88,360.1,2014-02-25,NASA Physical Sciences Informatics / STS-69/77/80 & ISS,https://psi.nasa.gov/investigation/MGM,MGM smoldering test under micro-convective flow (2.52 cm/s). CO yield: High.
MGM-ISS-037,MGM (Smoldering),PSI-MGM-SHUTTLE-ISS,MGM-ISS-037,Reticulated Polyurethane Foam,Open-Pore Filter Foam,Reticulated Polyurethane Foam,26.0,759.8,101.3,744.3,Transition to Flaming,,46.4,0.027,3.1,725.9,Microgravity (~0g),36.1,101.9,1.96,632.0,2018-01-22,NASA Physical Sciences Informatics / STS-69/77/80 & ISS,https://psi.nasa.gov/investigation/MGM,MGM smoldering test under micro-convective flow (3.1 cm/s). CO yield: High.
MGM-ISS-038,MGM (Smoldering),PSI-MGM-SHUTTLE-ISS,MGM-ISS-038,Reticulated Polyurethane Foam,Open-Pore Filter Foam,Reticulated Polyurethane Foam,21.0,759.8,101.3,728.0,Self-Sustained Smolder,,47.1,0.053,3.2,562.7,Microgravity (~0g),17.5,106.8,1.52,431.4,2017-09-28,NASA Physical Sciences Informatics / STS-69/77/80 & ISS,https://psi.nasa.gov/investigation/MGM,MGM smoldering test under micro-convective flow (3.2 cm/s). CO yield: High.
MGM-ISS-039,MGM (Smoldering),PSI-MGM-SHUTTLE-ISS,MGM-ISS-039,Flexible Polyurethane Foam (Open-Cell),Porous Polymer Foam,Flexible Polyurethane Foam (Open-Cell),30.0,759.8,101.3,172.7,Self-Sustained Smolder,,38.4,0.094,0.52,703.8,Microgravity (~0g),40.6,141.1,1.11,567.6,2019-12-04,NASA Physical Sciences Informatics / STS-69/77/80 & ISS,https://psi.nasa.gov/investigation/MGM,MGM smoldering test under micro-convective flow (0.52 cm/s). CO yield: High.
MGM-ISS-040,MGM (Smoldering),PSI-MGM-SHUTTLE-ISS,MGM-ISS-040,Reticulated Polyurethane Foam,Open-Pore Filter Foam,Reticulated Polyurethane Foam,18.0,759.8,101.3,296.4,Self-Sustained Smolder,,42.6,0.029,3.23,721.7,Microgravity (~0g),36.7,132.4,0.52,379.6,2017-04-16,NASA Physical Sciences Informatics / STS-69/77/80 & ISS,https://psi.nasa.gov/investigation/MGM,MGM smoldering test under micro-convective flow (3.23 cm/s). CO yield: High.
MGM-ISS-041,MGM (Smoldering),PSI-MGM-SHUTTLE-ISS,MGM-ISS-041,Flexible Polyurethane Foam (Open-Cell),Porous Polymer Foam,Flexible Polyurethane Foam (Open-Cell),18.0,759.8,101.3,320.4,Self-Sustained Smolder,,37.4,0.109,0.28,576.0,Microgravity (~0g),39.8,164.2,2.54,717.8,2015-06-10,NASA Physical Sciences Informatics / STS-69/77/80 & ISS,https://psi.nasa.gov/investigation/MGM,MGM smoldering test under micro-convective flow (0.28 cm/s). CO yield: High.
MGM-ISS-042,MGM (Smoldering),PSI-MGM-SHUTTLE-ISS,MGM-ISS-042,Reticulated Polyurethane Foam,Open-Pore Filter Foam,Reticulated Polyurethane Foam,18.0,759.8,101.3,505.8,Self-Sustained Smolder,,48.4,0.116,2.93,695.8,Microgravity (~0g),40.4,74.5,0.66,798.6,2018-05-21,NASA Physical Sciences Informatics / STS-69/77/80 & ISS,https://psi.nasa.gov/investigation/MGM,MGM smoldering test under micro-convective flow (2.93 cm/s). CO yield: High.
MGM-ISS-043,MGM (Smoldering),PSI-MGM-SHUTTLE-ISS,MGM-ISS-043,Flexible Polyurethane Foam (Open-Cell),Porous Polymer Foam,Flexible Polyurethane Foam (Open-Cell),26.0,759.8,101.3,198.9,Transition to Flaming,,42.9,0.124,3.87,575.4,Microgravity (~0g),28.1,92.7,2.44,725.1,2017-03-23,NASA Physical Sciences Informatics / STS-69/77/80 & ISS,https://psi.nasa.gov/investigation/MGM,MGM smoldering test under micro-convective flow (3.87 cm/s). CO yield: High.
MGM-ISS-044,MGM (Smoldering),PSI-MGM-SHUTTLE-ISS,MGM-ISS-044,Cellulose Filter Paper Stack,Cellulosic Solid,Cellulose Filter Paper Stack,30.0,759.8,101.3,634.5,Transition to Flaming,,48.7,0.071,2.14,511.1,Microgravity (~0g),33.8,111.1,2.28,640.0,2015-04-26,NASA Physical Sciences Informatics / STS-69/77/80 & ISS,https://psi.nasa.gov/investigation/MGM,MGM smoldering test under micro-convective flow (2.14 cm/s). CO yield: High.
MGM-ISS-045,MGM (Smoldering),PSI-MGM-SHUTTLE-ISS,MGM-ISS-045,Flexible Polyurethane Foam (Open-Cell),Porous Polymer Foam,Flexible Polyurethane Foam (Open-Cell),19.5,759.8,101.3,411.8,Smolder Quenched,,27.8,0.093,2.17,614.5,Microgravity (~0g),23.3,110.6,1.49,302.8,2017-01-17,NASA Physical Sciences Informatics / STS-69/77/80 & ISS,https://psi.nasa.gov/investigation/MGM,MGM smoldering test under micro-convective flow (2.17 cm/s). CO yield: High.
MGM-ISS-046,MGM (Smoldering),PSI-MGM-SHUTTLE-ISS,MGM-ISS-046,Reticulated Polyurethane Foam,Open-Pore Filter Foam,Reticulated Polyurethane Foam,20.9,759.8,101.3,475.5,Smolder Quenched,,29.4,0.124,1.15,737.2,Microgravity (~0g),25.0,88.5,1.76,164.7,2017-04-14,NASA Physical Sciences Informatics / STS-69/77/80 & ISS,https://psi.nasa.gov/investigation/MGM,MGM smoldering test under micro-convective flow (1.15 cm/s). CO yield: High.
MGM-ISS-047,MGM (Smoldering),PSI-MGM-SHUTTLE-ISS,MGM-ISS-047,Flexible Polyurethane Foam (Open-Cell),Porous Polymer Foam,Flexible Polyurethane Foam (Open-Cell),20.9,759.8,101.3,827.7,Smolder Quenched,,25.2,0.065,4.7,702.8,Microgravity (~0g),31.1,156.9,2.14,727.6,2013-09-04,NASA Physical Sciences Informatics / STS-69/77/80 & ISS,https://psi.nasa.gov/investigation/MGM,MGM smoldering test under micro-convective flow (4.7 cm/s). CO yield: High.
MGM-ISS-048,MGM (Smoldering),PSI-MGM-SHUTTLE-ISS,MGM-ISS-048,Cellulose Filter Paper Stack,Cellulosic Solid,Cellulose Filter Paper Stack,26.0,759.8,101.3,591.4,Self-Sustained Smolder,,29.5,0.099,0.68,531.8,Microgravity (~0g),15.5,91.8,1.14,659.0,2019-02-08,NASA Physical Sciences Informatics / STS-69/77/80 & ISS,https://psi.nasa.gov/investigation/MGM,MGM smoldering test under micro-convective flow (0.68 cm/s). CO yield: High.
MGM-ISS-049,MGM (Smoldering),PSI-MGM-SHUTTLE-ISS,MGM-ISS-049,Polyurethane Foam with TCPP Retardant,Flame-Retarded Polymer Foam,Polyurethane Foam with TCPP Retardant,30.0,759.8,101.3,652.3,Transition to Flaming,,28.7,0.173,2.26,549.6,Microgravity (~0g),32.4,109.0,1.85,801.6,2017-12-06,NASA Physical Sciences Informatics / STS-69/77/80 & ISS,https://psi.nasa.gov/investigation/MGM,MGM smoldering test under micro-convective flow (2.26 cm/s). CO yield: High.
MGM-ISS-050,MGM (Smoldering),PSI-MGM-SHUTTLE-ISS,MGM-ISS-050,Polyurethane Foam with TCPP Retardant,Flame-Retarded Polymer Foam,Polyurethane Foam with TCPP Retardant,21.0,759.8,101.3,345.7,Smolder Quenched,,46.6,0.101,3.25,645.6,Microgravity (~0g),17.8,93.0,1.65,848.5,2017-12-20,NASA Physical Sciences Informatics / STS-69/77/80 & ISS,https://psi.nasa.gov/investigation/MGM,MGM smoldering test under micro-convective flow (3.25 cm/s). CO yield: High.
MGM-ISS-051,MGM (Smoldering),PSI-MGM-SHUTTLE-ISS,MGM-ISS-051,Polyurethane Foam with TCPP Retardant,Flame-Retarded Polymer Foam,Polyurethane Foam with TCPP Retardant,26.0,759.8,101.3,406.5,Self-Sustained Smolder,,32.7,0.118,0.9,670.9,Microgravity (~0g),31.8,138.3,2.88,553.8,2019-05-10,NASA Physical Sciences Informatics / STS-69/77/80 & ISS,https://psi.nasa.gov/investigation/MGM,MGM smoldering test under micro-convective flow (0.9 cm/s). CO yield: High.
MGM-ISS-052,MGM (Smoldering),PSI-MGM-SHUTTLE-ISS,MGM-ISS-052,Flexible Polyurethane Foam (Open-Cell),Porous Polymer Foam,Flexible Polyurethane Foam (Open-Cell),23.5,759.8,101.3,198.9,Smolder Quenched,,33.1,0.137,0.26,602.1,Microgravity (~0g),40.3,114.6,2.65,348.2,2019-06-23,NASA Physical Sciences Informatics / STS-69/77/80 & ISS,https://psi.nasa.gov/investigation/MGM,MGM smoldering test under micro-convective flow (0.26 cm/s). CO yield: High.
MGM-ISS-053,MGM (Smoldering),PSI-MGM-SHUTTLE-ISS,MGM-ISS-053,Polyurethane Foam with TCPP Retardant,Flame-Retarded Polymer Foam,Polyurethane Foam with TCPP Retardant,30.0,759.8,101.3,443.0,Smolder Quenched,,42.1,0.045,0.33,551.2,Microgravity (~0g),20.0,121.5,1.44,386.0,2018-02-23,NASA Physical Sciences Informatics / STS-69/77/80 & ISS,https://psi.nasa.gov/investigation/MGM,MGM smoldering test under micro-convective flow (0.33 cm/s). CO yield: High.
MGM-ISS-054,MGM (Smoldering),PSI-MGM-SHUTTLE-ISS,MGM-ISS-054,Flexible Polyurethane Foam (Open-Cell),Porous Polymer Foam,Flexible Polyurethane Foam (Open-Cell),18.0,759.8,101.3,227.2,Smolder Quenched,,30.5,0.145,0.39,563.5,Microgravity (~0g),37.3,86.7,1.08,353.3,2019-05-19,NASA Physical Sciences Informatics / STS-69/77/80 & ISS,https://psi.nasa.gov/investigation/MGM,MGM smoldering test under micro-convective flow (0.39 cm/s). CO yield: High.
MGM-ISS-055,MGM (Smoldering),PSI-MGM-SHUTTLE-ISS,MGM-ISS-055,Cellulose Filter Paper Stack,Cellulosic Solid,Cellulose Filter Paper Stack,30.0,759.8,101.3,885.6,Transition to Flaming,,25.9,0.112,2.13,643.3,Microgravity (~0g),29.8,159.5,2.86,770.1,2019-07-23,NASA Physical Sciences Informatics / STS-69/77/80 & ISS,https://psi.nasa.gov/investigation/MGM,MGM smoldering test under micro-convective flow (2.13 cm/s). CO yield: High.
MGM-ISS-056,MGM (Smoldering),PSI-MGM-SHUTTLE-ISS,MGM-ISS-056,Reticulated Polyurethane Foam,Open-Pore Filter Foam,Reticulated Polyurethane Foam,23.5,759.8,101.3,749.3,Self-Sustained Smolder,,27.9,0.045,2.57,733.8,Microgravity (~0g),30.1,178.7,2.51,729.3,2018-11-08,NASA Physical Sciences Informatics / STS-69/77/80 & ISS,https://psi.nasa.gov/investigation/MGM,MGM smoldering test under micro-convective flow (2.57 cm/s). CO yield: High.
MGM-ISS-057,MGM (Smoldering),PSI-MGM-SHUTTLE-ISS,MGM-ISS-057,Reticulated Polyurethane Foam,Open-Pore Filter Foam,Reticulated Polyurethane Foam,18.0,759.8,101.3,640.8,Self-Sustained Smolder,,37.0,0.161,2.0,590.1,Microgravity (~0g),38.4,125.9,0.9,689.9,2016-06-09,NASA Physical Sciences Informatics / STS-69/77/80 & ISS,https://psi.nasa.gov/investigation/MGM,MGM smoldering test under micro-convective flow (2.0 cm/s). CO yield: High.
MGM-ISS-058,MGM (Smoldering),PSI-MGM-SHUTTLE-ISS,MGM-ISS-058,Polyurethane Foam with TCPP Retardant,Flame-Retarded Polymer Foam,Polyurethane Foam with TCPP Retardant,23.5,759.8,101.3,631.7,Smolder Quenched,,29.8,0.028,1.29,613.3,Microgravity (~0g),28.4,61.1,1.38,740.5,2019-06-13,NASA Physical Sciences Informatics / STS-69/77/80 & ISS,https://psi.nasa.gov/investigation/MGM,MGM smoldering test under micro-convective flow (1.29 cm/s). CO yield: High.
MGM-ISS-059,MGM (Smoldering),PSI-MGM-SHUTTLE-ISS,MGM-ISS-059,Reticulated Polyurethane Foam,Open-Pore Filter Foam,Reticulated Polyurethane Foam,20.9,759.8,101.3,331.9,Smolder Quenched,,30.0,0.176,0.18,723.1,Microgravity (~0g),38.9,131.5,2.28,865.7,2015-09-19,NASA Physical Sciences Informatics / STS-69/77/80 & ISS,https://psi.nasa.gov/investigation/MGM,MGM smoldering test under micro-convective flow (0.18 cm/s). CO yield: High.
MGM-ISS-060,MGM (Smoldering),PSI-MGM-SHUTTLE-ISS,MGM-ISS-060,Flexible Polyurethane Foam (Open-Cell),Porous Polymer Foam,Flexible Polyurethane Foam (Open-Cell),20.9,759.8,101.3,532.1,Self-Sustained Smolder,,41.5,0.046,2.43,579.7,Microgravity (~0g),25.9,65.4,1.35,417.8,2013-02-05,NASA Physical Sciences Informatics / STS-69/77/80 & ISS,https://psi.nasa.gov/investigation/MGM,MGM smoldering test under micro-convective flow (2.43 cm/s). CO yield: High.
MGM-ISS-061,MGM (Smoldering),PSI-MGM-SHUTTLE-ISS,MGM-ISS-061,Cellulose Filter Paper Stack,Cellulosic Solid,Cellulose Filter Paper Stack,26.0,759.8,101.3,252.9,Transition to Flaming,,37.8,0.05,2.82,570.7,Microgravity (~0g),35.6,136.8,2.76,859.8,2016-06-24,NASA Physical Sciences Informatics / STS-69/77/80 & ISS,https://psi.nasa.gov/investigation/MGM,MGM smoldering test under micro-convective flow (2.82 cm/s). CO yield: High.
MGM-ISS-062,MGM (Smoldering),PSI-MGM-SHUTTLE-ISS,MGM-ISS-062,Polyurethane Foam with TCPP Retardant,Flame-Retarded Polymer Foam,Polyurethane Foam with TCPP Retardant,30.0,759.8,101.3,923.8,Transition to Flaming,,40.3,0.092,2.53,649.9,Microgravity (~0g),28.7,143.9,1.57,703.3,2013-10-06,NASA Physical Sciences Informatics / STS-69/77/80 & ISS,https://psi.nasa.gov/investigation/MGM,MGM smoldering test under micro-convective flow (2.53 cm/s). CO yield: High.
MGM-ISS-063,MGM (Smoldering),PSI-MGM-SHUTTLE-ISS,MGM-ISS-063,Polyurethane Foam with TCPP Retardant,Flame-Retarded Polymer Foam,Polyurethane Foam with TCPP Retardant,26.0,759.8,101.3,909.7,Transition to Flaming,,48.1,0.05,4.55,558.5,Microgravity (~0g),28.4,93.1,1.93,678.7,2013-12-24,NASA Physical Sciences Informatics / STS-69/77/80 & ISS,https://psi.nasa.gov/investigation/MGM,MGM smoldering test under micro-convective flow (4.55 cm/s). CO yield: High.
MGM-ISS-064,MGM (Smoldering),PSI-MGM-SHUTTLE-ISS,MGM-ISS-064,Flexible Polyurethane Foam (Open-Cell),Porous Polymer Foam,Flexible Polyurethane Foam (Open-Cell),18.0,759.8,101.3,224.0,Self-Sustained Smolder,,46.5,0.151,3.47,725.2,Microgravity (~0g),42.9,67.8,0.69,672.0,2013-06-26,NASA Physical Sciences Informatics / STS-69/77/80 & ISS,https://psi.nasa.gov/investigation/MGM,MGM smoldering test under micro-convective flow (3.47 cm/s). CO yield: High.
MGM-ISS-065,MGM (Smoldering),PSI-MGM-SHUTTLE-ISS,MGM-ISS-065,Reticulated Polyurethane Foam,Open-Pore Filter Foam,Reticulated Polyurethane Foam,21.0,759.8,101.3,228.9,Smolder Quenched,,38.8,0.135,2.94,682.4,Microgravity (~0g),20.4,88.9,2.54,734.2,2012-09-23,NASA Physical Sciences Informatics / STS-69/77/80 & ISS,https://psi.nasa.gov/investigation/MGM,MGM smoldering test under micro-convective flow (2.94 cm/s). CO yield: High.
SAME-AERO-001,SAME (Aerosol),PSI-SAME-AEROSOL,SAME-AERO-001,Overheated Kapton-Insulated Wire,Aero Polyimide Wiring,Overheated Kapton-Insulated Wire,20.9,759.8,101.3,192.2,Pyrolysis Extinction,,1.49,0.035,8.1,900.2,Microgravity (~0g),49.5,20.5,0.26,68.1,2018-07-01,NASA Glenn Research Center / ISS MSG,https://psi.nasa.gov/investigation/SAME,SAME investigation of smoke particulate size distribution and ionization/optical response in microgravity.
SAME-AERO-002,SAME (Aerosol),PSI-SAME-AEROSOL,SAME-AERO-002,Overheated Silicone Rubber Cable,Flexible Wire Coating,Overheated Silicone Rubber Cable,20.9,759.8,101.3,95.9,Pyrolysis Extinction,,1.01,0.062,3.7,583.3,Microgravity (~0g),35.4,16.2,0.57,109.4,2018-11-27,NASA Glenn Research Center / ISS MSG,https://psi.nasa.gov/investigation/SAME,SAME investigation of smoke particulate size distribution and ionization/optical response in microgravity.
SAME-AERO-003,SAME (Aerosol),PSI-SAME-AEROSOL,SAME-AERO-003,Overheated PTFE-Insulated Wire (AWG 20),Electrical Cable Insulation,Overheated PTFE-Insulated Wire (AWG 20),20.9,759.8,101.3,137.0,Aerosol Quenched,,1.44,0.052,11.3,778.7,Microgravity (~0g),40.4,11.9,0.46,170.4,2018-02-14,NASA Glenn Research Center / ISS MSG,https://psi.nasa.gov/investigation/SAME,SAME investigation of smoke particulate size distribution and ionization/optical response in microgravity.
SAME-AERO-004,SAME (Aerosol),PSI-SAME-AEROSOL,SAME-AERO-004,Overheated Kapton-Insulated Wire,Aero Polyimide Wiring,Overheated Kapton-Insulated Wire,20.9,759.8,101.3,237.5,Sub-Micron Smoke Saturation,,1.43,0.053,1.0,770.3,Microgravity (~0g),52.9,12.6,0.64,125.4,2019-10-01,NASA Glenn Research Center / ISS MSG,https://psi.nasa.gov/investigation/SAME,SAME investigation of smoke particulate size distribution and ionization/optical response in microgravity.
SAME-AERO-005,SAME (Aerosol),PSI-SAME-AEROSOL,SAME-AERO-005,Overheated Silicone Rubber Cable,Flexible Wire Coating,Overheated Silicone Rubber Cable,20.9,759.8,101.3,175.0,Aerosol Quenched,,2.39,0.026,10.9,653.8,Microgravity (~0g),55.0,18.9,0.43,309.4,2016-02-11,NASA Glenn Research Center / ISS MSG,https://psi.nasa.gov/investigation/SAME,SAME investigation of smoke particulate size distribution and ionization/optical response in microgravity.
SAME-AERO-006,SAME (Aerosol),PSI-SAME-AEROSOL,SAME-AERO-006,Pyrolyzing Cotton Wick Precursor,Cellulose Fiber,Pyrolyzing Cotton Wick Precursor,20.9,759.8,101.3,150.8,Sub-Micron Smoke Saturation,,1.16,0.01,4.2,595.7,Microgravity (~0g),54.8,23.9,0.15,53.5,2017-04-12,NASA Glenn Research Center / ISS MSG,https://psi.nasa.gov/investigation/SAME,SAME investigation of smoke particulate size distribution and ionization/optical response in microgravity.
SAME-AERO-007,SAME (Aerosol),PSI-SAME-AEROSOL,SAME-AERO-007,Overheated PTFE-Insulated Wire (AWG 20),Electrical Cable Insulation,Overheated PTFE-Insulated Wire (AWG 20),20.9,759.8,101.3,80.9,Detector Alarm Triggered,,2.42,0.037,6.8,663.5,Microgravity (~0g),57.8,20.4,0.58,109.1,2016-02-28,NASA Glenn Research Center / ISS MSG,https://psi.nasa.gov/investigation/SAME,SAME investigation of smoke particulate size distribution and ionization/optical response in microgravity.
SAME-AERO-008,SAME (Aerosol),PSI-SAME-AEROSOL,SAME-AERO-008,Overheated Kapton-Insulated Wire,Aero Polyimide Wiring,Overheated Kapton-Insulated Wire,20.9,759.8,101.3,207.1,Sub-Micron Smoke Saturation,,2.29,0.028,10.2,783.7,Microgravity (~0g),47.9,24.4,0.67,77.2,2019-06-13,NASA Glenn Research Center / ISS MSG,https://psi.nasa.gov/investigation/SAME,SAME investigation of smoke particulate size distribution and ionization/optical response in microgravity.
SAME-AERO-009,SAME (Aerosol),PSI-SAME-AEROSOL,SAME-AERO-009,Overheated PTFE-Insulated Wire (AWG 20),Electrical Cable Insulation,Overheated PTFE-Insulated Wire (AWG 20),20.9,759.8,101.3,215.0,Aerosol Quenched,,1.61,0.055,10.2,835.4,Microgravity (~0g),31.1,16.9,0.61,160.7,2019-02-23,NASA Glenn Research Center / ISS MSG,https://psi.nasa.gov/investigation/SAME,SAME investigation of smoke particulate size distribution and ionization/optical response in microgravity.
SAME-AERO-010,SAME (Aerosol),PSI-SAME-AEROSOL,SAME-AERO-010,Overheated Silicone Rubber Cable,Flexible Wire Coating,Overheated Silicone Rubber Cable,20.9,759.8,101.3,73.3,Detector Alarm Triggered,,1.33,0.067,1.1,645.2,Microgravity (~0g),48.9,23.4,0.76,156.3,2017-12-12,NASA Glenn Research Center / ISS MSG,https://psi.nasa.gov/investigation/SAME,SAME investigation of smoke particulate size distribution and ionization/optical response in microgravity.
SAME-AERO-011,SAME (Aerosol),PSI-SAME-AEROSOL,SAME-AERO-011,Overheated Silicone Rubber Cable,Flexible Wire Coating,Overheated Silicone Rubber Cable,20.9,759.8,101.3,142.4,Pyrolysis Extinction,,2.18,0.056,10.3,739.2,Microgravity (~0g),36.0,5.8,0.71,278.7,2017-09-14,NASA Glenn Research Center / ISS MSG,https://psi.nasa.gov/investigation/SAME,SAME investigation of smoke particulate size distribution and ionization/optical response in microgravity.
SAME-AERO-012,SAME (Aerosol),PSI-SAME-AEROSOL,SAME-AERO-012,Overheated PTFE-Insulated Wire (AWG 20),Electrical Cable Insulation,Overheated PTFE-Insulated Wire (AWG 20),20.9,759.8,101.3,116.7,Aerosol Quenched,,1.2,0.049,1.8,680.5,Microgravity (~0g),59.1,18.7,0.38,53.2,2015-12-09,NASA Glenn Research Center / ISS MSG,https://psi.nasa.gov/investigation/SAME,SAME investigation of smoke particulate size distribution and ionization/optical response in microgravity.
SAME-AERO-013,SAME (Aerosol),PSI-SAME-AEROSOL,SAME-AERO-013,Overheated Kapton-Insulated Wire,Aero Polyimide Wiring,Overheated Kapton-Insulated Wire,20.9,759.8,101.3,67.3,Detector Alarm Triggered,,1.27,0.061,6.2,803.7,Microgravity (~0g),52.6,16.1,0.33,137.4,2019-09-16,NASA Glenn Research Center / ISS MSG,https://psi.nasa.gov/investigation/SAME,SAME investigation of smoke particulate size distribution and ionization/optical response in microgravity.
SAME-AERO-014,SAME (Aerosol),PSI-SAME-AEROSOL,SAME-AERO-014,Overheated Silicone Rubber Cable,Flexible Wire Coating,Overheated Silicone Rubber Cable,20.9,759.8,101.3,61.5,Detector Alarm Triggered,,1.97,0.057,5.8,789.5,Microgravity (~0g),49.5,22.8,0.23,69.3,2015-01-20,NASA Glenn Research Center / ISS MSG,https://psi.nasa.gov/investigation/SAME,SAME investigation of smoke particulate size distribution and ionization/optical response in microgravity.
SAME-AERO-015,SAME (Aerosol),PSI-SAME-AEROSOL,SAME-AERO-015,Pyrolyzing Cotton Wick Precursor,Cellulose Fiber,Pyrolyzing Cotton Wick Precursor,20.9,759.8,101.3,186.8,Detector Alarm Triggered,,1.3,0.051,3.1,705.9,Microgravity (~0g),54.9,10.5,0.14,105.8,2019-07-11,NASA Glenn Research Center / ISS MSG,https://psi.nasa.gov/investigation/SAME,SAME investigation of smoke particulate size distribution and ionization/optical response in microgravity.
SAME-AERO-016,SAME (Aerosol),PSI-SAME-AEROSOL,SAME-AERO-016,Overheated PTFE-Insulated Wire (AWG 20),Electrical Cable Insulation,Overheated PTFE-Insulated Wire (AWG 20),20.9,759.8,101.3,132.0,Detector Alarm Triggered,,1.65,0.039,6.7,693.9,Microgravity (~0g),42.1,8.2,0.46,179.4,2018-09-20,NASA Glenn Research Center / ISS MSG,https://psi.nasa.gov/investigation/SAME,SAME investigation of smoke particulate size distribution and ionization/optical response in microgravity.
SAME-AERO-017,SAME (Aerosol),PSI-SAME-AEROSOL,SAME-AERO-017,Overheated Silicone Rubber Cable,Flexible Wire Coating,Overheated Silicone Rubber Cable,20.9,759.8,101.3,110.6,Sub-Micron Smoke Saturation,,2.1,0.071,6.2,607.0,Microgravity (~0g),33.8,24.5,0.4,207.0,2017-03-08,NASA Glenn Research Center / ISS MSG,https://psi.nasa.gov/investigation/SAME,SAME investigation of smoke particulate size distribution and ionization/optical response in microgravity.
SAME-AERO-018,SAME (Aerosol),PSI-SAME-AEROSOL,SAME-AERO-018,Overheated Silicone Rubber Cable,Flexible Wire Coating,Overheated Silicone Rubber Cable,20.9,759.8,101.3,137.6,Detector Alarm Triggered,,1.6,0.065,10.6,759.0,Microgravity (~0g),38.2,18.2,0.71,286.8,2015-02-13,NASA Glenn Research Center / ISS MSG,https://psi.nasa.gov/investigation/SAME,SAME investigation of smoke particulate size distribution and ionization/optical response in microgravity.
SAME-AERO-019,SAME (Aerosol),PSI-SAME-AEROSOL,SAME-AERO-019,Overheated PTFE-Insulated Wire (AWG 20),Electrical Cable Insulation,Overheated PTFE-Insulated Wire (AWG 20),20.9,759.8,101.3,117.2,Pyrolysis Extinction,,2.33,0.05,9.3,716.5,Microgravity (~0g),57.9,20.3,0.38,185.2,2017-08-05,NASA Glenn Research Center / ISS MSG,https://psi.nasa.gov/investigation/SAME,SAME investigation of smoke particulate size distribution and ionization/optical response in microgravity.
SAME-AERO-020,SAME (Aerosol),PSI-SAME-AEROSOL,SAME-AERO-020,Overheated Kapton-Insulated Wire,Aero Polyimide Wiring,Overheated Kapton-Insulated Wire,20.9,759.8,101.3,98.9,Pyrolysis Extinction,,1.99,0.051,10.4,910.3,Microgravity (~0g),42.9,20.0,0.24,151.5,2019-09-24,NASA Glenn Research Center / ISS MSG,https://psi.nasa.gov/investigation/SAME,SAME investigation of smoke particulate size distribution and ionization/optical response in microgravity.
SAME-AERO-021,SAME (Aerosol),PSI-SAME-AEROSOL,SAME-AERO-021,Overheated PTFE-Insulated Wire (AWG 20),Electrical Cable Insulation,Overheated PTFE-Insulated Wire (AWG 20),20.9,759.8,101.3,146.0,Sub-Micron Smoke Saturation,,1.03,0.063,4.6,834.2,Microgravity (~0g),34.5,10.8,0.45,251.8,2016-11-01,NASA Glenn Research Center / ISS MSG,https://psi.nasa.gov/investigation/SAME,SAME investigation of smoke particulate size distribution and ionization/optical response in microgravity.
SAME-AERO-022,SAME (Aerosol),PSI-SAME-AEROSOL,SAME-AERO-022,Pyrolyzing Cotton Wick Precursor,Cellulose Fiber,Pyrolyzing Cotton Wick Precursor,20.9,759.8,101.3,166.1,Aerosol Quenched,,1.45,0.036,8.7,531.6,Microgravity (~0g),59.4,20.8,0.27,249.9,2017-08-11,NASA Glenn Research Center / ISS MSG,https://psi.nasa.gov/investigation/SAME,SAME investigation of smoke particulate size distribution and ionization/optical response in microgravity.
SAME-AERO-023,SAME (Aerosol),PSI-SAME-AEROSOL,SAME-AERO-023,Overheated Kapton-Insulated Wire,Aero Polyimide Wiring,Overheated Kapton-Insulated Wire,20.9,759.8,101.3,99.9,Aerosol Quenched,,1.83,0.043,10.4,858.1,Microgravity (~0g),33.8,5.9,0.48,276.0,2018-02-16,NASA Glenn Research Center / ISS MSG,https://psi.nasa.gov/investigation/SAME,SAME investigation of smoke particulate size distribution and ionization/optical response in microgravity.
SAME-AERO-024,SAME (Aerosol),PSI-SAME-AEROSOL,SAME-AERO-024,Overheated Silicone Rubber Cable,Flexible Wire Coating,Overheated Silicone Rubber Cable,20.9,759.8,101.3,218.5,Sub-Micron Smoke Saturation,,3.19,0.074,6.0,673.9,Microgravity (~0g),28.2,6.8,0.37,128.4,2018-05-14,NASA Glenn Research Center / ISS MSG,https://psi.nasa.gov/investigation/SAME,SAME investigation of smoke particulate size distribution and ionization/optical response in microgravity.
SAME-AERO-025,SAME (Aerosol),PSI-SAME-AEROSOL,SAME-AERO-025,Overheated Kapton-Insulated Wire,Aero Polyimide Wiring,Overheated Kapton-Insulated Wire,20.9,759.8,101.3,178.5,Pyrolysis Extinction,,2.24,0.078,3.7,853.6,Microgravity (~0g),30.9,8.5,0.4,128.2,2016-05-26,NASA Glenn Research Center / ISS MSG,https://psi.nasa.gov/investigation/SAME,SAME investigation of smoke particulate size distribution and ionization/optical response in microgravity.
SAME-AERO-026,SAME (Aerosol),PSI-SAME-AEROSOL,SAME-AERO-026,Overheated PTFE-Insulated Wire (AWG 20),Electrical Cable Insulation,Overheated PTFE-Insulated Wire (AWG 20),20.9,759.8,101.3,103.9,Sub-Micron Smoke Saturation,,1.05,0.046,6.7,779.0,Microgravity (~0g),43.1,10.3,0.52,127.9,2015-07-25,NASA Glenn Research Center / ISS MSG,https://psi.nasa.gov/investigation/SAME,SAME investigation of smoke particulate size distribution and ionization/optical response in microgravity.
SAME-AERO-027,SAME (Aerosol),PSI-SAME-AEROSOL,SAME-AERO-027,Overheated PTFE-Insulated Wire (AWG 20),Electrical Cable Insulation,Overheated PTFE-Insulated Wire (AWG 20),20.9,759.8,101.3,209.8,Pyrolysis Extinction,,2.27,0.069,11.2,831.1,Microgravity (~0g),45.7,5.7,0.44,194.7,2019-05-08,NASA Glenn Research Center / ISS MSG,https://psi.nasa.gov/investigation/SAME,SAME investigation of smoke particulate size distribution and ionization/optical response in microgravity.
SAME-AERO-028,SAME (Aerosol),PSI-SAME-AEROSOL,SAME-AERO-028,Overheated PTFE-Insulated Wire (AWG 20),Electrical Cable Insulation,Overheated PTFE-Insulated Wire (AWG 20),20.9,759.8,101.3,60.4,Aerosol Quenched,,2.45,0.027,9.9,707.9,Microgravity (~0g),20.5,11.2,0.69,71.1,2019-11-24,NASA Glenn Research Center / ISS MSG,https://psi.nasa.gov/investigation/SAME,SAME investigation of smoke particulate size distribution and ionization/optical response in microgravity.
SAME-AERO-029,SAME (Aerosol),PSI-SAME-AEROSOL,SAME-AERO-029,Pyrolyzing Cotton Wick Precursor,Cellulose Fiber,Pyrolyzing Cotton Wick Precursor,20.9,759.8,101.3,54.2,Aerosol Quenched,,3.12,0.039,9.3,592.1,Microgravity (~0g),27.5,21.7,0.6,307.7,2017-05-04,NASA Glenn Research Center / ISS MSG,https://psi.nasa.gov/investigation/SAME,SAME investigation of smoke particulate size distribution and ionization/optical response in microgravity.
SAME-AERO-030,SAME (Aerosol),PSI-SAME-AEROSOL,SAME-AERO-030,Pyrolyzing Cotton Wick Precursor,Cellulose Fiber,Pyrolyzing Cotton Wick Precursor,20.9,759.8,101.3,113.2,Pyrolysis Extinction,,2.15,0.017,5.4,678.6,Microgravity (~0g),58.2,10.9,0.16,223.5,2019-01-13,NASA Glenn Research Center / ISS MSG,https://psi.nasa.gov/investigation/SAME,SAME investigation of smoke particulate size distribution and ionization/optical response in microgravity.
SAME-AERO-031,SAME (Aerosol),PSI-SAME-AEROSOL,SAME-AERO-031,Overheated Kapton-Insulated Wire,Aero Polyimide Wiring,Overheated Kapton-Insulated Wire,20.9,759.8,101.3,64.1,Pyrolysis Extinction,,2.96,0.037,8.6,702.4,Microgravity (~0g),36.6,12.5,0.27,90.3,2018-08-09,NASA Glenn Research Center / ISS MSG,https://psi.nasa.gov/investigation/SAME,SAME investigation of smoke particulate size distribution and ionization/optical response in microgravity.
SAME-AERO-032,SAME (Aerosol),PSI-SAME-AEROSOL,SAME-AERO-032,Overheated PTFE-Insulated Wire (AWG 20),Electrical Cable Insulation,Overheated PTFE-Insulated Wire (AWG 20),20.9,759.8,101.3,124.0,Aerosol Quenched,,3.19,0.012,9.6,767.3,Microgravity (~0g),30.1,21.5,0.62,160.8,2016-03-06,NASA Glenn Research Center / ISS MSG,https://psi.nasa.gov/investigation/SAME,SAME investigation of smoke particulate size distribution and ionization/optical response in microgravity.
SAME-AERO-033,SAME (Aerosol),PSI-SAME-AEROSOL,SAME-AERO-033,Overheated Kapton-Insulated Wire,Aero Polyimide Wiring,Overheated Kapton-Insulated Wire,20.9,759.8,101.3,181.9,Detector Alarm Triggered,,1.07,0.055,1.7,787.6,Microgravity (~0g),57.5,13.1,0.56,235.1,2019-01-09,NASA Glenn Research Center / ISS MSG,https://psi.nasa.gov/investigation/SAME,SAME investigation of smoke particulate size distribution and ionization/optical response in microgravity.
SAME-AERO-034,SAME (Aerosol),PSI-SAME-AEROSOL,SAME-AERO-034,Overheated Kapton-Insulated Wire,Aero Polyimide Wiring,Overheated Kapton-Insulated Wire,20.9,759.8,101.3,133.7,Pyrolysis Extinction,,1.78,0.038,9.2,843.2,Microgravity (~0g),29.7,10.9,0.43,292.3,2018-05-03,NASA Glenn Research Center / ISS MSG,https://psi.nasa.gov/investigation/SAME,SAME investigation of smoke particulate size distribution and ionization/optical response in microgravity.
SAME-AERO-035,SAME (Aerosol),PSI-SAME-AEROSOL,SAME-AERO-035,Overheated PTFE-Insulated Wire (AWG 20),Electrical Cable Insulation,Overheated PTFE-Insulated Wire (AWG 20),20.9,759.8,101.3,89.9,Aerosol Quenched,,2.35,0.047,6.7,674.4,Microgravity (~0g),33.4,22.5,0.79,139.8,2016-12-12,NASA Glenn Research Center / ISS MSG,https://psi.nasa.gov/investigation/SAME,SAME investigation of smoke particulate size distribution and ionization/optical response in microgravity.
SAME-AERO-036,SAME (Aerosol),PSI-SAME-AEROSOL,SAME-AERO-036,Overheated Silicone Rubber Cable,Flexible Wire Coating,Overheated Silicone Rubber Cable,20.9,759.8,101.3,58.5,Detector Alarm Triggered,,1.96,0.026,6.7,588.1,Microgravity (~0g),56.8,12.1,0.44,118.3,2017-11-07,NASA Glenn Research Center / ISS MSG,https://psi.nasa.gov/investigation/SAME,SAME investigation of smoke particulate size distribution and ionization/optical response in microgravity.
SAME-AERO-037,SAME (Aerosol),PSI-SAME-AEROSOL,SAME-AERO-037,Overheated Kapton-Insulated Wire,Aero Polyimide Wiring,Overheated Kapton-Insulated Wire,20.9,759.8,101.3,130.7,Detector Alarm Triggered,,1.39,0.055,3.2,713.5,Microgravity (~0g),58.1,7.9,0.66,158.7,2016-07-03,NASA Glenn Research Center / ISS MSG,https://psi.nasa.gov/investigation/SAME,SAME investigation of smoke particulate size distribution and ionization/optical response in microgravity.
SAME-AERO-038,SAME (Aerosol),PSI-SAME-AEROSOL,SAME-AERO-038,Pyrolyzing Cotton Wick Precursor,Cellulose Fiber,Pyrolyzing Cotton Wick Precursor,20.9,759.8,101.3,205.2,Sub-Micron Smoke Saturation,,1.39,0.02,3.5,578.8,Microgravity (~0g),25.3,8.1,0.5,165.8,2015-07-03,NASA Glenn Research Center / ISS MSG,https://psi.nasa.gov/investigation/SAME,SAME investigation of smoke particulate size distribution and ionization/optical response in microgravity.
SAME-AERO-039,SAME (Aerosol),PSI-SAME-AEROSOL,SAME-AERO-039,Pyrolyzing Cotton Wick Precursor,Cellulose Fiber,Pyrolyzing Cotton Wick Precursor,20.9,759.8,101.3,214.4,Aerosol Quenched,,1.96,0.06,1.2,658.0,Microgravity (~0g),35.0,13.6,0.49,81.5,2015-04-02,NASA Glenn Research Center / ISS MSG,https://psi.nasa.gov/investigation/SAME,SAME investigation of smoke particulate size distribution and ionization/optical response in microgravity.
SAME-AERO-040,SAME (Aerosol),PSI-SAME-AEROSOL,SAME-AERO-040,Overheated PTFE-Insulated Wire (AWG 20),Electrical Cable Insulation,Overheated PTFE-Insulated Wire (AWG 20),20.9,759.8,101.3,193.6,Detector Alarm Triggered,,2.66,0.056,2.7,729.2,Microgravity (~0g),24.7,11.0,0.42,66.5,2016-08-13,NASA Glenn Research Center / ISS MSG,https://psi.nasa.gov/investigation/SAME,SAME investigation of smoke particulate size distribution and ionization/optical response in microgravity.
SAME-AERO-041,SAME (Aerosol),PSI-SAME-AEROSOL,SAME-AERO-041,Pyrolyzing Cotton Wick Precursor,Cellulose Fiber,Pyrolyzing Cotton Wick Precursor,20.9,759.8,101.3,112.5,Aerosol Quenched,,1.58,0.023,10.8,648.4,Microgravity (~0g),57.5,15.9,0.65,143.3,2017-12-14,NASA Glenn Research Center / ISS MSG,https://psi.nasa.gov/investigation/SAME,SAME investigation of smoke particulate size distribution and ionization/optical response in microgravity.
SAME-AERO-042,SAME (Aerosol),PSI-SAME-AEROSOL,SAME-AERO-042,Overheated PTFE-Insulated Wire (AWG 20),Electrical Cable Insulation,Overheated PTFE-Insulated Wire (AWG 20),20.9,759.8,101.3,47.2,Pyrolysis Extinction,,2.01,0.02,3.3,702.0,Microgravity (~0g),57.1,7.5,0.1,56.6,2019-08-12,NASA Glenn Research Center / ISS MSG,https://psi.nasa.gov/investigation/SAME,SAME investigation of smoke particulate size distribution and ionization/optical response in microgravity.
SAME-AERO-043,SAME (Aerosol),PSI-SAME-AEROSOL,SAME-AERO-043,Overheated Kapton-Insulated Wire,Aero Polyimide Wiring,Overheated Kapton-Insulated Wire,20.9,759.8,101.3,212.5,Detector Alarm Triggered,,2.66,0.054,2.5,909.2,Microgravity (~0g),41.9,19.7,0.38,40.0,2018-05-02,NASA Glenn Research Center / ISS MSG,https://psi.nasa.gov/investigation/SAME,SAME investigation of smoke particulate size distribution and ionization/optical response in microgravity.
SAME-AERO-044,SAME (Aerosol),PSI-SAME-AEROSOL,SAME-AERO-044,Overheated Kapton-Insulated Wire,Aero Polyimide Wiring,Overheated Kapton-Insulated Wire,20.9,759.8,101.3,202.4,Sub-Micron Smoke Saturation,,2.18,0.039,2.4,835.7,Microgravity (~0g),45.9,21.3,0.31,50.0,2018-07-28,NASA Glenn Research Center / ISS MSG,https://psi.nasa.gov/investigation/SAME,SAME investigation of smoke particulate size distribution and ionization/optical response in microgravity.
SAME-AERO-045,SAME (Aerosol),PSI-SAME-AEROSOL,SAME-AERO-045,Pyrolyzing Cotton Wick Precursor,Cellulose Fiber,Pyrolyzing Cotton Wick Precursor,20.9,759.8,101.3,114.2,Aerosol Quenched,,1.82,0.038,8.0,533.4,Microgravity (~0g),55.4,7.8,0.12,202.5,2017-10-06,NASA Glenn Research Center / ISS MSG,https://psi.nasa.gov/investigation/SAME,SAME investigation of smoke particulate size distribution and ionization/optical response in microgravity.
SAME-AERO-046,SAME (Aerosol),PSI-SAME-AEROSOL,SAME-AERO-046,Overheated PTFE-Insulated Wire (AWG 20),Electrical Cable Insulation,Overheated PTFE-Insulated Wire (AWG 20),20.9,759.8,101.3,82.3,Sub-Micron Smoke Saturation,,2.13,0.068,4.2,784.8,Microgravity (~0g),52.6,5.3,0.17,213.7,2017-02-13,NASA Glenn Research Center / ISS MSG,https://psi.nasa.gov/investigation/SAME,SAME investigation of smoke particulate size distribution and ionization/optical response in microgravity.
SAME-AERO-047,SAME (Aerosol),PSI-SAME-AEROSOL,SAME-AERO-047,Pyrolyzing Cotton Wick Precursor,Cellulose Fiber,Pyrolyzing Cotton Wick Precursor,20.9,759.8,101.3,91.0,Detector Alarm Triggered,,1.62,0.06,9.8,507.2,Microgravity (~0g),51.0,10.7,0.2,201.2,2019-10-19,NASA Glenn Research Center / ISS MSG,https://psi.nasa.gov/investigation/SAME,SAME investigation of smoke particulate size distribution and ionization/optical response in microgravity.
SAME-AERO-048,SAME (Aerosol),PSI-SAME-AEROSOL,SAME-AERO-048,Overheated Kapton-Insulated Wire,Aero Polyimide Wiring,Overheated Kapton-Insulated Wire,20.9,759.8,101.3,89.2,Detector Alarm Triggered,,0.86,0.078,10.3,747.5,Microgravity (~0g),23.4,18.3,0.51,72.5,2016-07-14,NASA Glenn Research Center / ISS MSG,https://psi.nasa.gov/investigation/SAME,SAME investigation of smoke particulate size distribution and ionization/optical response in microgravity.
SAME-AERO-049,SAME (Aerosol),PSI-SAME-AEROSOL,SAME-AERO-049,Overheated Kapton-Insulated Wire,Aero Polyimide Wiring,Overheated Kapton-Insulated Wire,20.9,759.8,101.3,137.5,Aerosol Quenched,,1.64,0.016,10.0,795.1,Microgravity (~0g),38.1,9.4,0.35,189.0,2016-02-03,NASA Glenn Research Center / ISS MSG,https://psi.nasa.gov/investigation/SAME,SAME investigation of smoke particulate size distribution and ionization/optical response in microgravity.
SAME-AERO-050,SAME (Aerosol),PSI-SAME-AEROSOL,SAME-AERO-050,Pyrolyzing Cotton Wick Precursor,Cellulose Fiber,Pyrolyzing Cotton Wick Precursor,20.9,759.8,101.3,110.6,Pyrolysis Extinction,,1.41,0.03,10.6,541.7,Microgravity (~0g),55.8,20.6,0.67,298.4,2019-11-07,NASA Glenn Research Center / ISS MSG,https://psi.nasa.gov/investigation/SAME,SAME investigation of smoke particulate size distribution and ionization/optical response in microgravity.
GRC-DROP-001,GRC Drop Tower,GRC-ZGF-DROP,GRC-DROP-001,Ethanol Droplet,Liquid Alcohol Droplet,Ethanol Droplet,15.0,1125.1,150.0,3.87,Radiative Extinction,1.47,1.85,0.96,0.7,1334.7,Drop Tower Microgravity (10^-5 g),14.8,0.15,3.14,58.8,2015-11-24,NASA Glenn Research Center Zero-Gravity Facility (2.2s & 5.18s),https://www.nasa.gov/glenn/zero-g,Freefall test at NASA GRC Zero-Gravity Facility. Microgravity duration: 3.87 s.
GRC-DROP-002,GRC Drop Tower,GRC-ZGF-DROP,GRC-DROP-002,Ethanol Droplet,Liquid Alcohol Droplet,Ethanol Droplet,35.0,759.8,101.3,3.21,Radiative Extinction,1.19,2.18,1.01,0.1,1373.2,Drop Tower Microgravity (10^-5 g),16.4,0.23,3.44,54.5,2011-07-21,NASA Glenn Research Center Zero-Gravity Facility (2.2s & 5.18s),https://www.nasa.gov/glenn/zero-g,Freefall test at NASA GRC Zero-Gravity Facility. Microgravity duration: 3.21 s.
GRC-DROP-003,GRC Drop Tower,GRC-ZGF-DROP,GRC-DROP-003,Ethanol Droplet,Liquid Alcohol Droplet,Ethanol Droplet,19.0,375.0,50.0,2.28,Radiative Extinction,1.41,1.65,0.65,0.2,1313.1,Drop Tower Microgravity (10^-5 g),14.4,0.32,1.81,55.2,2015-01-22,NASA Glenn Research Center Zero-Gravity Facility (2.2s & 5.18s),https://www.nasa.gov/glenn/zero-g,Freefall test at NASA GRC Zero-Gravity Facility. Microgravity duration: 2.28 s.
GRC-DROP-004,GRC Drop Tower,GRC-ZGF-DROP,GRC-DROP-004,Ethylene/Air Micro-Burner,Hydrocarbon Gas Flame,Ethylene/Air Micro-Burner,35.0,525.0,70.0,2.58,Diffusive Quenching,,,0.9,1.2,1611.8,Drop Tower Microgravity (10^-5 g),21.8,0.24,2.63,33.0,2014-01-05,NASA Glenn Research Center Zero-Gravity Facility (2.2s & 5.18s),https://www.nasa.gov/glenn/zero-g,Freefall test at NASA GRC Zero-Gravity Facility. Microgravity duration: 2.58 s.
GRC-DROP-005,GRC Drop Tower,GRC-ZGF-DROP,GRC-DROP-005,Methane/Air Coflow Jet,Laminar Gas Jet,Methane/Air Coflow Jet,35.0,1125.1,150.0,1.63,Radiative Extinction,,,0.79,4.3,1727.5,Drop Tower Microgravity (10^-5 g),14.1,0.27,2.89,13.4,2013-07-28,NASA Glenn Research Center Zero-Gravity Facility (2.2s & 5.18s),https://www.nasa.gov/glenn/zero-g,Freefall test at NASA GRC Zero-Gravity Facility. Microgravity duration: 1.63 s.
GRC-DROP-006,GRC Drop Tower,GRC-ZGF-DROP,GRC-DROP-006,Ethanol Droplet,Liquid Alcohol Droplet,Ethanol Droplet,21.0,525.0,70.0,4.72,Radiative Extinction,1.22,2.08,1.03,4.3,1406.1,Drop Tower Microgravity (10^-5 g),14.8,0.33,3.27,72.9,2019-05-09,NASA Glenn Research Center Zero-Gravity Facility (2.2s & 5.18s),https://www.nasa.gov/glenn/zero-g,Freefall test at NASA GRC Zero-Gravity Facility. Microgravity duration: 4.72 s.
GRC-DROP-007,GRC Drop Tower,GRC-ZGF-DROP,GRC-DROP-007,Ethylene/Air Micro-Burner,Hydrocarbon Gas Flame,Ethylene/Air Micro-Burner,35.0,759.8,101.3,1.71,Radiative Extinction,,,0.94,1.3,1775.5,Drop Tower Microgravity (10^-5 g),21.0,0.19,3.45,26.9,2017-05-23,NASA Glenn Research Center Zero-Gravity Facility (2.2s & 5.18s),https://www.nasa.gov/glenn/zero-g,Freefall test at NASA GRC Zero-Gravity Facility. Microgravity duration: 1.71 s.
GRC-DROP-008,GRC Drop Tower,GRC-ZGF-DROP,GRC-DROP-008,Methane/Air Coflow Jet,Laminar Gas Jet,Methane/Air Coflow Jet,15.0,375.0,50.0,3.07,Radiative Extinction,,,1.08,1.0,1523.1,Drop Tower Microgravity (10^-5 g),15.0,0.17,0.97,55.7,2010-04-06,NASA Glenn Research Center Zero-Gravity Facility (2.2s & 5.18s),https://www.nasa.gov/glenn/zero-g,Freefall test at NASA GRC Zero-Gravity Facility. Microgravity duration: 3.07 s.
GRC-DROP-009,GRC Drop Tower,GRC-ZGF-DROP,GRC-DROP-009,Ethylene/Air Micro-Burner,Hydrocarbon Gas Flame,Ethylene/Air Micro-Burner,30.0,759.8,101.3,3.82,Diffusive Quenching,,,1.05,4.0,1651.7,Drop Tower Microgravity (10^-5 g),18.3,0.37,2.44,14.8,2010-04-23,NASA Glenn Research Center Zero-Gravity Facility (2.2s & 5.18s),https://www.nasa.gov/glenn/zero-g,Freefall test at NASA GRC Zero-Gravity Facility. Microgravity duration: 3.82 s.
GRC-DROP-010,GRC Drop Tower,GRC-ZGF-DROP,GRC-DROP-010,Ethanol Droplet,Liquid Alcohol Droplet,Ethanol Droplet,15.0,375.0,50.0,3.37,Radiative Extinction,1.14,2.11,0.56,4.9,1334.1,Drop Tower Microgravity (10^-5 g),21.9,0.39,2.59,39.1,2018-05-19,NASA Glenn Research Center Zero-Gravity Facility (2.2s & 5.18s),https://www.nasa.gov/glenn/zero-g,Freefall test at NASA GRC Zero-Gravity Facility. Microgravity duration: 3.37 s.
GRC-DROP-011,GRC Drop Tower,GRC-ZGF-DROP,GRC-DROP-011,n-Octane Droplet,Liquid Alkane Droplet,n-Octane Droplet,30.0,759.8,101.3,1.6,Radiative Extinction,1.58,1.5,1.08,1.7,1420.2,Drop Tower Microgravity (10^-5 g),18.1,0.37,1.4,51.9,2019-12-28,NASA Glenn Research Center Zero-Gravity Facility (2.2s & 5.18s),https://www.nasa.gov/glenn/zero-g,Freefall test at NASA GRC Zero-Gravity Facility. Microgravity duration: 1.6 s.
GRC-DROP-012,GRC Drop Tower,GRC-ZGF-DROP,GRC-DROP-012,Methanol Droplet,Liquid Alcohol Droplet,Methanol Droplet,21.0,375.0,50.0,3.23,Radiative Extinction,1.52,1.17,0.49,0.6,1345.6,Drop Tower Microgravity (10^-5 g),24.2,0.29,3.03,60.7,2015-12-13,NASA Glenn Research Center Zero-Gravity Facility (2.2s & 5.18s),https://www.nasa.gov/glenn/zero-g,Freefall test at NASA GRC Zero-Gravity Facility. Microgravity duration: 3.23 s.
GRC-DROP-013,GRC Drop Tower,GRC-ZGF-DROP,GRC-DROP-013,Ethanol Droplet,Liquid Alcohol Droplet,Ethanol Droplet,30.0,525.0,70.0,1.82,Radiative Extinction,1.7,1.09,0.48,4.2,1395.6,Drop Tower Microgravity (10^-5 g),18.4,0.23,2.51,25.8,2010-04-16,NASA Glenn Research Center Zero-Gravity Facility (2.2s & 5.18s),https://www.nasa.gov/glenn/zero-g,Freefall test at NASA GRC Zero-Gravity Facility. Microgravity duration: 1.82 s.
GRC-DROP-014,GRC Drop Tower,GRC-ZGF-DROP,GRC-DROP-014,Methane/Air Coflow Jet,Laminar Gas Jet,Methane/Air Coflow Jet,30.0,1125.1,150.0,2.75,Diffusive Quenching,,,1.13,3.2,1640.4,Drop Tower Microgravity (10^-5 g),16.5,0.29,1.93,67.1,2011-08-25,NASA Glenn Research Center Zero-Gravity Facility (2.2s & 5.18s),https://www.nasa.gov/glenn/zero-g,Freefall test at NASA GRC Zero-Gravity Facility. Microgravity duration: 2.75 s.
GRC-DROP-015,GRC Drop Tower,GRC-ZGF-DROP,GRC-DROP-015,Methane/Air Coflow Jet,Laminar Gas Jet,Methane/Air Coflow Jet,21.0,1125.1,150.0,4.79,Diffusive Quenching,,,0.52,1.5,1634.1,Drop Tower Microgravity (10^-5 g),14.2,0.26,1.33,13.2,2010-12-11,NASA Glenn Research Center Zero-Gravity Facility (2.2s & 5.18s),https://www.nasa.gov/glenn/zero-g,Freefall test at NASA GRC Zero-Gravity Facility. Microgravity duration: 4.79 s.
GRC-DROP-016,GRC Drop Tower,GRC-ZGF-DROP,GRC-DROP-016,n-Octane Droplet,Liquid Alkane Droplet,n-Octane Droplet,17.5,375.0,50.0,4.4,Radiative Extinction,0.85,1.19,0.72,0.2,1612.5,Drop Tower Microgravity (10^-5 g),11.1,0.35,2.63,24.8,2017-02-14,NASA Glenn Research Center Zero-Gravity Facility (2.2s & 5.18s),https://www.nasa.gov/glenn/zero-g,Freefall test at NASA GRC Zero-Gravity Facility. Microgravity duration: 4.4 s.
GRC-DROP-017,GRC Drop Tower,GRC-ZGF-DROP,GRC-DROP-017,Ethylene/Air Micro-Burner,Hydrocarbon Gas Flame,Ethylene/Air Micro-Burner,15.0,759.8,101.3,1.25,Radiative Extinction,,,0.68,0.4,1524.6,Drop Tower Microgravity (10^-5 g),18.1,0.28,1.61,70.0,2014-10-09,NASA Glenn Research Center Zero-Gravity Facility (2.2s & 5.18s),https://www.nasa.gov/glenn/zero-g,Freefall test at NASA GRC Zero-Gravity Facility. Microgravity duration: 1.25 s.
GRC-DROP-018,GRC Drop Tower,GRC-ZGF-DROP,GRC-DROP-018,Methanol Droplet,Liquid Alcohol Droplet,Methanol Droplet,25.0,759.8,101.3,4.8,Incomplete Burn (Time Limit),1.75,1.28,0.82,4.1,1385.1,Drop Tower Microgravity (10^-5 g),18.7,0.16,2.12,84.2,2015-05-26,NASA Glenn Research Center Zero-Gravity Facility (2.2s & 5.18s),https://www.nasa.gov/glenn/zero-g,Freefall test at NASA GRC Zero-Gravity Facility. Microgravity duration: 4.8 s.
GRC-DROP-019,GRC Drop Tower,GRC-ZGF-DROP,GRC-DROP-019,Ethanol Droplet,Liquid Alcohol Droplet,Ethanol Droplet,30.0,525.0,70.0,3.41,Incomplete Burn (Time Limit),0.71,1.34,0.94,0.6,1300.8,Drop Tower Microgravity (10^-5 g),22.8,0.19,1.03,15.6,2010-10-13,NASA Glenn Research Center Zero-Gravity Facility (2.2s & 5.18s),https://www.nasa.gov/glenn/zero-g,Freefall test at NASA GRC Zero-Gravity Facility. Microgravity duration: 3.41 s.
GRC-DROP-020,GRC Drop Tower,GRC-ZGF-DROP,GRC-DROP-020,n-Octane Droplet,Liquid Alkane Droplet,n-Octane Droplet,30.0,1125.1,150.0,4.9,Diffusive Quenching,1.25,2.24,0.58,2.0,1442.4,Drop Tower Microgravity (10^-5 g),19.1,0.19,3.3,65.3,2010-09-19,NASA Glenn Research Center Zero-Gravity Facility (2.2s & 5.18s),https://www.nasa.gov/glenn/zero-g,Freefall test at NASA GRC Zero-Gravity Facility. Microgravity duration: 4.9 s.
GRC-DROP-021,GRC Drop Tower,GRC-ZGF-DROP,GRC-DROP-021,Ethylene/Air Micro-Burner,Hydrocarbon Gas Flame,Ethylene/Air Micro-Burner,21.0,375.0,50.0,3.87,Diffusive Quenching,,,1.05,2.1,1639.1,Drop Tower Microgravity (10^-5 g),10.3,0.1,2.17,55.4,2018-12-17,NASA Glenn Research Center Zero-Gravity Facility (2.2s & 5.18s),https://www.nasa.gov/glenn/zero-g,Freefall test at NASA GRC Zero-Gravity Facility. Microgravity duration: 3.87 s.
GRC-DROP-022,GRC Drop Tower,GRC-ZGF-DROP,GRC-DROP-022,n-Heptane Droplet,Liquid Alkane Droplet,n-Heptane Droplet,19.0,375.0,50.0,2.65,Incomplete Burn (Time Limit),1.02,2.39,0.55,2.5,1474.9,Drop Tower Microgravity (10^-5 g),18.5,0.35,1.13,84.2,2017-01-26,NASA Glenn Research Center Zero-Gravity Facility (2.2s & 5.18s),https://www.nasa.gov/glenn/zero-g,Freefall test at NASA GRC Zero-Gravity Facility. Microgravity duration: 2.65 s.
GRC-DROP-023,GRC Drop Tower,GRC-ZGF-DROP,GRC-DROP-023,Ethylene/Air Micro-Burner,Hydrocarbon Gas Flame,Ethylene/Air Micro-Burner,15.0,525.0,70.0,4.76,Radiative Extinction,,,0.94,1.4,1845.2,Drop Tower Microgravity (10^-5 g),17.7,0.29,2.49,17.4,2016-01-26,NASA Glenn Research Center Zero-Gravity Facility (2.2s & 5.18s),https://www.nasa.gov/glenn/zero-g,Freefall test at NASA GRC Zero-Gravity Facility. Microgravity duration: 4.76 s.
GRC-DROP-024,GRC Drop Tower,GRC-ZGF-DROP,GRC-DROP-024,Ethylene/Air Micro-Burner,Hydrocarbon Gas Flame,Ethylene/Air Micro-Burner,35.0,375.0,50.0,1.79,Radiative Extinction,,,1.0,0.9,1710.6,Drop Tower Microgravity (10^-5 g),23.8,0.19,2.82,76.8,2012-05-20,NASA Glenn Research Center Zero-Gravity Facility (2.2s & 5.18s),https://www.nasa.gov/glenn/zero-g,Freefall test at NASA GRC Zero-Gravity Facility. Microgravity duration: 1.79 s.
GRC-DROP-025,GRC Drop Tower,GRC-ZGF-DROP,GRC-DROP-025,Methanol Droplet,Liquid Alcohol Droplet,Methanol Droplet,17.5,759.8,101.3,3.18,Radiative Extinction,1.1,2.48,0.77,1.5,1326.2,Drop Tower Microgravity (10^-5 g),16.5,0.31,3.44,37.0,2013-06-11,NASA Glenn Research Center Zero-Gravity Facility (2.2s & 5.18s),https://www.nasa.gov/glenn/zero-g,Freefall test at NASA GRC Zero-Gravity Facility. Microgravity duration: 3.18 s.
GRC-DROP-026,GRC Drop Tower,GRC-ZGF-DROP,GRC-DROP-026,n-Octane Droplet,Liquid Alkane Droplet,n-Octane Droplet,17.5,525.0,70.0,2.86,Radiative Extinction,0.53,1.99,0.93,0.8,1480.0,Drop Tower Microgravity (10^-5 g),12.5,0.39,2.58,72.7,2010-08-26,NASA Glenn Research Center Zero-Gravity Facility (2.2s & 5.18s),https://www.nasa.gov/glenn/zero-g,Freefall test at NASA GRC Zero-Gravity Facility. Microgravity duration: 2.86 s.
GRC-DROP-027,GRC Drop Tower,GRC-ZGF-DROP,GRC-DROP-027,Ethylene/Air Micro-Burner,Hydrocarbon Gas Flame,Ethylene/Air Micro-Burner,19.0,375.0,50.0,1.28,Incomplete Burn (Time Limit),,,1.1,0.5,1814.3,Drop Tower Microgravity (10^-5 g),23.4,0.13,1.63,50.4,2019-04-14,NASA Glenn Research Center Zero-Gravity Facility (2.2s & 5.18s),https://www.nasa.gov/glenn/zero-g,Freefall test at NASA GRC Zero-Gravity Facility. Microgravity duration: 1.28 s.
GRC-DROP-028,GRC Drop Tower,GRC-ZGF-DROP,GRC-DROP-028,Methanol Droplet,Liquid Alcohol Droplet,Methanol Droplet,25.0,525.0,70.0,1.21,Diffusive Quenching,1.53,1.46,0.99,1.9,1273.4,Drop Tower Microgravity (10^-5 g),12.0,0.22,1.89,59.2,2017-05-01,NASA Glenn Research Center Zero-Gravity Facility (2.2s & 5.18s),https://www.nasa.gov/glenn/zero-g,Freefall test at NASA GRC Zero-Gravity Facility. Microgravity duration: 1.21 s.
GRC-DROP-029,GRC Drop Tower,GRC-ZGF-DROP,GRC-DROP-029,Ethylene/Air Micro-Burner,Hydrocarbon Gas Flame,Ethylene/Air Micro-Burner,19.0,1125.1,150.0,4.59,Radiative Extinction,,,0.44,1.1,1748.3,Drop Tower Microgravity (10^-5 g),21.8,0.18,1.1,29.9,2010-05-06,NASA Glenn Research Center Zero-Gravity Facility (2.2s & 5.18s),https://www.nasa.gov/glenn/zero-g,Freefall test at NASA GRC Zero-Gravity Facility. Microgravity duration: 4.59 s.
GRC-DROP-030,GRC Drop Tower,GRC-ZGF-DROP,GRC-DROP-030,Methane/Air Coflow Jet,Laminar Gas Jet,Methane/Air Coflow Jet,17.5,1125.1,150.0,4.98,Radiative Extinction,,,0.47,3.8,1712.0,Drop Tower Microgravity (10^-5 g),19.5,0.23,1.72,70.5,2012-05-04,NASA Glenn Research Center Zero-Gravity Facility (2.2s & 5.18s),https://www.nasa.gov/glenn/zero-g,Freefall test at NASA GRC Zero-Gravity Facility. Microgravity duration: 4.98 s.
GRC-DROP-031,GRC Drop Tower,GRC-ZGF-DROP,GRC-DROP-031,Methanol Droplet,Liquid Alcohol Droplet,Methanol Droplet,17.5,759.8,101.3,4.89,Radiative Extinction,0.52,1.94,0.91,3.8,1347.0,Drop Tower Microgravity (10^-5 g),13.8,0.27,1.14,35.7,2016-06-21,NASA Glenn Research Center Zero-Gravity Facility (2.2s & 5.18s),https://www.nasa.gov/glenn/zero-g,Freefall test at NASA GRC Zero-Gravity Facility. Microgravity duration: 4.89 s.
GRC-DROP-032,GRC Drop Tower,GRC-ZGF-DROP,GRC-DROP-032,n-Heptane Droplet,Liquid Alkane Droplet,n-Heptane Droplet,35.0,375.0,50.0,3.29,Diffusive Quenching,0.79,2.07,0.75,0.2,1443.2,Drop Tower Microgravity (10^-5 g),17.5,0.11,1.2,30.2,2011-05-28,NASA Glenn Research Center Zero-Gravity Facility (2.2s & 5.18s),https://www.nasa.gov/glenn/zero-g,Freefall test at NASA GRC Zero-Gravity Facility. Microgravity duration: 3.29 s.
GRC-DROP-033,GRC Drop Tower,GRC-ZGF-DROP,GRC-DROP-033,Methane/Air Coflow Jet,Laminar Gas Jet,Methane/Air Coflow Jet,21.0,375.0,50.0,3.71,Radiative Extinction,,,0.55,1.7,1709.5,Drop Tower Microgravity (10^-5 g),18.7,0.15,0.88,53.6,2015-06-09,NASA Glenn Research Center Zero-Gravity Facility (2.2s & 5.18s),https://www.nasa.gov/glenn/zero-g,Freefall test at NASA GRC Zero-Gravity Facility. Microgravity duration: 3.71 s.
GRC-DROP-034,GRC Drop Tower,GRC-ZGF-DROP,GRC-DROP-034,n-Octane Droplet,Liquid Alkane Droplet,n-Octane Droplet,21.0,759.8,101.3,3.18,Diffusive Quenching,1.89,1.28,0.97,3.7,1498.2,Drop Tower Microgravity (10^-5 g),16.9,0.11,3.09,34.9,2013-11-17,NASA Glenn Research Center Zero-Gravity Facility (2.2s & 5.18s),https://www.nasa.gov/glenn/zero-g,Freefall test at NASA GRC Zero-Gravity Facility. Microgravity duration: 3.18 s.
GRC-DROP-035,GRC Drop Tower,GRC-ZGF-DROP,GRC-DROP-035,Methane/Air Coflow Jet,Laminar Gas Jet,Methane/Air Coflow Jet,17.5,759.8,101.3,2.65,Radiative Extinction,,,1.11,4.0,1608.4,Drop Tower Microgravity (10^-5 g),15.8,0.19,0.94,47.8,2012-12-01,NASA Glenn Research Center Zero-Gravity Facility (2.2s & 5.18s),https://www.nasa.gov/glenn/zero-g,Freefall test at NASA GRC Zero-Gravity Facility. Microgravity duration: 2.65 s.
GRC-DROP-036,GRC Drop Tower,GRC-ZGF-DROP,GRC-DROP-036,Methanol Droplet,Liquid Alcohol Droplet,Methanol Droplet,15.0,1125.1,150.0,2.24,Radiative Extinction,0.58,1.68,1.01,0.1,1324.8,Drop Tower Microgravity (10^-5 g),20.9,0.17,2.11,67.8,2010-12-13,NASA Glenn Research Center Zero-Gravity Facility (2.2s & 5.18s),https://www.nasa.gov/glenn/zero-g,Freefall test at NASA GRC Zero-Gravity Facility. Microgravity duration: 2.24 s.
GRC-DROP-037,GRC Drop Tower,GRC-ZGF-DROP,GRC-DROP-037,n-Octane Droplet,Liquid Alkane Droplet,n-Octane Droplet,21.0,759.8,101.3,3.43,Diffusive Quenching,0.45,2.15,1.0,2.8,1410.3,Drop Tower Microgravity (10^-5 g),19.2,0.38,1.47,34.5,2015-11-15,NASA Glenn Research Center Zero-Gravity Facility (2.2s & 5.18s),https://www.nasa.gov/glenn/zero-g,Freefall test at NASA GRC Zero-Gravity Facility. Microgravity duration: 3.43 s.
GRC-DROP-038,GRC Drop Tower,GRC-ZGF-DROP,GRC-DROP-038,Methanol Droplet,Liquid Alcohol Droplet,Methanol Droplet,15.0,759.8,101.3,2.24,Radiative Extinction,0.74,1.43,0.58,1.4,1360.3,Drop Tower Microgravity (10^-5 g),17.4,0.27,1.92,61.3,2015-04-08,NASA Glenn Research Center Zero-Gravity Facility (2.2s & 5.18s),https://www.nasa.gov/glenn/zero-g,Freefall test at NASA GRC Zero-Gravity Facility. Microgravity duration: 2.24 s.
GRC-DROP-039,GRC Drop Tower,GRC-ZGF-DROP,GRC-DROP-039,Methanol Droplet,Liquid Alcohol Droplet,Methanol Droplet,19.0,525.0,70.0,4.55,Incomplete Burn (Time Limit),1.54,1.15,0.41,2.5,1324.4,Drop Tower Microgravity (10^-5 g),14.5,0.34,2.64,60.8,2016-05-22,NASA Glenn Research Center Zero-Gravity Facility (2.2s & 5.18s),https://www.nasa.gov/glenn/zero-g,Freefall test at NASA GRC Zero-Gravity Facility. Microgravity duration: 4.55 s.
GRC-DROP-040,GRC Drop Tower,GRC-ZGF-DROP,GRC-DROP-040,Ethylene/Air Micro-Burner,Hydrocarbon Gas Flame,Ethylene/Air Micro-Burner,17.5,375.0,50.0,3.51,Radiative Extinction,,,0.62,4.0,1828.2,Drop Tower Microgravity (10^-5 g),13.9,0.3,2.25,32.5,2016-08-06,NASA Glenn Research Center Zero-Gravity Facility (2.2s & 5.18s),https://www.nasa.gov/glenn/zero-g,Freefall test at NASA GRC Zero-Gravity Facility. Microgravity duration: 3.51 s.
GRC-DROP-041,GRC Drop Tower,GRC-ZGF-DROP,GRC-DROP-041,Ethylene/Air Micro-Burner,Hydrocarbon Gas Flame,Ethylene/Air Micro-Burner,17.5,1125.1,150.0,3.5,Radiative Extinction,,,0.87,0.6,1762.4,Drop Tower Microgravity (10^-5 g),23.2,0.18,2.37,47.0,2013-01-11,NASA Glenn Research Center Zero-Gravity Facility (2.2s & 5.18s),https://www.nasa.gov/glenn/zero-g,Freefall test at NASA GRC Zero-Gravity Facility. Microgravity duration: 3.5 s.
GRC-DROP-042,GRC Drop Tower,GRC-ZGF-DROP,GRC-DROP-042,Ethylene/Air Micro-Burner,Hydrocarbon Gas Flame,Ethylene/Air Micro-Burner,25.0,1125.1,150.0,2.47,Diffusive Quenching,,,0.46,2.8,1783.0,Drop Tower Microgravity (10^-5 g),24.2,0.35,2.53,22.7,2014-06-27,NASA Glenn Research Center Zero-Gravity Facility (2.2s & 5.18s),https://www.nasa.gov/glenn/zero-g,Freefall test at NASA GRC Zero-Gravity Facility. Microgravity duration: 2.47 s.
GRC-DROP-043,GRC Drop Tower,GRC-ZGF-DROP,GRC-DROP-043,Ethanol Droplet,Liquid Alcohol Droplet,Ethanol Droplet,30.0,375.0,50.0,4.43,Incomplete Burn (Time Limit),1.08,1.99,1.02,3.5,1340.1,Drop Tower Microgravity (10^-5 g),18.6,0.27,3.09,46.8,2012-01-01,NASA Glenn Research Center Zero-Gravity Facility (2.2s & 5.18s),https://www.nasa.gov/glenn/zero-g,Freefall test at NASA GRC Zero-Gravity Facility. Microgravity duration: 4.43 s.
GRC-DROP-044,GRC Drop Tower,GRC-ZGF-DROP,GRC-DROP-044,Methanol Droplet,Liquid Alcohol Droplet,Methanol Droplet,35.0,1125.1,150.0,3.82,Incomplete Burn (Time Limit),1.7,1.52,0.54,2.4,1297.1,Drop Tower Microgravity (10^-5 g),13.8,0.3,2.8,19.6,2016-03-23,NASA Glenn Research Center Zero-Gravity Facility (2.2s & 5.18s),https://www.nasa.gov/glenn/zero-g,Freefall test at NASA GRC Zero-Gravity Facility. Microgravity duration: 3.82 s.
GRC-DROP-045,GRC Drop Tower,GRC-ZGF-DROP,GRC-DROP-045,n-Octane Droplet,Liquid Alkane Droplet,n-Octane Droplet,15.0,759.8,101.3,4.14,Radiative Extinction,0.92,2.12,0.66,2.5,1587.6,Drop Tower Microgravity (10^-5 g),12.1,0.1,2.01,28.0,2014-12-04,NASA Glenn Research Center Zero-Gravity Facility (2.2s & 5.18s),https://www.nasa.gov/glenn/zero-g,Freefall test at NASA GRC Zero-Gravity Facility. Microgravity duration: 4.14 s.
GRC-DROP-046,GRC Drop Tower,GRC-ZGF-DROP,GRC-DROP-046,n-Octane Droplet,Liquid Alkane Droplet,n-Octane Droplet,25.0,375.0,50.0,1.52,Radiative Extinction,1.69,1.41,0.96,2.4,1501.3,Drop Tower Microgravity (10^-5 g),13.5,0.2,2.53,76.3,2019-01-21,NASA Glenn Research Center Zero-Gravity Facility (2.2s & 5.18s),https://www.nasa.gov/glenn/zero-g,Freefall test at NASA GRC Zero-Gravity Facility. Microgravity duration: 1.52 s.
GRC-DROP-047,GRC Drop Tower,GRC-ZGF-DROP,GRC-DROP-047,Methane/Air Coflow Jet,Laminar Gas Jet,Methane/Air Coflow Jet,19.0,525.0,70.0,4.93,Radiative Extinction,,,0.77,2.1,1537.0,Drop Tower Microgravity (10^-5 g),14.8,0.29,3.02,66.2,2018-09-02,NASA Glenn Research Center Zero-Gravity Facility (2.2s & 5.18s),https://www.nasa.gov/glenn/zero-g,Freefall test at NASA GRC Zero-Gravity Facility. Microgravity duration: 4.93 s.
GRC-DROP-048,GRC Drop Tower,GRC-ZGF-DROP,GRC-DROP-048,n-Octane Droplet,Liquid Alkane Droplet,n-Octane Droplet,21.0,1125.1,150.0,4.53,Incomplete Burn (Time Limit),1.78,1.78,1.06,0.7,1553.0,Drop Tower Microgravity (10^-5 g),19.6,0.13,1.39,44.1,2012-12-08,NASA Glenn Research Center Zero-Gravity Facility (2.2s & 5.18s),https://www.nasa.gov/glenn/zero-g,Freefall test at NASA GRC Zero-Gravity Facility. Microgravity duration: 4.53 s.
GRC-DROP-049,GRC Drop Tower,GRC-ZGF-DROP,GRC-DROP-049,Methane/Air Coflow Jet,Laminar Gas Jet,Methane/Air Coflow Jet,30.0,375.0,50.0,4.51,Radiative Extinction,,,0.86,1.9,1554.2,Drop Tower Microgravity (10^-5 g),14.0,0.29,3.4,69.9,2018-05-15,NASA Glenn Research Center Zero-Gravity Facility (2.2s & 5.18s),https://www.nasa.gov/glenn/zero-g,Freefall test at NASA GRC Zero-Gravity Facility. Microgravity duration: 4.51 s.
GRC-DROP-050,GRC Drop Tower,GRC-ZGF-DROP,GRC-DROP-050,n-Heptane Droplet,Liquid Alkane Droplet,n-Heptane Droplet,17.5,525.0,70.0,3.08,Radiative Extinction,1.2,1.82,0.84,3.0,1369.9,Drop Tower Microgravity (10^-5 g),14.8,0.3,2.07,20.5,2012-01-17,NASA Glenn Research Center Zero-Gravity Facility (2.2s & 5.18s),https://www.nasa.gov/glenn/zero-g,Freefall test at NASA GRC Zero-Gravity Facility. Microgravity duration: 3.08 s.
GRC-DROP-051,GRC Drop Tower,GRC-ZGF-DROP,GRC-DROP-051,Methane/Air Coflow Jet,Laminar Gas Jet,Methane/Air Coflow Jet,35.0,1125.1,150.0,2.32,Incomplete Burn (Time Limit),,,1.13,4.7,1655.2,Drop Tower Microgravity (10^-5 g),11.6,0.37,2.33,79.7,2016-06-14,NASA Glenn Research Center Zero-Gravity Facility (2.2s & 5.18s),https://www.nasa.gov/glenn/zero-g,Freefall test at NASA GRC Zero-Gravity Facility. Microgravity duration: 2.32 s.
GRC-DROP-052,GRC Drop Tower,GRC-ZGF-DROP,GRC-DROP-052,Ethanol Droplet,Liquid Alcohol Droplet,Ethanol Droplet,17.5,1125.1,150.0,2.41,Radiative Extinction,1.39,1.37,0.54,1.8,1456.5,Drop Tower Microgravity (10^-5 g),15.6,0.36,2.22,54.8,2019-11-12,NASA Glenn Research Center Zero-Gravity Facility (2.2s & 5.18s),https://www.nasa.gov/glenn/zero-g,Freefall test at NASA GRC Zero-Gravity Facility. Microgravity duration: 2.41 s.
GRC-DROP-053,GRC Drop Tower,GRC-ZGF-DROP,GRC-DROP-053,Ethylene/Air Micro-Burner,Hydrocarbon Gas Flame,Ethylene/Air Micro-Burner,15.0,375.0,50.0,4.46,Radiative Extinction,,,0.62,3.6,1735.2,Drop Tower Microgravity (10^-5 g),21.9,0.13,1.56,21.8,2015-02-11,NASA Glenn Research Center Zero-Gravity Facility (2.2s & 5.18s),https://www.nasa.gov/glenn/zero-g,Freefall test at NASA GRC Zero-Gravity Facility. Microgravity duration: 4.46 s.
GRC-DROP-054,GRC Drop Tower,GRC-ZGF-DROP,GRC-DROP-054,Ethylene/Air Micro-Burner,Hydrocarbon Gas Flame,Ethylene/Air Micro-Burner,25.0,375.0,50.0,3.09,Incomplete Burn (Time Limit),,,0.95,0.8,1656.2,Drop Tower Microgravity (10^-5 g),18.2,0.34,2.31,52.7,2014-10-08,NASA Glenn Research Center Zero-Gravity Facility (2.2s & 5.18s),https://www.nasa.gov/glenn/zero-g,Freefall test at NASA GRC Zero-Gravity Facility. Microgravity duration: 3.09 s.
GRC-DROP-055,GRC Drop Tower,GRC-ZGF-DROP,GRC-DROP-055,n-Heptane Droplet,Liquid Alkane Droplet,n-Heptane Droplet,35.0,525.0,70.0,2.69,Radiative Extinction,0.76,1.67,0.55,3.4,1385.1,Drop Tower Microgravity (10^-5 g),12.9,0.31,1.66,35.5,2018-07-18,NASA Glenn Research Center Zero-Gravity Facility (2.2s & 5.18s),https://www.nasa.gov/glenn/zero-g,Freefall test at NASA GRC Zero-Gravity Facility. Microgravity duration: 2.69 s.
GRC-DROP-056,GRC Drop Tower,GRC-ZGF-DROP,GRC-DROP-056,Methanol Droplet,Liquid Alcohol Droplet,Methanol Droplet,17.5,525.0,70.0,2.85,Radiative Extinction,1.39,1.7,0.45,3.4,1330.1,Drop Tower Microgravity (10^-5 g),20.2,0.2,1.29,54.7,2019-06-15,NASA Glenn Research Center Zero-Gravity Facility (2.2s & 5.18s),https://www.nasa.gov/glenn/zero-g,Freefall test at NASA GRC Zero-Gravity Facility. Microgravity duration: 2.85 s.
GRC-DROP-057,GRC Drop Tower,GRC-ZGF-DROP,GRC-DROP-057,Ethylene/Air Micro-Burner,Hydrocarbon Gas Flame,Ethylene/Air Micro-Burner,21.0,525.0,70.0,2.83,Radiative Extinction,,,1.13,4.1,1658.5,Drop Tower Microgravity (10^-5 g),18.6,0.1,2.4,10.4,2011-06-21,NASA Glenn Research Center Zero-Gravity Facility (2.2s & 5.18s),https://www.nasa.gov/glenn/zero-g,Freefall test at NASA GRC Zero-Gravity Facility. Microgravity duration: 2.83 s.
GRC-DROP-058,GRC Drop Tower,GRC-ZGF-DROP,GRC-DROP-058,n-Octane Droplet,Liquid Alkane Droplet,n-Octane Droplet,17.5,1125.1,150.0,4.5,Radiative Extinction,1.83,2.39,0.52,5.0,1485.1,Drop Tower Microgravity (10^-5 g),21.0,0.37,1.21,65.9,2012-04-21,NASA Glenn Research Center Zero-Gravity Facility (2.2s & 5.18s),https://www.nasa.gov/glenn/zero-g,Freefall test at NASA GRC Zero-Gravity Facility. Microgravity duration: 4.5 s.
GRC-DROP-059,GRC Drop Tower,GRC-ZGF-DROP,GRC-DROP-059,n-Octane Droplet,Liquid Alkane Droplet,n-Octane Droplet,35.0,525.0,70.0,4.74,Radiative Extinction,0.92,2.2,0.81,2.9,1604.6,Drop Tower Microgravity (10^-5 g),23.7,0.3,1.51,65.7,2011-12-18,NASA Glenn Research Center Zero-Gravity Facility (2.2s & 5.18s),https://www.nasa.gov/glenn/zero-g,Freefall test at NASA GRC Zero-Gravity Facility. Microgravity duration: 4.74 s.
GRC-DROP-060,GRC Drop Tower,GRC-ZGF-DROP,GRC-DROP-060,n-Heptane Droplet,Liquid Alkane Droplet,n-Heptane Droplet,19.0,1125.1,150.0,2.6,Radiative Extinction,1.35,1.76,1.04,0.8,1427.2,Drop Tower Microgravity (10^-5 g),22.8,0.2,3.22,49.7,2013-04-09,NASA Glenn Research Center Zero-Gravity Facility (2.2s & 5.18s),https://www.nasa.gov/glenn/zero-g,Freefall test at NASA GRC Zero-Gravity Facility. Microgravity duration: 2.6 s.
GRC-DROP-061,GRC Drop Tower,GRC-ZGF-DROP,GRC-DROP-061,Methane/Air Coflow Jet,Laminar Gas Jet,Methane/Air Coflow Jet,15.0,759.8,101.3,3.48,Radiative Extinction,,,0.7,4.8,1488.8,Drop Tower Microgravity (10^-5 g),16.4,0.21,2.69,42.4,2012-02-10,NASA Glenn Research Center Zero-Gravity Facility (2.2s & 5.18s),https://www.nasa.gov/glenn/zero-g,Freefall test at NASA GRC Zero-Gravity Facility. Microgravity duration: 3.48 s.
GRC-DROP-062,GRC Drop Tower,GRC-ZGF-DROP,GRC-DROP-062,Ethylene/Air Micro-Burner,Hydrocarbon Gas Flame,Ethylene/Air Micro-Burner,30.0,375.0,50.0,2.39,Diffusive Quenching,,,0.6,2.9,1526.7,Drop Tower Microgravity (10^-5 g),16.9,0.3,1.12,21.4,2010-10-10,NASA Glenn Research Center Zero-Gravity Facility (2.2s & 5.18s),https://www.nasa.gov/glenn/zero-g,Freefall test at NASA GRC Zero-Gravity Facility. Microgravity duration: 2.39 s.
GRC-DROP-063,GRC Drop Tower,GRC-ZGF-DROP,GRC-DROP-063,Methanol Droplet,Liquid Alcohol Droplet,Methanol Droplet,17.5,1125.1,150.0,4.83,Radiative Extinction,1.6,1.78,0.96,2.0,1341.9,Drop Tower Microgravity (10^-5 g),12.9,0.38,0.89,49.7,2010-12-07,NASA Glenn Research Center Zero-Gravity Facility (2.2s & 5.18s),https://www.nasa.gov/glenn/zero-g,Freefall test at NASA GRC Zero-Gravity Facility. Microgravity duration: 4.83 s.
GRC-DROP-064,GRC Drop Tower,GRC-ZGF-DROP,GRC-DROP-064,Methanol Droplet,Liquid Alcohol Droplet,Methanol Droplet,35.0,1125.1,150.0,2.86,Diffusive Quenching,1.58,1.77,0.96,2.2,1389.4,Drop Tower Microgravity (10^-5 g),21.2,0.28,1.11,41.1,2014-06-20,NASA Glenn Research Center Zero-Gravity Facility (2.2s & 5.18s),https://www.nasa.gov/glenn/zero-g,Freefall test at NASA GRC Zero-Gravity Facility. Microgravity duration: 2.86 s.
GRC-DROP-065,GRC Drop Tower,GRC-ZGF-DROP,GRC-DROP-065,n-Heptane Droplet,Liquid Alkane Droplet,n-Heptane Droplet,19.0,759.8,101.3,2.31,Radiative Extinction,1.33,1.69,0.41,1.5,1541.2,Drop Tower Microgravity (10^-5 g),23.1,0.14,3.17,81.6,2018-05-23,NASA Glenn Research Center Zero-Gravity Facility (2.2s & 5.18s),https://www.nasa.gov/glenn/zero-g,Freefall test at NASA GRC Zero-Gravity Facility. Microgravity duration: 2.31 s.
GRC-DROP-066,GRC Drop Tower,GRC-ZGF-DROP,GRC-DROP-066,Ethanol Droplet,Liquid Alcohol Droplet,Ethanol Droplet,17.5,375.0,50.0,4.68,Radiative Extinction,1.55,1.37,0.44,2.5,1391.8,Drop Tower Microgravity (10^-5 g),24.8,0.29,2.39,21.8,2013-08-27,NASA Glenn Research Center Zero-Gravity Facility (2.2s & 5.18s),https://www.nasa.gov/glenn/zero-g,Freefall test at NASA GRC Zero-Gravity Facility. Microgravity duration: 4.68 s.
GRC-DROP-067,GRC Drop Tower,GRC-ZGF-DROP,GRC-DROP-067,Ethanol Droplet,Liquid Alcohol Droplet,Ethanol Droplet,19.0,759.8,101.3,4.3,Radiative Extinction,0.91,2.41,0.91,4.7,1473.8,Drop Tower Microgravity (10^-5 g),17.4,0.17,0.97,66.6,2018-11-25,NASA Glenn Research Center Zero-Gravity Facility (2.2s & 5.18s),https://www.nasa.gov/glenn/zero-g,Freefall test at NASA GRC Zero-Gravity Facility. Microgravity duration: 4.3 s.
GRC-DROP-068,GRC Drop Tower,GRC-ZGF-DROP,GRC-DROP-068,Ethanol Droplet,Liquid Alcohol Droplet,Ethanol Droplet,35.0,525.0,70.0,3.59,Radiative Extinction,1.75,1.17,1.09,2.0,1391.3,Drop Tower Microgravity (10^-5 g),16.3,0.27,2.46,46.8,2016-03-04,NASA Glenn Research Center Zero-Gravity Facility (2.2s & 5.18s),https://www.nasa.gov/glenn/zero-g,Freefall test at NASA GRC Zero-Gravity Facility. Microgravity duration: 3.59 s.
GRC-DROP-069,GRC Drop Tower,GRC-ZGF-DROP,GRC-DROP-069,Ethanol Droplet,Liquid Alcohol Droplet,Ethanol Droplet,15.0,525.0,70.0,1.36,Radiative Extinction,0.63,2.11,1.08,0.8,1480.3,Drop Tower Microgravity (10^-5 g),20.9,0.19,2.75,14.1,2017-08-12,NASA Glenn Research Center Zero-Gravity Facility (2.2s & 5.18s),https://www.nasa.gov/glenn/zero-g,Freefall test at NASA GRC Zero-Gravity Facility. Microgravity duration: 1.36 s.
GRC-DROP-070,GRC Drop Tower,GRC-ZGF-DROP,GRC-DROP-070,n-Heptane Droplet,Liquid Alkane Droplet,n-Heptane Droplet,21.0,375.0,50.0,1.21,Diffusive Quenching,1.57,1.56,0.8,2.0,1518.4,Drop Tower Microgravity (10^-5 g),11.6,0.35,2.64,73.6,2010-08-04,NASA Glenn Research Center Zero-Gravity Facility (2.2s & 5.18s),https://www.nasa.gov/glenn/zero-g,Freefall test at NASA GRC Zero-Gravity Facility. Microgravity duration: 1.21 s.
GRC-DROP-071,GRC Drop Tower,GRC-ZGF-DROP,GRC-DROP-071,Ethylene/Air Micro-Burner,Hydrocarbon Gas Flame,Ethylene/Air Micro-Burner,15.0,525.0,70.0,4.0,Radiative Extinction,,,0.43,2.0,1751.2,Drop Tower Microgravity (10^-5 g),21.2,0.17,2.76,27.1,2015-03-16,NASA Glenn Research Center Zero-Gravity Facility (2.2s & 5.18s),https://www.nasa.gov/glenn/zero-g,Freefall test at NASA GRC Zero-Gravity Facility. Microgravity duration: 4.0 s.
GRC-DROP-072,GRC Drop Tower,GRC-ZGF-DROP,GRC-DROP-072,Ethylene/Air Micro-Burner,Hydrocarbon Gas Flame,Ethylene/Air Micro-Burner,21.0,525.0,70.0,4.66,Incomplete Burn (Time Limit),,,0.48,1.9,1770.6,Drop Tower Microgravity (10^-5 g),15.6,0.19,1.03,13.6,2010-01-24,NASA Glenn Research Center Zero-Gravity Facility (2.2s & 5.18s),https://www.nasa.gov/glenn/zero-g,Freefall test at NASA GRC Zero-Gravity Facility. Microgravity duration: 4.66 s.
GRC-DROP-073,GRC Drop Tower,GRC-ZGF-DROP,GRC-DROP-073,Ethylene/Air Micro-Burner,Hydrocarbon Gas Flame,Ethylene/Air Micro-Burner,35.0,1125.1,150.0,2.36,Radiative Extinction,,,1.0,0.8,1819.5,Drop Tower Microgravity (10^-5 g),11.5,0.16,3.28,70.1,2018-11-14,NASA Glenn Research Center Zero-Gravity Facility (2.2s & 5.18s),https://www.nasa.gov/glenn/zero-g,Freefall test at NASA GRC Zero-Gravity Facility. Microgravity duration: 2.36 s.
GRC-DROP-074,GRC Drop Tower,GRC-ZGF-DROP,GRC-DROP-074,n-Heptane Droplet,Liquid Alkane Droplet,n-Heptane Droplet,19.0,375.0,50.0,1.84,Incomplete Burn (Time Limit),0.52,1.42,1.06,3.3,1382.9,Drop Tower Microgravity (10^-5 g),19.4,0.28,2.44,78.2,2017-12-19,NASA Glenn Research Center Zero-Gravity Facility (2.2s & 5.18s),https://www.nasa.gov/glenn/zero-g,Freefall test at NASA GRC Zero-Gravity Facility. Microgravity duration: 1.84 s.
GRC-DROP-075,GRC Drop Tower,GRC-ZGF-DROP,GRC-DROP-075,n-Octane Droplet,Liquid Alkane Droplet,n-Octane Droplet,15.0,375.0,50.0,1.6,Radiative Extinction,0.84,2.48,0.91,2.4,1410.9,Drop Tower Microgravity (10^-5 g),17.0,0.34,2.63,38.7,2010-05-06,NASA Glenn Research Center Zero-Gravity Facility (2.2s & 5.18s),https://www.nasa.gov/glenn/zero-g,Freefall test at NASA GRC Zero-Gravity Facility. Microgravity duration: 1.6 s.
GRC-DROP-076,GRC Drop Tower,GRC-ZGF-DROP,GRC-DROP-076,n-Heptane Droplet,Liquid Alkane Droplet,n-Heptane Droplet,30.0,375.0,50.0,3.15,Diffusive Quenching,1.19,1.18,0.6,1.4,1553.7,Drop Tower Microgravity (10^-5 g),11.8,0.23,3.04,79.0,2017-07-04,NASA Glenn Research Center Zero-Gravity Facility (2.2s & 5.18s),https://www.nasa.gov/glenn/zero-g,Freefall test at NASA GRC Zero-Gravity Facility. Microgravity duration: 3.15 s.
GRC-DROP-077,GRC Drop Tower,GRC-ZGF-DROP,GRC-DROP-077,n-Octane Droplet,Liquid Alkane Droplet,n-Octane Droplet,35.0,759.8,101.3,4.52,Incomplete Burn (Time Limit),0.57,1.68,0.99,4.7,1473.6,Drop Tower Microgravity (10^-5 g),15.2,0.31,1.75,77.4,2010-08-17,NASA Glenn Research Center Zero-Gravity Facility (2.2s & 5.18s),https://www.nasa.gov/glenn/zero-g,Freefall test at NASA GRC Zero-Gravity Facility. Microgravity duration: 4.52 s.
GRC-DROP-078,GRC Drop Tower,GRC-ZGF-DROP,GRC-DROP-078,n-Octane Droplet,Liquid Alkane Droplet,n-Octane Droplet,19.0,525.0,70.0,1.81,Incomplete Burn (Time Limit),1.77,1.12,0.93,4.0,1520.7,Drop Tower Microgravity (10^-5 g),11.5,0.37,3.31,73.1,2019-12-23,NASA Glenn Research Center Zero-Gravity Facility (2.2s & 5.18s),https://www.nasa.gov/glenn/zero-g,Freefall test at NASA GRC Zero-Gravity Facility. Microgravity duration: 1.81 s.
GRC-DROP-079,GRC Drop Tower,GRC-ZGF-DROP,GRC-DROP-079,Methanol Droplet,Liquid Alcohol Droplet,Methanol Droplet,17.5,375.0,50.0,4.71,Radiative Extinction,1.07,1.51,0.93,4.9,1443.6,Drop Tower Microgravity (10^-5 g),14.8,0.17,1.84,20.0,2014-09-09,NASA Glenn Research Center Zero-Gravity Facility (2.2s & 5.18s),https://www.nasa.gov/glenn/zero-g,Freefall test at NASA GRC Zero-Gravity Facility. Microgravity duration: 4.71 s.
GRC-DROP-080,GRC Drop Tower,GRC-ZGF-DROP,GRC-DROP-080,Ethylene/Air Micro-Burner,Hydrocarbon Gas Flame,Ethylene/Air Micro-Burner,19.0,525.0,70.0,4.7,Radiative Extinction,,,0.92,3.5,1646.2,Drop Tower Microgravity (10^-5 g),23.0,0.21,3.0,77.2,2010-12-18,NASA Glenn Research Center Zero-Gravity Facility (2.2s & 5.18s),https://www.nasa.gov/glenn/zero-g,Freefall test at NASA GRC Zero-Gravity Facility. Microgravity duration: 4.7 s.
GRC-DROP-081,GRC Drop Tower,GRC-ZGF-DROP,GRC-DROP-081,Ethanol Droplet,Liquid Alcohol Droplet,Ethanol Droplet,30.0,525.0,70.0,3.5,Radiative Extinction,0.85,1.84,1.0,4.9,1299.6,Drop Tower Microgravity (10^-5 g),11.2,0.36,3.36,53.6,2011-04-26,NASA Glenn Research Center Zero-Gravity Facility (2.2s & 5.18s),https://www.nasa.gov/glenn/zero-g,Freefall test at NASA GRC Zero-Gravity Facility. Microgravity duration: 3.5 s.
GRC-DROP-082,GRC Drop Tower,GRC-ZGF-DROP,GRC-DROP-082,Methanol Droplet,Liquid Alcohol Droplet,Methanol Droplet,30.0,375.0,50.0,4.18,Radiative Extinction,0.66,2.27,0.98,2.0,1286.8,Drop Tower Microgravity (10^-5 g),16.0,0.27,3.23,26.6,2011-03-07,NASA Glenn Research Center Zero-Gravity Facility (2.2s & 5.18s),https://www.nasa.gov/glenn/zero-g,Freefall test at NASA GRC Zero-Gravity Facility. Microgravity duration: 4.18 s.
GRC-DROP-083,GRC Drop Tower,GRC-ZGF-DROP,GRC-DROP-083,Ethanol Droplet,Liquid Alcohol Droplet,Ethanol Droplet,17.5,375.0,50.0,1.26,Radiative Extinction,0.49,1.45,0.94,3.5,1346.5,Drop Tower Microgravity (10^-5 g),22.9,0.15,3.16,48.9,2014-12-17,NASA Glenn Research Center Zero-Gravity Facility (2.2s & 5.18s),https://www.nasa.gov/glenn/zero-g,Freefall test at NASA GRC Zero-Gravity Facility. Microgravity duration: 1.26 s.
GRC-DROP-084,GRC Drop Tower,GRC-ZGF-DROP,GRC-DROP-084,Ethanol Droplet,Liquid Alcohol Droplet,Ethanol Droplet,21.0,375.0,50.0,2.61,Incomplete Burn (Time Limit),1.01,1.64,0.9,1.2,1459.9,Drop Tower Microgravity (10^-5 g),12.2,0.27,2.32,35.3,2019-12-22,NASA Glenn Research Center Zero-Gravity Facility (2.2s & 5.18s),https://www.nasa.gov/glenn/zero-g,Freefall test at NASA GRC Zero-Gravity Facility. Microgravity duration: 2.61 s.
GRC-DROP-085,GRC Drop Tower,GRC-ZGF-DROP,GRC-DROP-085,Ethanol Droplet,Liquid Alcohol Droplet,Ethanol Droplet,15.0,375.0,50.0,4.04,Radiative Extinction,1.82,1.51,1.12,1.1,1436.8,Drop Tower Microgravity (10^-5 g),15.2,0.23,2.66,46.7,2014-03-22,NASA Glenn Research Center Zero-Gravity Facility (2.2s & 5.18s),https://www.nasa.gov/glenn/zero-g,Freefall test at NASA GRC Zero-Gravity Facility. Microgravity duration: 4.04 s.
GRC-DROP-086,GRC Drop Tower,GRC-ZGF-DROP,GRC-DROP-086,n-Octane Droplet,Liquid Alkane Droplet,n-Octane Droplet,30.0,1125.1,150.0,2.5,Radiative Extinction,0.68,1.93,0.41,4.3,1420.7,Drop Tower Microgravity (10^-5 g),19.0,0.16,1.65,19.1,2017-02-27,NASA Glenn Research Center Zero-Gravity Facility (2.2s & 5.18s),https://www.nasa.gov/glenn/zero-g,Freefall test at NASA GRC Zero-Gravity Facility. Microgravity duration: 2.5 s.
GRC-DROP-087,GRC Drop Tower,GRC-ZGF-DROP,GRC-DROP-087,n-Heptane Droplet,Liquid Alkane Droplet,n-Heptane Droplet,35.0,525.0,70.0,3.69,Radiative Extinction,1.67,1.44,0.79,1.8,1412.1,Drop Tower Microgravity (10^-5 g),15.3,0.3,2.71,12.7,2011-02-20,NASA Glenn Research Center Zero-Gravity Facility (2.2s & 5.18s),https://www.nasa.gov/glenn/zero-g,Freefall test at NASA GRC Zero-Gravity Facility. Microgravity duration: 3.69 s.
GRC-DROP-088,GRC Drop Tower,GRC-ZGF-DROP,GRC-DROP-088,Ethanol Droplet,Liquid Alcohol Droplet,Ethanol Droplet,17.5,375.0,50.0,2.53,Radiative Extinction,1.38,2.16,0.88,0.5,1315.4,Drop Tower Microgravity (10^-5 g),10.7,0.17,2.23,65.1,2014-07-26,NASA Glenn Research Center Zero-Gravity Facility (2.2s & 5.18s),https://www.nasa.gov/glenn/zero-g,Freefall test at NASA GRC Zero-Gravity Facility. Microgravity duration: 2.53 s.
GRC-DROP-089,GRC Drop Tower,GRC-ZGF-DROP,GRC-DROP-089,Ethylene/Air Micro-Burner,Hydrocarbon Gas Flame,Ethylene/Air Micro-Burner,35.0,525.0,70.0,2.04,Diffusive Quenching,,,0.65,1.9,1671.3,Drop Tower Microgravity (10^-5 g),15.9,0.32,1.77,52.2,2012-06-19,NASA Glenn Research Center Zero-Gravity Facility (2.2s & 5.18s),https://www.nasa.gov/glenn/zero-g,Freefall test at NASA GRC Zero-Gravity Facility. Microgravity duration: 2.04 s.
GRC-DROP-090,GRC Drop Tower,GRC-ZGF-DROP,GRC-DROP-090,Methane/Air Coflow Jet,Laminar Gas Jet,Methane/Air Coflow Jet,21.0,1125.1,150.0,3.85,Radiative Extinction,,,0.89,1.7,1630.6,Drop Tower Microgravity (10^-5 g),15.8,0.17,2.1,29.7,2018-02-23,NASA Glenn Research Center Zero-Gravity Facility (2.2s & 5.18s),https://www.nasa.gov/glenn/zero-g,Freefall test at NASA GRC Zero-Gravity Facility. Microgravity duration: 3.85 s.
GRC-DROP-091,GRC Drop Tower,GRC-ZGF-DROP,GRC-DROP-091,Methanol Droplet,Liquid Alcohol Droplet,Methanol Droplet,19.0,1125.1,150.0,1.58,Incomplete Burn (Time Limit),1.35,1.23,0.72,1.7,1396.4,Drop Tower Microgravity (10^-5 g),19.4,0.23,1.74,33.0,2016-05-18,NASA Glenn Research Center Zero-Gravity Facility (2.2s & 5.18s),https://www.nasa.gov/glenn/zero-g,Freefall test at NASA GRC Zero-Gravity Facility. Microgravity duration: 1.58 s.
GRC-DROP-092,GRC Drop Tower,GRC-ZGF-DROP,GRC-DROP-092,n-Octane Droplet,Liquid Alkane Droplet,n-Octane Droplet,30.0,1125.1,150.0,3.27,Diffusive Quenching,1.48,1.91,0.86,4.2,1604.0,Drop Tower Microgravity (10^-5 g),15.0,0.33,1.62,14.8,2019-10-28,NASA Glenn Research Center Zero-Gravity Facility (2.2s & 5.18s),https://www.nasa.gov/glenn/zero-g,Freefall test at NASA GRC Zero-Gravity Facility. Microgravity duration: 3.27 s.
GRC-DROP-093,GRC Drop Tower,GRC-ZGF-DROP,GRC-DROP-093,Ethylene/Air Micro-Burner,Hydrocarbon Gas Flame,Ethylene/Air Micro-Burner,19.0,525.0,70.0,4.99,Incomplete Burn (Time Limit),,,1.0,1.9,1699.9,Drop Tower Microgravity (10^-5 g),11.0,0.24,1.11,80.9,2017-10-23,NASA Glenn Research Center Zero-Gravity Facility (2.2s & 5.18s),https://www.nasa.gov/glenn/zero-g,Freefall test at NASA GRC Zero-Gravity Facility. Microgravity duration: 4.99 s.
GRC-DROP-094,GRC Drop Tower,GRC-ZGF-DROP,GRC-DROP-094,Methanol Droplet,Liquid Alcohol Droplet,Methanol Droplet,17.5,525.0,70.0,4.34,Radiative Extinction,1.75,1.16,0.62,3.0,1349.6,Drop Tower Microgravity (10^-5 g),22.7,0.22,2.34,38.7,2018-06-22,NASA Glenn Research Center Zero-Gravity Facility (2.2s & 5.18s),https://www.nasa.gov/glenn/zero-g,Freefall test at NASA GRC Zero-Gravity Facility. Microgravity duration: 4.34 s.
GRC-DROP-095,GRC Drop Tower,GRC-ZGF-DROP,GRC-DROP-095,Ethylene/Air Micro-Burner,Hydrocarbon Gas Flame,Ethylene/Air Micro-Burner,15.0,759.8,101.3,2.41,Radiative Extinction,,,0.84,2.3,1808.5,Drop Tower Microgravity (10^-5 g),24.0,0.17,3.26,42.7,2016-05-15,NASA Glenn Research Center Zero-Gravity Facility (2.2s & 5.18s),https://www.nasa.gov/glenn/zero-g,Freefall test at NASA GRC Zero-Gravity Facility. Microgravity duration: 2.41 s.
ACME-CFI-001,ACME-CFI,PSI-ACME-EXT,ACME-CFI-001,Ethylene/Air Coflow Laminar Flame,Coflow Laminar Gas Flame,Ethylene/Air Coflow Laminar Flame,25.0,759.8,101.3,116.5,Convective Blowoff,,4.0,0.56,34.0,1738.4,Microgravity (~0g),23.0,1.8,4.32,36.9,2023-04-10,NASA Combustion Integrated Rack (CIR) / ACME,https://psi.nasa.gov/investigation/ACME,ACME-CFI flight campaign aboard ISS CIR. Convective air co-flow: 34.0 cm/s.
ACME-EFIELD-002,ACME-EFIELD,PSI-ACME-EXT,ACME-EFIELD-002,Ionized Methane Diffusion Flame (+5kV),Electrostatic Flame Interaction,Ionized Methane Diffusion Flame (+5kV),18.5,759.8,101.3,52.8,Convective Blowoff,,7.1,0.55,26.5,1420.7,Microgravity (~0g),15.1,1.7,2.46,75.3,2022-03-09,NASA Combustion Integrated Rack (CIR) / ACME,https://psi.nasa.gov/investigation/ACME,ACME-EFIELD flight campaign aboard ISS CIR. Convective air co-flow: 26.5 cm/s.
ACME-BRE-003,ACME-BRE,PSI-ACME-EXT,ACME-BRE-003,Porous Flat Burner (Methane/Heptane Simulated),Burning Rate Emulator,Porous Flat Burner (Methane/Heptane Simulated),18.5,759.8,101.3,17.7,Steady Diffusion Flame,,33.8,0.24,22.6,1490.9,Microgravity (~0g),34.0,1.0,3.39,73.7,2022-08-06,NASA Combustion Integrated Rack (CIR) / ACME,https://psi.nasa.gov/investigation/ACME,ACME-BRE flight campaign aboard ISS CIR. Convective air co-flow: 22.6 cm/s.
ACME-EFIELD-004,ACME-EFIELD,PSI-ACME-EXT,ACME-EFIELD-004,Ionized Methane Diffusion Flame (+5kV),Electrostatic Flame Interaction,Ionized Methane Diffusion Flame (+5kV),21.0,759.8,101.3,138.0,Steady Diffusion Flame,,2.8,0.71,8.0,1605.3,Microgravity (~0g),30.3,0.6,3.42,87.5,2021-07-06,NASA Combustion Integrated Rack (CIR) / ACME,https://psi.nasa.gov/investigation/ACME,ACME-EFIELD flight campaign aboard ISS CIR. Convective air co-flow: 8.0 cm/s.
ACME-CFI-005,ACME-CFI,PSI-ACME-EXT,ACME-CFI-005,Ethylene/Air Coflow Laminar Flame,Coflow Laminar Gas Flame,Ethylene/Air Coflow Laminar Flame,16.0,759.8,101.3,118.4,Convective Blowoff,,38.3,0.81,27.4,1612.8,Microgravity (~0g),37.5,1.4,4.6,115.6,2023-04-19,NASA Combustion Integrated Rack (CIR) / ACME,https://psi.nasa.gov/investigation/ACME,ACME-CFI flight campaign aboard ISS CIR. Convective air co-flow: 27.4 cm/s.
ACME-CLD-006,ACME-CLD,PSI-ACME-EXT,ACME-CLD-006,Clear Diluted Laminar Jet Flame,Soot-Free Diffusion Jet,Clear Diluted Laminar Jet Flame,18.5,759.8,101.3,70.7,Convective Blowoff,,44.6,0.55,32.2,1487.7,Microgravity (~0g),31.8,1.1,1.3,35.4,2020-08-06,NASA Combustion Integrated Rack (CIR) / ACME,https://psi.nasa.gov/investigation/ACME,ACME-CLD flight campaign aboard ISS CIR. Convective air co-flow: 32.2 cm/s.
ACME-CLD-007,ACME-CLD,PSI-ACME-EXT,ACME-CLD-007,Clear Diluted Laminar Jet Flame,Soot-Free Diffusion Jet,Clear Diluted Laminar Jet Flame,21.0,759.8,101.3,101.0,Convective Blowoff,,9.6,0.26,26.1,1461.3,Microgravity (~0g),20.7,1.3,3.51,59.0,2022-04-09,NASA Combustion Integrated Rack (CIR) / ACME,https://psi.nasa.gov/investigation/ACME,ACME-CLD flight campaign aboard ISS CIR. Convective air co-flow: 26.1 cm/s.
ACME-BRE-008,ACME-BRE,PSI-ACME-EXT,ACME-BRE-008,Porous Flat Burner (Methane/Heptane Simulated),Burning Rate Emulator,Porous Flat Burner (Methane/Heptane Simulated),25.0,759.8,101.3,74.7,Soot-Induced Radiative Extinction,,29.4,0.8,3.9,1644.8,Microgravity (~0g),22.0,1.4,3.14,76.9,2021-05-09,NASA Combustion Integrated Rack (CIR) / ACME,https://psi.nasa.gov/investigation/ACME,ACME-BRE flight campaign aboard ISS CIR. Convective air co-flow: 3.9 cm/s.
ACME-BRE-009,ACME-BRE,PSI-ACME-EXT,ACME-BRE-009,Porous Flat Burner (Methane/Heptane Simulated),Burning Rate Emulator,Porous Flat Burner (Methane/Heptane Simulated),16.0,759.8,101.3,42.9,Steady Diffusion Flame,,40.1,0.28,5.9,1511.3,Microgravity (~0g),22.8,1.1,3.51,54.4,2022-02-10,NASA Combustion Integrated Rack (CIR) / ACME,https://psi.nasa.gov/investigation/ACME,ACME-BRE flight campaign aboard ISS CIR. Convective air co-flow: 5.9 cm/s.
ACME-EFIELD-010,ACME-EFIELD,PSI-ACME-EXT,ACME-EFIELD-010,Ionized Methane Diffusion Flame (+5kV),Electrostatic Flame Interaction,Ionized Methane Diffusion Flame (+5kV),25.0,759.8,101.3,54.4,Electric-Field Quenched,,26.8,0.22,22.8,1500.0,Microgravity (~0g),34.9,1.0,1.93,46.1,2021-04-27,NASA Combustion Integrated Rack (CIR) / ACME,https://psi.nasa.gov/investigation/ACME,ACME-EFIELD flight campaign aboard ISS CIR. Convective air co-flow: 22.8 cm/s.
ACME-CLD-011,ACME-CLD,PSI-ACME-EXT,ACME-CLD-011,Clear Diluted Laminar Jet Flame,Soot-Free Diffusion Jet,Clear Diluted Laminar Jet Flame,16.0,759.8,101.3,112.7,Steady Diffusion Flame,,34.5,0.8,11.7,1565.1,Microgravity (~0g),31.7,1.2,1.63,110.1,2023-11-25,NASA Combustion Integrated Rack (CIR) / ACME,https://psi.nasa.gov/investigation/ACME,ACME-CLD flight campaign aboard ISS CIR. Convective air co-flow: 11.7 cm/s.
ACME-CFI-012,ACME-CFI,PSI-ACME-EXT,ACME-CFI-012,Ethylene/Air Coflow Laminar Flame,Coflow Laminar Gas Flame,Ethylene/Air Coflow Laminar Flame,18.5,759.8,101.3,82.6,Electric-Field Quenched,,22.1,0.77,14.9,1716.5,Microgravity (~0g),15.6,1.2,2.33,50.9,2022-05-04,NASA Combustion Integrated Rack (CIR) / ACME,https://psi.nasa.gov/investigation/ACME,ACME-CFI flight campaign aboard ISS CIR. Convective air co-flow: 14.9 cm/s.
ACME-CFI-013,ACME-CFI,PSI-ACME-EXT,ACME-CFI-013,Ethylene/Air Coflow Laminar Flame,Coflow Laminar Gas Flame,Ethylene/Air Coflow Laminar Flame,16.0,759.8,101.3,91.1,Soot-Induced Radiative Extinction,,17.1,0.39,23.8,1606.2,Microgravity (~0g),34.2,0.9,2.33,52.1,2023-12-18,NASA Combustion Integrated Rack (CIR) / ACME,https://psi.nasa.gov/investigation/ACME,ACME-CFI flight campaign aboard ISS CIR. Convective air co-flow: 23.8 cm/s.
ACME-CFI-014,ACME-CFI,PSI-ACME-EXT,ACME-CFI-014,Ethylene/Air Coflow Laminar Flame,Coflow Laminar Gas Flame,Ethylene/Air Coflow Laminar Flame,21.0,759.8,101.3,31.4,Steady Diffusion Flame,,21.6,0.74,13.6,1506.6,Microgravity (~0g),26.1,0.9,1.96,98.3,2023-06-02,NASA Combustion Integrated Rack (CIR) / ACME,https://psi.nasa.gov/investigation/ACME,ACME-CFI flight campaign aboard ISS CIR. Convective air co-flow: 13.6 cm/s.
ACME-CLD-015,ACME-CLD,PSI-ACME-EXT,ACME-CLD-015,Clear Diluted Laminar Jet Flame,Soot-Free Diffusion Jet,Clear Diluted Laminar Jet Flame,25.0,759.8,101.3,59.1,Convective Blowoff,,48.5,0.19,29.4,1531.0,Microgravity (~0g),32.8,1.5,3.2,55.9,2021-10-19,NASA Combustion Integrated Rack (CIR) / ACME,https://psi.nasa.gov/investigation/ACME,ACME-CLD flight campaign aboard ISS CIR. Convective air co-flow: 29.4 cm/s.
ACME-CLD-016,ACME-CLD,PSI-ACME-EXT,ACME-CLD-016,Clear Diluted Laminar Jet Flame,Soot-Free Diffusion Jet,Clear Diluted Laminar Jet Flame,21.0,759.8,101.3,72.8,Electric-Field Quenched,,46.5,0.51,22.8,1461.9,Microgravity (~0g),22.1,1.1,3.93,30.8,2023-04-23,NASA Combustion Integrated Rack (CIR) / ACME,https://psi.nasa.gov/investigation/ACME,ACME-CLD flight campaign aboard ISS CIR. Convective air co-flow: 22.8 cm/s.
ACME-CLD-017,ACME-CLD,PSI-ACME-EXT,ACME-CLD-017,Clear Diluted Laminar Jet Flame,Soot-Free Diffusion Jet,Clear Diluted Laminar Jet Flame,30.0,759.8,101.3,108.8,Convective Blowoff,,47.0,0.62,33.4,1400.7,Microgravity (~0g),31.1,1.4,2.4,110.6,2022-05-12,NASA Combustion Integrated Rack (CIR) / ACME,https://psi.nasa.gov/investigation/ACME,ACME-CLD flight campaign aboard ISS CIR. Convective air co-flow: 33.4 cm/s.
ACME-BRE-018,ACME-BRE,PSI-ACME-EXT,ACME-BRE-018,Porous Flat Burner (Methane/Heptane Simulated),Burning Rate Emulator,Porous Flat Burner (Methane/Heptane Simulated),18.5,759.8,101.3,102.9,Soot-Induced Radiative Extinction,,25.9,0.32,20.8,1651.7,Microgravity (~0g),32.0,1.1,1.61,71.8,2021-10-21,NASA Combustion Integrated Rack (CIR) / ACME,https://psi.nasa.gov/investigation/ACME,ACME-BRE flight campaign aboard ISS CIR. Convective air co-flow: 20.8 cm/s.
ACME-BRE-019,ACME-BRE,PSI-ACME-EXT,ACME-BRE-019,Porous Flat Burner (Methane/Heptane Simulated),Burning Rate Emulator,Porous Flat Burner (Methane/Heptane Simulated),25.0,759.8,101.3,80.1,Soot-Induced Radiative Extinction,,40.2,0.35,13.2,1668.2,Microgravity (~0g),38.2,1.0,4.46,73.6,2020-08-17,NASA Combustion Integrated Rack (CIR) / ACME,https://psi.nasa.gov/investigation/ACME,ACME-BRE flight campaign aboard ISS CIR. Convective air co-flow: 13.2 cm/s.
ACME-CLD-020,ACME-CLD,PSI-ACME-EXT,ACME-CLD-020,Clear Diluted Laminar Jet Flame,Soot-Free Diffusion Jet,Clear Diluted Laminar Jet Flame,25.0,759.8,101.3,55.4,Electric-Field Quenched,,42.0,0.32,15.4,1393.6,Microgravity (~0g),20.6,1.2,3.44,100.8,2020-06-20,NASA Combustion Integrated Rack (CIR) / ACME,https://psi.nasa.gov/investigation/ACME,ACME-CLD flight campaign aboard ISS CIR. Convective air co-flow: 15.4 cm/s.
ACME-EFIELD-021,ACME-EFIELD,PSI-ACME-EXT,ACME-EFIELD-021,Ionized Methane Diffusion Flame (+5kV),Electrostatic Flame Interaction,Ionized Methane Diffusion Flame (+5kV),30.0,759.8,101.3,43.8,Electric-Field Quenched,,2.3,0.59,23.7,1715.0,Microgravity (~0g),16.6,0.7,4.44,101.1,2020-01-27,NASA Combustion Integrated Rack (CIR) / ACME,https://psi.nasa.gov/investigation/ACME,ACME-EFIELD flight campaign aboard ISS CIR. Convective air co-flow: 23.7 cm/s.
ACME-EFIELD-022,ACME-EFIELD,PSI-ACME-EXT,ACME-EFIELD-022,Ionized Methane Diffusion Flame (+5kV),Electrostatic Flame Interaction,Ionized Methane Diffusion Flame (+5kV),25.0,759.8,101.3,128.3,Electric-Field Quenched,,30.6,0.39,8.1,1595.1,Microgravity (~0g),24.3,0.5,2.22,34.4,2020-11-23,NASA Combustion Integrated Rack (CIR) / ACME,https://psi.nasa.gov/investigation/ACME,ACME-EFIELD flight campaign aboard ISS CIR. Convective air co-flow: 8.1 cm/s.
ACME-BRE-023,ACME-BRE,PSI-ACME-EXT,ACME-BRE-023,Porous Flat Burner (Methane/Heptane Simulated),Burning Rate Emulator,Porous Flat Burner (Methane/Heptane Simulated),21.0,759.8,101.3,71.5,Convective Blowoff,,8.7,0.44,32.8,1506.6,Microgravity (~0g),26.2,1.7,3.8,77.9,2020-11-02,NASA Combustion Integrated Rack (CIR) / ACME,https://psi.nasa.gov/investigation/ACME,ACME-BRE flight campaign aboard ISS CIR. Convective air co-flow: 32.8 cm/s.
ACME-CFI-024,ACME-CFI,PSI-ACME-EXT,ACME-CFI-024,Ethylene/Air Coflow Laminar Flame,Coflow Laminar Gas Flame,Ethylene/Air Coflow Laminar Flame,21.0,759.8,101.3,25.2,Electric-Field Quenched,,12.6,0.84,3.5,1692.9,Microgravity (~0g),15.7,0.7,2.02,53.0,2022-10-12,NASA Combustion Integrated Rack (CIR) / ACME,https://psi.nasa.gov/investigation/ACME,ACME-CFI flight campaign aboard ISS CIR. Convective air co-flow: 3.5 cm/s.
ACME-EFIELD-025,ACME-EFIELD,PSI-ACME-EXT,ACME-EFIELD-025,Ionized Methane Diffusion Flame (+5kV),Electrostatic Flame Interaction,Ionized Methane Diffusion Flame (+5kV),25.0,759.8,101.3,33.5,Convective Blowoff,,15.4,0.44,32.2,1541.4,Microgravity (~0g),30.4,1.5,2.25,89.2,2021-08-02,NASA Combustion Integrated Rack (CIR) / ACME,https://psi.nasa.gov/investigation/ACME,ACME-EFIELD flight campaign aboard ISS CIR. Convective air co-flow: 32.2 cm/s.
ACME-CFI-026,ACME-CFI,PSI-ACME-EXT,ACME-CFI-026,Ethylene/Air Coflow Laminar Flame,Coflow Laminar Gas Flame,Ethylene/Air Coflow Laminar Flame,16.0,759.8,101.3,113.8,Steady Diffusion Flame,,34.7,0.43,19.7,1619.2,Microgravity (~0g),15.1,1.0,4.26,85.6,2023-06-20,NASA Combustion Integrated Rack (CIR) / ACME,https://psi.nasa.gov/investigation/ACME,ACME-CFI flight campaign aboard ISS CIR. Convective air co-flow: 19.7 cm/s.
ACME-EFIELD-027,ACME-EFIELD,PSI-ACME-EXT,ACME-EFIELD-027,Ionized Methane Diffusion Flame (+5kV),Electrostatic Flame Interaction,Ionized Methane Diffusion Flame (+5kV),21.0,759.8,101.3,87.6,Steady Diffusion Flame,,8.1,0.61,22.3,1443.5,Microgravity (~0g),24.0,1.3,4.61,27.9,2022-03-09,NASA Combustion Integrated Rack (CIR) / ACME,https://psi.nasa.gov/investigation/ACME,ACME-EFIELD flight campaign aboard ISS CIR. Convective air co-flow: 22.3 cm/s.
ACME-EFIELD-028,ACME-EFIELD,PSI-ACME-EXT,ACME-EFIELD-028,Ionized Methane Diffusion Flame (+5kV),Electrostatic Flame Interaction,Ionized Methane Diffusion Flame (+5kV),30.0,759.8,101.3,110.0,Electric-Field Quenched,,45.9,0.33,10.4,1425.0,Microgravity (~0g),18.4,1.4,1.24,118.1,2020-11-13,NASA Combustion Integrated Rack (CIR) / ACME,https://psi.nasa.gov/investigation/ACME,ACME-EFIELD flight campaign aboard ISS CIR. Convective air co-flow: 10.4 cm/s.
ACME-CLD-029,ACME-CLD,PSI-ACME-EXT,ACME-CLD-029,Clear Diluted Laminar Jet Flame,Soot-Free Diffusion Jet,Clear Diluted Laminar Jet Flame,16.0,759.8,101.3,55.3,Soot-Induced Radiative Extinction,,5.5,0.39,7.3,1373.3,Microgravity (~0g),31.7,1.6,1.78,17.4,2020-09-26,NASA Combustion Integrated Rack (CIR) / ACME,https://psi.nasa.gov/investigation/ACME,ACME-CLD flight campaign aboard ISS CIR. Convective air co-flow: 7.3 cm/s.
ACME-BRE-030,ACME-BRE,PSI-ACME-EXT,ACME-BRE-030,Porous Flat Burner (Methane/Heptane Simulated),Burning Rate Emulator,Porous Flat Burner (Methane/Heptane Simulated),18.5,759.8,101.3,130.2,Soot-Induced Radiative Extinction,,4.6,0.83,11.9,1625.5,Microgravity (~0g),19.0,1.3,1.51,27.3,2021-07-03,NASA Combustion Integrated Rack (CIR) / ACME,https://psi.nasa.gov/investigation/ACME,ACME-BRE flight campaign aboard ISS CIR. Convective air co-flow: 11.9 cm/s.
ACME-CLD-031,ACME-CLD,PSI-ACME-EXT,ACME-CLD-031,Clear Diluted Laminar Jet Flame,Soot-Free Diffusion Jet,Clear Diluted Laminar Jet Flame,30.0,759.8,101.3,16.0,Steady Diffusion Flame,,8.8,0.42,5.3,1424.3,Microgravity (~0g),30.4,1.1,4.51,97.8,2023-10-27,NASA Combustion Integrated Rack (CIR) / ACME,https://psi.nasa.gov/investigation/ACME,ACME-CLD flight campaign aboard ISS CIR. Convective air co-flow: 5.3 cm/s.
ACME-EFIELD-032,ACME-EFIELD,PSI-ACME-EXT,ACME-EFIELD-032,Ionized Methane Diffusion Flame (+5kV),Electrostatic Flame Interaction,Ionized Methane Diffusion Flame (+5kV),16.0,759.8,101.3,38.5,Steady Diffusion Flame,,25.8,0.29,6.4,1486.7,Microgravity (~0g),31.2,1.9,1.87,44.6,2023-04-06,NASA Combustion Integrated Rack (CIR) / ACME,https://psi.nasa.gov/investigation/ACME,ACME-EFIELD flight campaign aboard ISS CIR. Convective air co-flow: 6.4 cm/s.
ACME-CLD-033,ACME-CLD,PSI-ACME-EXT,ACME-CLD-033,Clear Diluted Laminar Jet Flame,Soot-Free Diffusion Jet,Clear Diluted Laminar Jet Flame,21.0,759.8,101.3,83.1,Convective Blowoff,,27.6,0.53,25.7,1533.3,Microgravity (~0g),22.7,1.0,1.98,94.3,2020-03-05,NASA Combustion Integrated Rack (CIR) / ACME,https://psi.nasa.gov/investigation/ACME,ACME-CLD flight campaign aboard ISS CIR. Convective air co-flow: 25.7 cm/s.
ACME-CLD-034,ACME-CLD,PSI-ACME-EXT,ACME-CLD-034,Clear Diluted Laminar Jet Flame,Soot-Free Diffusion Jet,Clear Diluted Laminar Jet Flame,30.0,759.8,101.3,114.5,Steady Diffusion Flame,,39.9,0.44,21.5,1365.1,Microgravity (~0g),16.5,1.5,3.44,80.2,2020-09-12,NASA Combustion Integrated Rack (CIR) / ACME,https://psi.nasa.gov/investigation/ACME,ACME-CLD flight campaign aboard ISS CIR. Convective air co-flow: 21.5 cm/s.
ACME-CLD-035,ACME-CLD,PSI-ACME-EXT,ACME-CLD-035,Clear Diluted Laminar Jet Flame,Soot-Free Diffusion Jet,Clear Diluted Laminar Jet Flame,18.5,759.8,101.3,17.0,Convective Blowoff,,16.7,0.27,30.1,1572.5,Microgravity (~0g),32.8,1.6,2.36,112.4,2020-09-04,NASA Combustion Integrated Rack (CIR) / ACME,https://psi.nasa.gov/investigation/ACME,ACME-CLD flight campaign aboard ISS CIR. Convective air co-flow: 30.1 cm/s.
ACME-CFI-036,ACME-CFI,PSI-ACME-EXT,ACME-CFI-036,Ethylene/Air Coflow Laminar Flame,Coflow Laminar Gas Flame,Ethylene/Air Coflow Laminar Flame,18.5,759.8,101.3,108.6,Soot-Induced Radiative Extinction,,40.0,0.44,22.3,1620.9,Microgravity (~0g),39.0,1.9,2.84,17.2,2022-02-02,NASA Combustion Integrated Rack (CIR) / ACME,https://psi.nasa.gov/investigation/ACME,ACME-CFI flight campaign aboard ISS CIR. Convective air co-flow: 22.3 cm/s.
ACME-CLD-037,ACME-CLD,PSI-ACME-EXT,ACME-CLD-037,Clear Diluted Laminar Jet Flame,Soot-Free Diffusion Jet,Clear Diluted Laminar Jet Flame,18.5,759.8,101.3,16.5,Convective Blowoff,,38.1,0.44,26.5,1320.9,Microgravity (~0g),36.9,1.1,3.9,35.5,2020-10-19,NASA Combustion Integrated Rack (CIR) / ACME,https://psi.nasa.gov/investigation/ACME,ACME-CLD flight campaign aboard ISS CIR. Convective air co-flow: 26.5 cm/s.
ACME-CLD-038,ACME-CLD,PSI-ACME-EXT,ACME-CLD-038,Clear Diluted Laminar Jet Flame,Soot-Free Diffusion Jet,Clear Diluted Laminar Jet Flame,21.0,759.8,101.3,53.2,Electric-Field Quenched,,32.1,0.39,4.2,1332.5,Microgravity (~0g),21.7,0.7,3.82,19.8,2020-08-21,NASA Combustion Integrated Rack (CIR) / ACME,https://psi.nasa.gov/investigation/ACME,ACME-CLD flight campaign aboard ISS CIR. Convective air co-flow: 4.2 cm/s.
ACME-CLD-039,ACME-CLD,PSI-ACME-EXT,ACME-CLD-039,Clear Diluted Laminar Jet Flame,Soot-Free Diffusion Jet,Clear Diluted Laminar Jet Flame,30.0,759.8,101.3,28.0,Convective Blowoff,,7.4,0.84,31.1,1519.1,Microgravity (~0g),25.3,1.7,4.54,42.0,2022-05-11,NASA Combustion Integrated Rack (CIR) / ACME,https://psi.nasa.gov/investigation/ACME,ACME-CLD flight campaign aboard ISS CIR. Convective air co-flow: 31.1 cm/s.
ACME-CFI-040,ACME-CFI,PSI-ACME-EXT,ACME-CFI-040,Ethylene/Air Coflow Laminar Flame,Coflow Laminar Gas Flame,Ethylene/Air Coflow Laminar Flame,21.0,759.8,101.3,29.4,Electric-Field Quenched,,11.9,0.53,19.5,1498.4,Microgravity (~0g),17.0,1.0,2.23,54.9,2020-04-19,NASA Combustion Integrated Rack (CIR) / ACME,https://psi.nasa.gov/investigation/ACME,ACME-CFI flight campaign aboard ISS CIR. Convective air co-flow: 19.5 cm/s.
ACME-BRE-041,ACME-BRE,PSI-ACME-EXT,ACME-BRE-041,Porous Flat Burner (Methane/Heptane Simulated),Burning Rate Emulator,Porous Flat Burner (Methane/Heptane Simulated),16.0,759.8,101.3,126.8,Convective Blowoff,,22.7,0.59,27.5,1623.8,Microgravity (~0g),37.3,1.3,3.6,39.6,2021-07-14,NASA Combustion Integrated Rack (CIR) / ACME,https://psi.nasa.gov/investigation/ACME,ACME-BRE flight campaign aboard ISS CIR. Convective air co-flow: 27.5 cm/s.
ACME-BRE-042,ACME-BRE,PSI-ACME-EXT,ACME-BRE-042,Porous Flat Burner (Methane/Heptane Simulated),Burning Rate Emulator,Porous Flat Burner (Methane/Heptane Simulated),21.0,759.8,101.3,110.1,Electric-Field Quenched,,11.4,0.42,4.6,1440.6,Microgravity (~0g),38.4,0.9,4.04,47.1,2022-02-13,NASA Combustion Integrated Rack (CIR) / ACME,https://psi.nasa.gov/investigation/ACME,ACME-BRE flight campaign aboard ISS CIR. Convective air co-flow: 4.6 cm/s.
ACME-CLD-043,ACME-CLD,PSI-ACME-EXT,ACME-CLD-043,Clear Diluted Laminar Jet Flame,Soot-Free Diffusion Jet,Clear Diluted Laminar Jet Flame,18.5,759.8,101.3,134.9,Soot-Induced Radiative Extinction,,39.3,0.74,24.0,1465.5,Microgravity (~0g),36.7,1.2,1.44,74.1,2023-01-05,NASA Combustion Integrated Rack (CIR) / ACME,https://psi.nasa.gov/investigation/ACME,ACME-CLD flight campaign aboard ISS CIR. Convective air co-flow: 24.0 cm/s.
ACME-EFIELD-044,ACME-EFIELD,PSI-ACME-EXT,ACME-EFIELD-044,Ionized Methane Diffusion Flame (+5kV),Electrostatic Flame Interaction,Ionized Methane Diffusion Flame (+5kV),18.5,759.8,101.3,78.5,Convective Blowoff,,12.3,0.54,34.0,1654.2,Microgravity (~0g),17.0,1.9,1.33,54.9,2021-06-16,NASA Combustion Integrated Rack (CIR) / ACME,https://psi.nasa.gov/investigation/ACME,ACME-EFIELD flight campaign aboard ISS CIR. Convective air co-flow: 34.0 cm/s.
ACME-EFIELD-045,ACME-EFIELD,PSI-ACME-EXT,ACME-EFIELD-045,Ionized Methane Diffusion Flame (+5kV),Electrostatic Flame Interaction,Ionized Methane Diffusion Flame (+5kV),25.0,759.8,101.3,116.6,Convective Blowoff,,24.4,0.22,28.7,1595.7,Microgravity (~0g),32.0,1.4,2.53,43.0,2022-11-18,NASA Combustion Integrated Rack (CIR) / ACME,https://psi.nasa.gov/investigation/ACME,ACME-EFIELD flight campaign aboard ISS CIR. Convective air co-flow: 28.7 cm/s.
ACME-CLD-046,ACME-CLD,PSI-ACME-EXT,ACME-CLD-046,Clear Diluted Laminar Jet Flame,Soot-Free Diffusion Jet,Clear Diluted Laminar Jet Flame,30.0,759.8,101.3,35.6,Soot-Induced Radiative Extinction,,9.8,0.77,23.3,1351.1,Microgravity (~0g),29.6,1.4,2.86,42.5,2022-02-16,NASA Combustion Integrated Rack (CIR) / ACME,https://psi.nasa.gov/investigation/ACME,ACME-CLD flight campaign aboard ISS CIR. Convective air co-flow: 23.3 cm/s.
ACME-CFI-047,ACME-CFI,PSI-ACME-EXT,ACME-CFI-047,Ethylene/Air Coflow Laminar Flame,Coflow Laminar Gas Flame,Ethylene/Air Coflow Laminar Flame,18.5,759.8,101.3,33.1,Soot-Induced Radiative Extinction,,41.1,0.81,16.8,1703.5,Microgravity (~0g),37.3,0.8,3.87,54.4,2022-12-25,NASA Combustion Integrated Rack (CIR) / ACME,https://psi.nasa.gov/investigation/ACME,ACME-CFI flight campaign aboard ISS CIR. Convective air co-flow: 16.8 cm/s.
ACME-BRE-048,ACME-BRE,PSI-ACME-EXT,ACME-BRE-048,Porous Flat Burner (Methane/Heptane Simulated),Burning Rate Emulator,Porous Flat Burner (Methane/Heptane Simulated),16.0,759.8,101.3,30.5,Electric-Field Quenched,,4.7,0.63,14.9,1461.8,Microgravity (~0g),36.6,2.0,2.5,47.3,2021-06-22,NASA Combustion Integrated Rack (CIR) / ACME,https://psi.nasa.gov/investigation/ACME,ACME-BRE flight campaign aboard ISS CIR. Convective air co-flow: 14.9 cm/s.
ACME-BRE-049,ACME-BRE,PSI-ACME-EXT,ACME-BRE-049,Porous Flat Burner (Methane/Heptane Simulated),Burning Rate Emulator,Porous Flat Burner (Methane/Heptane Simulated),21.0,759.8,101.3,37.5,Steady Diffusion Flame,,48.1,0.85,3.2,1562.7,Microgravity (~0g),39.7,1.6,4.32,21.9,2022-02-08,NASA Combustion Integrated Rack (CIR) / ACME,https://psi.nasa.gov/investigation/ACME,ACME-BRE flight campaign aboard ISS CIR. Convective air co-flow: 3.2 cm/s.
ACME-CLD-050,ACME-CLD,PSI-ACME-EXT,ACME-CLD-050,Clear Diluted Laminar Jet Flame,Soot-Free Diffusion Jet,Clear Diluted Laminar Jet Flame,16.0,759.8,101.3,91.0,Soot-Induced Radiative Extinction,,13.7,0.68,5.8,1553.0,Microgravity (~0g),28.6,1.6,4.53,75.3,2021-04-15,NASA Combustion Integrated Rack (CIR) / ACME,https://psi.nasa.gov/investigation/ACME,ACME-CLD flight campaign aboard ISS CIR. Convective air co-flow: 5.8 cm/s.
ACME-CLD-051,ACME-CLD,PSI-ACME-EXT,ACME-CLD-051,Clear Diluted Laminar Jet Flame,Soot-Free Diffusion Jet,Clear Diluted Laminar Jet Flame,18.5,759.8,101.3,67.9,Soot-Induced Radiative Extinction,,43.5,0.66,11.2,1345.1,Microgravity (~0g),29.3,1.2,2.01,72.2,2023-07-06,NASA Combustion Integrated Rack (CIR) / ACME,https://psi.nasa.gov/investigation/ACME,ACME-CLD flight campaign aboard ISS CIR. Convective air co-flow: 11.2 cm/s.
ACME-CFI-052,ACME-CFI,PSI-ACME-EXT,ACME-CFI-052,Ethylene/Air Coflow Laminar Flame,Coflow Laminar Gas Flame,Ethylene/Air Coflow Laminar Flame,21.0,759.8,101.3,85.8,Soot-Induced Radiative Extinction,,13.1,0.55,15.7,1711.5,Microgravity (~0g),29.1,0.6,3.46,86.0,2022-08-23,NASA Combustion Integrated Rack (CIR) / ACME,https://psi.nasa.gov/investigation/ACME,ACME-CFI flight campaign aboard ISS CIR. Convective air co-flow: 15.7 cm/s.
ACME-BRE-053,ACME-BRE,PSI-ACME-EXT,ACME-BRE-053,Porous Flat Burner (Methane/Heptane Simulated),Burning Rate Emulator,Porous Flat Burner (Methane/Heptane Simulated),30.0,759.8,101.3,33.5,Convective Blowoff,,9.9,0.35,27.5,1679.5,Microgravity (~0g),20.1,0.7,2.25,97.9,2021-03-18,NASA Combustion Integrated Rack (CIR) / ACME,https://psi.nasa.gov/investigation/ACME,ACME-BRE flight campaign aboard ISS CIR. Convective air co-flow: 27.5 cm/s.
ACME-CFI-054,ACME-CFI,PSI-ACME-EXT,ACME-CFI-054,Ethylene/Air Coflow Laminar Flame,Coflow Laminar Gas Flame,Ethylene/Air Coflow Laminar Flame,21.0,759.8,101.3,139.5,Electric-Field Quenched,,6.5,0.58,5.9,1770.6,Microgravity (~0g),18.6,1.1,1.58,72.1,2023-02-05,NASA Combustion Integrated Rack (CIR) / ACME,https://psi.nasa.gov/investigation/ACME,ACME-CFI flight campaign aboard ISS CIR. Convective air co-flow: 5.9 cm/s.
ACME-EFIELD-055,ACME-EFIELD,PSI-ACME-EXT,ACME-EFIELD-055,Ionized Methane Diffusion Flame (+5kV),Electrostatic Flame Interaction,Ionized Methane Diffusion Flame (+5kV),25.0,759.8,101.3,85.5,Steady Diffusion Flame,,44.8,0.65,20.2,1551.2,Microgravity (~0g),36.0,1.4,2.74,83.5,2023-01-06,NASA Combustion Integrated Rack (CIR) / ACME,https://psi.nasa.gov/investigation/ACME,ACME-EFIELD flight campaign aboard ISS CIR. Convective air co-flow: 20.2 cm/s.
ACME-CFI-056,ACME-CFI,PSI-ACME-EXT,ACME-CFI-056,Ethylene/Air Coflow Laminar Flame,Coflow Laminar Gas Flame,Ethylene/Air Coflow Laminar Flame,21.0,759.8,101.3,114.1,Soot-Induced Radiative Extinction,,19.3,0.8,22.2,1508.9,Microgravity (~0g),17.5,1.5,3.11,26.3,2021-11-02,NASA Combustion Integrated Rack (CIR) / ACME,https://psi.nasa.gov/investigation/ACME,ACME-CFI flight campaign aboard ISS CIR. Convective air co-flow: 22.2 cm/s.
ACME-BRE-057,ACME-BRE,PSI-ACME-EXT,ACME-BRE-057,Porous Flat Burner (Methane/Heptane Simulated),Burning Rate Emulator,Porous Flat Burner (Methane/Heptane Simulated),18.5,759.8,101.3,74.2,Electric-Field Quenched,,49.1,0.71,8.9,1613.8,Microgravity (~0g),22.0,1.8,3.56,100.1,2022-06-09,NASA Combustion Integrated Rack (CIR) / ACME,https://psi.nasa.gov/investigation/ACME,ACME-BRE flight campaign aboard ISS CIR. Convective air co-flow: 8.9 cm/s.
ACME-CLD-058,ACME-CLD,PSI-ACME-EXT,ACME-CLD-058,Clear Diluted Laminar Jet Flame,Soot-Free Diffusion Jet,Clear Diluted Laminar Jet Flame,25.0,759.8,101.3,98.1,Soot-Induced Radiative Extinction,,39.0,0.4,6.0,1483.9,Microgravity (~0g),26.9,1.8,3.54,117.4,2023-08-22,NASA Combustion Integrated Rack (CIR) / ACME,https://psi.nasa.gov/investigation/ACME,ACME-CLD flight campaign aboard ISS CIR. Convective air co-flow: 6.0 cm/s.
ACME-CLD-059,ACME-CLD,PSI-ACME-EXT,ACME-CLD-059,Clear Diluted Laminar Jet Flame,Soot-Free Diffusion Jet,Clear Diluted Laminar Jet Flame,21.0,759.8,101.3,106.3,Convective Blowoff,,11.5,0.26,28.4,1414.4,Microgravity (~0g),34.4,1.7,4.32,19.8,2020-05-25,NASA Combustion Integrated Rack (CIR) / ACME,https://psi.nasa.gov/investigation/ACME,ACME-CLD flight campaign aboard ISS CIR. Convective air co-flow: 28.4 cm/s.
ACME-CLD-060,ACME-CLD,PSI-ACME-EXT,ACME-CLD-060,Clear Diluted Laminar Jet Flame,Soot-Free Diffusion Jet,Clear Diluted Laminar Jet Flame,21.0,759.8,101.3,29.3,Electric-Field Quenched,,25.2,0.38,5.1,1532.2,Microgravity (~0g),39.6,1.4,3.14,104.3,2021-02-15,NASA Combustion Integrated Rack (CIR) / ACME,https://psi.nasa.gov/investigation/ACME,ACME-CLD flight campaign aboard ISS CIR. Convective air co-flow: 5.1 cm/s.
STD6001-EXT-001,NASA-STD-6001,NASA-STD-6001-EXT,STD6001-EXT-001,Beta Cloth (PTFE / Woven Glass),Thermal Protection Multilayer,Beta Cloth (PTFE / Woven Glass),28.0,527.3,70.3,27.9,Pass (Self-Extinguishing < 15cm),,12.7,0.51,0.0,1718.4,Earth Gravity (1g Test Chamber for Flight Certification),50.0,5.0,1.34,111.4,2021-01-21,NASA White Sands Test Facility (WSTF) Standard Material Database,https://www.nasa.gov/white-sands-test-facility/,NASA-STD-6001 Upward Flame Propagation Test 1. Atmosphere: 28.0% O2 at 70.3 kPa.
STD6001-EXT-002,NASA-STD-6001,NASA-STD-6001-EXT,STD6001-EXT-002,Velcro Hook/Loop Fastener,Polyester Fastener System,Velcro Hook/Loop Fastener,30.0,759.8,101.3,29.1,Conditional Pass,,12.7,1.18,0.0,1111.3,Earth Gravity (1g Test Chamber for Flight Certification),50.0,5.0,0.4,74.9,2020-01-23,NASA White Sands Test Facility (WSTF) Standard Material Database,https://www.nasa.gov/white-sands-test-facility/,NASA-STD-6001 Upward Flame Propagation Test 1. Atmosphere: 30.0% O2 at 101.3 kPa.
STD6001-EXT-003,NASA-STD-6001,NASA-STD-6001-EXT,STD6001-EXT-003,Kevlar 29 Aramid Fabric,Impact Shielding Fiber,Kevlar 29 Aramid Fabric,34.0,759.8,101.3,53.6,Fail (Burned > 15cm),,12.7,1.07,0.0,1404.1,Earth Gravity (1g Test Chamber for Flight Certification),50.0,5.0,2.46,136.2,2022-12-11,NASA White Sands Test Facility (WSTF) Standard Material Database,https://www.nasa.gov/white-sands-test-facility/,NASA-STD-6001 Upward Flame Propagation Test 1. Atmosphere: 34.0% O2 at 101.3 kPa.
STD6001-EXT-004,NASA-STD-6001,NASA-STD-6001-EXT,STD6001-EXT-004,Velcro Hook/Loop Fastener,Polyester Fastener System,Velcro Hook/Loop Fastener,21.0,423.8,56.5,27.0,Pass (Self-Extinguishing < 15cm),,12.7,1.04,0.0,1149.5,Earth Gravity (1g Test Chamber for Flight Certification),50.0,5.0,1.5,92.9,2024-06-09,NASA White Sands Test Facility (WSTF) Standard Material Database,https://www.nasa.gov/white-sands-test-facility/,NASA-STD-6001 Upward Flame Propagation Test 1. Atmosphere: 21.0% O2 at 56.5 kPa.
STD6001-EXT-005,NASA-STD-6001,NASA-STD-6001-EXT,STD6001-EXT-005,Tefzel ETFE Film,Fluoropolymer Wire Wrap,Tefzel ETFE Film,34.0,527.3,70.3,52.1,Fail (Burned > 15cm),,12.7,1.25,0.0,1284.7,Earth Gravity (1g Test Chamber for Flight Certification),50.0,5.0,2.1,92.8,2022-08-06,NASA White Sands Test Facility (WSTF) Standard Material Database,https://www.nasa.gov/white-sands-test-facility/,NASA-STD-6001 Upward Flame Propagation Test 1. Atmosphere: 34.0% O2 at 70.3 kPa.
STD6001-EXT-006,NASA-STD-6001,NASA-STD-6001-EXT,STD6001-EXT-006,Kevlar 29 Aramid Fabric,Impact Shielding Fiber,Kevlar 29 Aramid Fabric,34.0,423.8,56.5,55.9,Fail (Burned > 15cm),,12.7,1.69,0.0,1514.8,Earth Gravity (1g Test Chamber for Flight Certification),50.0,5.0,2.44,111.7,2020-08-18,NASA White Sands Test Facility (WSTF) Standard Material Database,https://www.nasa.gov/white-sands-test-facility/,NASA-STD-6001 Upward Flame Propagation Test 1. Atmosphere: 34.0% O2 at 56.5 kPa.
STD6001-EXT-007,NASA-STD-6001,NASA-STD-6001-EXT,STD6001-EXT-007,RTV 560 Silicone Elastomer,Spacecraft Potting Silicone,RTV 560 Silicone Elastomer,28.0,759.8,101.3,53.1,Conditional Pass,,12.7,0.15,0.0,1278.2,Earth Gravity (1g Test Chamber for Flight Certification),50.0,5.0,2.42,111.1,2021-05-10,NASA White Sands Test Facility (WSTF) Standard Material Database,https://www.nasa.gov/white-sands-test-facility/,NASA-STD-6001 Upward Flame Propagation Test 1. Atmosphere: 28.0% O2 at 101.3 kPa.
STD6001-EXT-008,NASA-STD-6001,NASA-STD-6001-EXT,STD6001-EXT-008,Velcro Hook/Loop Fastener,Polyester Fastener System,Velcro Hook/Loop Fastener,40.0,423.8,56.5,46.3,Fail (Burned > 15cm),,12.7,1.16,0.0,1270.9,Earth Gravity (1g Test Chamber for Flight Certification),50.0,5.0,1.94,35.0,2024-07-05,NASA White Sands Test Facility (WSTF) Standard Material Database,https://www.nasa.gov/white-sands-test-facility/,NASA-STD-6001 Upward Flame Propagation Test 1. Atmosphere: 40.0% O2 at 56.5 kPa.
STD6001-EXT-009,NASA-STD-6001,NASA-STD-6001-EXT,STD6001-EXT-009,Velcro Hook/Loop Fastener,Polyester Fastener System,Velcro Hook/Loop Fastener,30.0,527.3,70.3,26.0,Conditional Pass,,12.7,0.2,0.0,1245.9,Earth Gravity (1g Test Chamber for Flight Certification),50.0,5.0,0.49,67.0,2023-01-23,NASA White Sands Test Facility (WSTF) Standard Material Database,https://www.nasa.gov/white-sands-test-facility/,NASA-STD-6001 Upward Flame Propagation Test 1. Atmosphere: 30.0% O2 at 70.3 kPa.
STD6001-EXT-010,NASA-STD-6001,NASA-STD-6001-EXT,STD6001-EXT-010,Velcro Hook/Loop Fastener,Polyester Fastener System,Velcro Hook/Loop Fastener,30.0,423.8,56.5,22.5,Conditional Pass,,12.7,0.06,0.0,1340.2,Earth Gravity (1g Test Chamber for Flight Certification),50.0,5.0,1.09,128.6,2023-06-16,NASA White Sands Test Facility (WSTF) Standard Material Database,https://www.nasa.gov/white-sands-test-facility/,NASA-STD-6001 Upward Flame Propagation Test 1. Atmosphere: 30.0% O2 at 56.5 kPa.
STD6001-EXT-011,NASA-STD-6001,NASA-STD-6001-EXT,STD6001-EXT-011,Kevlar 29 Aramid Fabric,Impact Shielding Fiber,Kevlar 29 Aramid Fabric,24.1,759.8,101.3,30.3,Pass (Self-Extinguishing < 15cm),,12.7,0.63,0.0,1412.1,Earth Gravity (1g Test Chamber for Flight Certification),50.0,5.0,1.17,63.6,2020-03-17,NASA White Sands Test Facility (WSTF) Standard Material Database,https://www.nasa.gov/white-sands-test-facility/,NASA-STD-6001 Upward Flame Propagation Test 1. Atmosphere: 24.1% O2 at 101.3 kPa.
STD6001-EXT-012,NASA-STD-6001,NASA-STD-6001-EXT,STD6001-EXT-012,Tefzel ETFE Film,Fluoropolymer Wire Wrap,Tefzel ETFE Film,24.1,527.3,70.3,26.8,Pass (Self-Extinguishing < 15cm),,12.7,1.61,0.0,1349.8,Earth Gravity (1g Test Chamber for Flight Certification),50.0,5.0,1.23,131.7,2022-08-09,NASA White Sands Test Facility (WSTF) Standard Material Database,https://www.nasa.gov/white-sands-test-facility/,NASA-STD-6001 Upward Flame Propagation Test 1. Atmosphere: 24.1% O2 at 70.3 kPa.
STD6001-EXT-013,NASA-STD-6001,NASA-STD-6001-EXT,STD6001-EXT-013,RTV 560 Silicone Elastomer,Spacecraft Potting Silicone,RTV 560 Silicone Elastomer,21.0,527.3,70.3,5.3,Pass (Self-Extinguishing < 15cm),,12.7,1.47,0.0,1289.5,Earth Gravity (1g Test Chamber for Flight Certification),50.0,5.0,2.16,117.4,2021-10-22,NASA White Sands Test Facility (WSTF) Standard Material Database,https://www.nasa.gov/white-sands-test-facility/,NASA-STD-6001 Upward Flame Propagation Test 1. Atmosphere: 21.0% O2 at 70.3 kPa.
STD6001-EXT-014,NASA-STD-6001,NASA-STD-6001-EXT,STD6001-EXT-014,Torlon 4203 (Polyamide-imide),High-Strength Polyimide,Torlon 4203 (Polyamide-imide),30.0,759.8,101.3,44.3,Pass (Self-Extinguishing < 15cm),,12.7,0.25,0.0,1523.9,Earth Gravity (1g Test Chamber for Flight Certification),50.0,5.0,1.37,96.1,2022-08-13,NASA White Sands Test Facility (WSTF) Standard Material Database,https://www.nasa.gov/white-sands-test-facility/,NASA-STD-6001 Upward Flame Propagation Test 1. Atmosphere: 30.0% O2 at 101.3 kPa.
STD6001-EXT-015,NASA-STD-6001,NASA-STD-6001-EXT,STD6001-EXT-015,Velcro Hook/Loop Fastener,Polyester Fastener System,Velcro Hook/Loop Fastener,28.0,759.8,101.3,37.2,Conditional Pass,,12.7,1.22,0.0,1140.7,Earth Gravity (1g Test Chamber for Flight Certification),50.0,5.0,1.3,166.3,2023-08-13,NASA White Sands Test Facility (WSTF) Standard Material Database,https://www.nasa.gov/white-sands-test-facility/,NASA-STD-6001 Upward Flame Propagation Test 1. Atmosphere: 28.0% O2 at 101.3 kPa.
STD6001-EXT-016,NASA-STD-6001,NASA-STD-6001-EXT,STD6001-EXT-016,Beta Cloth (PTFE / Woven Glass),Thermal Protection Multilayer,Beta Cloth (PTFE / Woven Glass),40.0,759.8,101.3,42.3,Pass (Self-Extinguishing < 15cm),,12.7,1.68,0.0,1819.8,Earth Gravity (1g Test Chamber for Flight Certification),50.0,5.0,0.35,169.5,2022-09-05,NASA White Sands Test Facility (WSTF) Standard Material Database,https://www.nasa.gov/white-sands-test-facility/,NASA-STD-6001 Upward Flame Propagation Test 1. Atmosphere: 40.0% O2 at 101.3 kPa.
STD6001-EXT-017,NASA-STD-6001,NASA-STD-6001-EXT,STD6001-EXT-017,Kevlar 29 Aramid Fabric,Impact Shielding Fiber,Kevlar 29 Aramid Fabric,30.0,423.8,56.5,7.6,Conditional Pass,,12.7,0.96,0.0,1381.0,Earth Gravity (1g Test Chamber for Flight Certification),50.0,5.0,1.23,83.2,2023-09-25,NASA White Sands Test Facility (WSTF) Standard Material Database,https://www.nasa.gov/white-sands-test-facility/,NASA-STD-6001 Upward Flame Propagation Test 1. Atmosphere: 30.0% O2 at 56.5 kPa.
STD6001-EXT-018,NASA-STD-6001,NASA-STD-6001-EXT,STD6001-EXT-018,RTV 560 Silicone Elastomer,Spacecraft Potting Silicone,RTV 560 Silicone Elastomer,30.0,423.8,56.5,40.9,Conditional Pass,,12.7,1.38,0.0,1366.2,Earth Gravity (1g Test Chamber for Flight Certification),50.0,5.0,1.59,46.5,2020-01-12,NASA White Sands Test Facility (WSTF) Standard Material Database,https://www.nasa.gov/white-sands-test-facility/,NASA-STD-6001 Upward Flame Propagation Test 1. Atmosphere: 30.0% O2 at 56.5 kPa.
STD6001-EXT-019,NASA-STD-6001,NASA-STD-6001-EXT,STD6001-EXT-019,Beta Cloth (PTFE / Woven Glass),Thermal Protection Multilayer,Beta Cloth (PTFE / Woven Glass),34.0,759.8,101.3,40.8,Pass (Self-Extinguishing < 15cm),,12.7,1.7,0.0,1847.1,Earth Gravity (1g Test Chamber for Flight Certification),50.0,5.0,1.94,82.7,2021-08-23,NASA White Sands Test Facility (WSTF) Standard Material Database,https://www.nasa.gov/white-sands-test-facility/,NASA-STD-6001 Upward Flame Propagation Test 1. Atmosphere: 34.0% O2 at 101.3 kPa.
STD6001-EXT-020,NASA-STD-6001,NASA-STD-6001-EXT,STD6001-EXT-020,Beta Cloth (PTFE / Woven Glass),Thermal Protection Multilayer,Beta Cloth (PTFE / Woven Glass),34.0,527.3,70.3,21.2,Pass (Self-Extinguishing < 15cm),,12.7,1.45,0.0,1806.5,Earth Gravity (1g Test Chamber for Flight Certification),50.0,5.0,0.46,98.4,2021-11-20,NASA White Sands Test Facility (WSTF) Standard Material Database,https://www.nasa.gov/white-sands-test-facility/,NASA-STD-6001 Upward Flame Propagation Test 1. Atmosphere: 34.0% O2 at 70.3 kPa.
STD6001-EXT-021,NASA-STD-6001,NASA-STD-6001-EXT,STD6001-EXT-021,Kevlar 29 Aramid Fabric,Impact Shielding Fiber,Kevlar 29 Aramid Fabric,24.1,759.8,101.3,33.3,Pass (Self-Extinguishing < 15cm),,12.7,1.39,0.0,1446.3,Earth Gravity (1g Test Chamber for Flight Certification),50.0,5.0,2.26,131.0,2020-05-11,NASA White Sands Test Facility (WSTF) Standard Material Database,https://www.nasa.gov/white-sands-test-facility/,NASA-STD-6001 Upward Flame Propagation Test 1. Atmosphere: 24.1% O2 at 101.3 kPa.
STD6001-EXT-022,NASA-STD-6001,NASA-STD-6001-EXT,STD6001-EXT-022,RTV 560 Silicone Elastomer,Spacecraft Potting Silicone,RTV 560 Silicone Elastomer,21.0,527.3,70.3,24.3,Pass (Self-Extinguishing < 15cm),,12.7,1.12,0.0,1257.2,Earth Gravity (1g Test Chamber for Flight Certification),50.0,5.0,1.24,203.9,2023-03-14,NASA White Sands Test Facility (WSTF) Standard Material Database,https://www.nasa.gov/white-sands-test-facility/,NASA-STD-6001 Upward Flame Propagation Test 1. Atmosphere: 21.0% O2 at 70.3 kPa.
STD6001-EXT-023,NASA-STD-6001,NASA-STD-6001-EXT,STD6001-EXT-023,Kevlar 29 Aramid Fabric,Impact Shielding Fiber,Kevlar 29 Aramid Fabric,34.0,527.3,70.3,29.9,Fail (Burned > 15cm),,12.7,0.21,0.0,1576.9,Earth Gravity (1g Test Chamber for Flight Certification),50.0,5.0,0.32,119.4,2020-05-10,NASA White Sands Test Facility (WSTF) Standard Material Database,https://www.nasa.gov/white-sands-test-facility/,NASA-STD-6001 Upward Flame Propagation Test 1. Atmosphere: 34.0% O2 at 70.3 kPa.
STD6001-EXT-024,NASA-STD-6001,NASA-STD-6001-EXT,STD6001-EXT-024,Torlon 4203 (Polyamide-imide),High-Strength Polyimide,Torlon 4203 (Polyamide-imide),24.1,423.8,56.5,14.2,Pass (Self-Extinguishing < 15cm),,12.7,1.28,0.0,1638.2,Earth Gravity (1g Test Chamber for Flight Certification),50.0,5.0,1.33,124.2,2024-05-25,NASA White Sands Test Facility (WSTF) Standard Material Database,https://www.nasa.gov/white-sands-test-facility/,NASA-STD-6001 Upward Flame Propagation Test 1. Atmosphere: 24.1% O2 at 56.5 kPa.
STD6001-EXT-025,NASA-STD-6001,NASA-STD-6001-EXT,STD6001-EXT-025,PEEK (Polyetheretherketone),Aerospace High-Temp Polymer,PEEK (Polyetheretherketone),30.0,527.3,70.3,42.3,Conditional Pass,,12.7,1.42,0.0,1518.1,Earth Gravity (1g Test Chamber for Flight Certification),50.0,5.0,1.71,181.4,2024-08-23,NASA White Sands Test Facility (WSTF) Standard Material Database,https://www.nasa.gov/white-sands-test-facility/,NASA-STD-6001 Upward Flame Propagation Test 1. Atmosphere: 30.0% O2 at 70.3 kPa.
STD6001-EXT-026,NASA-STD-6001,NASA-STD-6001-EXT,STD6001-EXT-026,RTV 560 Silicone Elastomer,Spacecraft Potting Silicone,RTV 560 Silicone Elastomer,24.1,759.8,101.3,44.1,Pass (Self-Extinguishing < 15cm),,12.7,1.0,0.0,1402.5,Earth Gravity (1g Test Chamber for Flight Certification),50.0,5.0,1.28,184.4,2024-05-23,NASA White Sands Test Facility (WSTF) Standard Material Database,https://www.nasa.gov/white-sands-test-facility/,NASA-STD-6001 Upward Flame Propagation Test 1. Atmosphere: 24.1% O2 at 101.3 kPa.
STD6001-EXT-027,NASA-STD-6001,NASA-STD-6001-EXT,STD6001-EXT-027,Beta Cloth (PTFE / Woven Glass),Thermal Protection Multilayer,Beta Cloth (PTFE / Woven Glass),28.0,759.8,101.3,30.2,Pass (Self-Extinguishing < 15cm),,12.7,1.6,0.0,1807.7,Earth Gravity (1g Test Chamber for Flight Certification),50.0,5.0,1.98,187.4,2020-10-21,NASA White Sands Test Facility (WSTF) Standard Material Database,https://www.nasa.gov/white-sands-test-facility/,NASA-STD-6001 Upward Flame Propagation Test 1. Atmosphere: 28.0% O2 at 101.3 kPa.
STD6001-EXT-028,NASA-STD-6001,NASA-STD-6001-EXT,STD6001-EXT-028,Beta Cloth (PTFE / Woven Glass),Thermal Protection Multilayer,Beta Cloth (PTFE / Woven Glass),21.0,527.3,70.3,37.9,Pass (Self-Extinguishing < 15cm),,12.7,0.68,0.0,1641.7,Earth Gravity (1g Test Chamber for Flight Certification),50.0,5.0,0.84,150.5,2020-05-06,NASA White Sands Test Facility (WSTF) Standard Material Database,https://www.nasa.gov/white-sands-test-facility/,NASA-STD-6001 Upward Flame Propagation Test 1. Atmosphere: 21.0% O2 at 70.3 kPa.
STD6001-EXT-029,NASA-STD-6001,NASA-STD-6001-EXT,STD6001-EXT-029,RTV 560 Silicone Elastomer,Spacecraft Potting Silicone,RTV 560 Silicone Elastomer,24.1,759.8,101.3,53.4,Pass (Self-Extinguishing < 15cm),,12.7,0.25,0.0,1241.5,Earth Gravity (1g Test Chamber for Flight Certification),50.0,5.0,0.98,182.1,2020-12-13,NASA White Sands Test Facility (WSTF) Standard Material Database,https://www.nasa.gov/white-sands-test-facility/,NASA-STD-6001 Upward Flame Propagation Test 1. Atmosphere: 24.1% O2 at 101.3 kPa.
STD6001-EXT-030,NASA-STD-6001,NASA-STD-6001-EXT,STD6001-EXT-030,PEEK (Polyetheretherketone),Aerospace High-Temp Polymer,PEEK (Polyetheretherketone),24.1,423.8,56.5,19.7,Pass (Self-Extinguishing < 15cm),,12.7,0.47,0.0,1467.0,Earth Gravity (1g Test Chamber for Flight Certification),50.0,5.0,0.89,48.6,2022-02-26,NASA White Sands Test Facility (WSTF) Standard Material Database,https://www.nasa.gov/white-sands-test-facility/,NASA-STD-6001 Upward Flame Propagation Test 1. Atmosphere: 24.1% O2 at 56.5 kPa.
STD6001-EXT-031,NASA-STD-6001,NASA-STD-6001-EXT,STD6001-EXT-031,Velcro Hook/Loop Fastener,Polyester Fastener System,Velcro Hook/Loop Fastener,21.0,759.8,101.3,44.6,Pass (Self-Extinguishing < 15cm),,12.7,0.7,0.0,1242.9,Earth Gravity (1g Test Chamber for Flight Certification),50.0,5.0,1.58,49.2,2024-04-22,NASA White Sands Test Facility (WSTF) Standard Material Database,https://www.nasa.gov/white-sands-test-facility/,NASA-STD-6001 Upward Flame Propagation Test 1. Atmosphere: 21.0% O2 at 101.3 kPa.
STD6001-EXT-032,NASA-STD-6001,NASA-STD-6001-EXT,STD6001-EXT-032,RTV 560 Silicone Elastomer,Spacecraft Potting Silicone,RTV 560 Silicone Elastomer,21.0,527.3,70.3,59.9,Pass (Self-Extinguishing < 15cm),,12.7,1.1,0.0,1359.7,Earth Gravity (1g Test Chamber for Flight Certification),50.0,5.0,1.47,117.4,2022-05-27,NASA White Sands Test Facility (WSTF) Standard Material Database,https://www.nasa.gov/white-sands-test-facility/,NASA-STD-6001 Upward Flame Propagation Test 1. Atmosphere: 21.0% O2 at 70.3 kPa.
STD6001-EXT-033,NASA-STD-6001,NASA-STD-6001-EXT,STD6001-EXT-033,RTV 560 Silicone Elastomer,Spacecraft Potting Silicone,RTV 560 Silicone Elastomer,28.0,423.8,56.5,48.5,Conditional Pass,,12.7,1.35,0.0,1290.0,Earth Gravity (1g Test Chamber for Flight Certification),50.0,5.0,2.4,208.5,2022-07-12,NASA White Sands Test Facility (WSTF) Standard Material Database,https://www.nasa.gov/white-sands-test-facility/,NASA-STD-6001 Upward Flame Propagation Test 1. Atmosphere: 28.0% O2 at 56.5 kPa.
STD6001-EXT-034,NASA-STD-6001,NASA-STD-6001-EXT,STD6001-EXT-034,RTV 560 Silicone Elastomer,Spacecraft Potting Silicone,RTV 560 Silicone Elastomer,24.1,527.3,70.3,25.1,Pass (Self-Extinguishing < 15cm),,12.7,0.41,0.0,1302.1,Earth Gravity (1g Test Chamber for Flight Certification),50.0,5.0,2.37,67.2,2020-11-19,NASA White Sands Test Facility (WSTF) Standard Material Database,https://www.nasa.gov/white-sands-test-facility/,NASA-STD-6001 Upward Flame Propagation Test 1. Atmosphere: 24.1% O2 at 70.3 kPa.
STD6001-EXT-035,NASA-STD-6001,NASA-STD-6001-EXT,STD6001-EXT-035,Torlon 4203 (Polyamide-imide),High-Strength Polyimide,Torlon 4203 (Polyamide-imide),30.0,527.3,70.3,50.0,Pass (Self-Extinguishing < 15cm),,12.7,0.95,0.0,1619.6,Earth Gravity (1g Test Chamber for Flight Certification),50.0,5.0,1.31,24.7,2024-05-22,NASA White Sands Test Facility (WSTF) Standard Material Database,https://www.nasa.gov/white-sands-test-facility/,NASA-STD-6001 Upward Flame Propagation Test 1. Atmosphere: 30.0% O2 at 70.3 kPa.
STD6001-EXT-036,NASA-STD-6001,NASA-STD-6001-EXT,STD6001-EXT-036,Beta Cloth (PTFE / Woven Glass),Thermal Protection Multilayer,Beta Cloth (PTFE / Woven Glass),28.0,759.8,101.3,40.2,Pass (Self-Extinguishing < 15cm),,12.7,0.63,0.0,1839.3,Earth Gravity (1g Test Chamber for Flight Certification),50.0,5.0,1.99,48.4,2021-10-20,NASA White Sands Test Facility (WSTF) Standard Material Database,https://www.nasa.gov/white-sands-test-facility/,NASA-STD-6001 Upward Flame Propagation Test 1. Atmosphere: 28.0% O2 at 101.3 kPa.
STD6001-EXT-037,NASA-STD-6001,NASA-STD-6001-EXT,STD6001-EXT-037,Tefzel ETFE Film,Fluoropolymer Wire Wrap,Tefzel ETFE Film,24.1,759.8,101.3,26.6,Pass (Self-Extinguishing < 15cm),,12.7,1.55,0.0,1437.3,Earth Gravity (1g Test Chamber for Flight Certification),50.0,5.0,1.79,59.4,2024-01-09,NASA White Sands Test Facility (WSTF) Standard Material Database,https://www.nasa.gov/white-sands-test-facility/,NASA-STD-6001 Upward Flame Propagation Test 1. Atmosphere: 24.1% O2 at 101.3 kPa.
STD6001-EXT-038,NASA-STD-6001,NASA-STD-6001-EXT,STD6001-EXT-038,Tefzel ETFE Film,Fluoropolymer Wire Wrap,Tefzel ETFE Film,40.0,423.8,56.5,57.2,Fail (Burned > 15cm),,12.7,1.72,0.0,1305.1,Earth Gravity (1g Test Chamber for Flight Certification),50.0,5.0,1.82,118.2,2020-07-21,NASA White Sands Test Facility (WSTF) Standard Material Database,https://www.nasa.gov/white-sands-test-facility/,NASA-STD-6001 Upward Flame Propagation Test 1. Atmosphere: 40.0% O2 at 56.5 kPa.
STD6001-EXT-039,NASA-STD-6001,NASA-STD-6001-EXT,STD6001-EXT-039,Kevlar 29 Aramid Fabric,Impact Shielding Fiber,Kevlar 29 Aramid Fabric,24.1,759.8,101.3,46.8,Pass (Self-Extinguishing < 15cm),,12.7,0.26,0.0,1498.1,Earth Gravity (1g Test Chamber for Flight Certification),50.0,5.0,0.51,189.8,2020-09-16,NASA White Sands Test Facility (WSTF) Standard Material Database,https://www.nasa.gov/white-sands-test-facility/,NASA-STD-6001 Upward Flame Propagation Test 1. Atmosphere: 24.1% O2 at 101.3 kPa.
STD6001-EXT-040,NASA-STD-6001,NASA-STD-6001-EXT,STD6001-EXT-040,Kevlar 29 Aramid Fabric,Impact Shielding Fiber,Kevlar 29 Aramid Fabric,24.1,423.8,56.5,25.0,Pass (Self-Extinguishing < 15cm),,12.7,0.07,0.0,1594.1,Earth Gravity (1g Test Chamber for Flight Certification),50.0,5.0,0.87,36.0,2022-11-01,NASA White Sands Test Facility (WSTF) Standard Material Database,https://www.nasa.gov/white-sands-test-facility/,NASA-STD-6001 Upward Flame Propagation Test 1. Atmosphere: 24.1% O2 at 56.5 kPa.
STD6001-EXT-041,NASA-STD-6001,NASA-STD-6001-EXT,STD6001-EXT-041,Kevlar 29 Aramid Fabric,Impact Shielding Fiber,Kevlar 29 Aramid Fabric,34.0,527.3,70.3,41.9,Fail (Burned > 15cm),,12.7,0.09,0.0,1353.7,Earth Gravity (1g Test Chamber for Flight Certification),50.0,5.0,1.08,183.1,2020-05-08,NASA White Sands Test Facility (WSTF) Standard Material Database,https://www.nasa.gov/white-sands-test-facility/,NASA-STD-6001 Upward Flame Propagation Test 1. Atmosphere: 34.0% O2 at 70.3 kPa.
STD6001-EXT-042,NASA-STD-6001,NASA-STD-6001-EXT,STD6001-EXT-042,Kevlar 29 Aramid Fabric,Impact Shielding Fiber,Kevlar 29 Aramid Fabric,34.0,527.3,70.3,57.2,Fail (Burned > 15cm),,12.7,0.65,0.0,1463.1,Earth Gravity (1g Test Chamber for Flight Certification),50.0,5.0,1.37,115.0,2024-12-10,NASA White Sands Test Facility (WSTF) Standard Material Database,https://www.nasa.gov/white-sands-test-facility/,NASA-STD-6001 Upward Flame Propagation Test 1. Atmosphere: 34.0% O2 at 70.3 kPa.
STD6001-EXT-043,NASA-STD-6001,NASA-STD-6001-EXT,STD6001-EXT-043,Velcro Hook/Loop Fastener,Polyester Fastener System,Velcro Hook/Loop Fastener,28.0,759.8,101.3,26.5,Conditional Pass,,12.7,1.46,0.0,1318.9,Earth Gravity (1g Test Chamber for Flight Certification),50.0,5.0,1.47,71.2,2021-10-28,NASA White Sands Test Facility (WSTF) Standard Material Database,https://www.nasa.gov/white-sands-test-facility/,NASA-STD-6001 Upward Flame Propagation Test 1. Atmosphere: 28.0% O2 at 101.3 kPa.
STD6001-EXT-044,NASA-STD-6001,NASA-STD-6001-EXT,STD6001-EXT-044,RTV 560 Silicone Elastomer,Spacecraft Potting Silicone,RTV 560 Silicone Elastomer,28.0,423.8,56.5,25.8,Conditional Pass,,12.7,1.42,0.0,1378.4,Earth Gravity (1g Test Chamber for Flight Certification),50.0,5.0,0.69,163.0,2023-10-26,NASA White Sands Test Facility (WSTF) Standard Material Database,https://www.nasa.gov/white-sands-test-facility/,NASA-STD-6001 Upward Flame Propagation Test 1. Atmosphere: 28.0% O2 at 56.5 kPa.
STD6001-EXT-045,NASA-STD-6001,NASA-STD-6001-EXT,STD6001-EXT-045,RTV 560 Silicone Elastomer,Spacecraft Potting Silicone,RTV 560 Silicone Elastomer,28.0,423.8,56.5,19.4,Conditional Pass,,12.7,0.12,0.0,1311.5,Earth Gravity (1g Test Chamber for Flight Certification),50.0,5.0,1.07,186.7,2023-11-20,NASA White Sands Test Facility (WSTF) Standard Material Database,https://www.nasa.gov/white-sands-test-facility/,NASA-STD-6001 Upward Flame Propagation Test 1. Atmosphere: 28.0% O2 at 56.5 kPa.
